2026-04-16 16:32:03.534 INFO version: 0.2.19-inner-dev
2026-04-16 16:32:03.536 INFO v8 heap_size_limit: 13360 MB
2026-04-16 16:32:03.536 INFO main file:/snapshot/YASA-Engine/dist/main.js
2026-04-16 16:32:03.536 INFO [YASA] Begin execution
2026-04-16 16:32:03.538 INFO [YASA][init] Specified checker IDs: [taint_flow_test]
2026-04-16 16:32:03.538 INFO [YASA][init] Source path: /Users/infinite/Downloads/yasa-macos-arm64/ant-application-security-testing-benchmark/
2026-04-16 16:32:03.596 INFO language or analyzer must be set
2026-04-16 16:32:03.599 INFO [YASA] Execution completed, cost: 63ms, heap: 30.18/42.48 MB, rss: 96.19 MB, arrayBuffers: 2.21 MB
2026-04-16 16:32:19.492 INFO version: 0.2.19-inner-dev
2026-04-16 16:32:19.494 INFO v8 heap_size_limit: 13360 MB
2026-04-16 16:32:19.494 INFO main file:/snapshot/YASA-Engine/dist/main.js
2026-04-16 16:32:19.495 INFO [YASA] Begin execution
2026-04-16 16:32:19.498 INFO [YASA][init] Specified checker IDs: [taint_flow_test]
2026-04-16 16:32:19.498 INFO [YASA][init] Using rule config file: /Users/infinite/Downloads/yasa-macos-arm64/example-rule-config/rule_config_test.json
2026-04-16 16:32:19.498 INFO [YASA][init] Source path: /Users/infinite/Downloads/yasa-macos-arm64/ant-application-security-testing-benchmark/
2026-04-16 16:32:19.552 INFO detect Javascript's Analyzer failed, use default JavaScriptAnalyzer
2026-04-16 16:32:19.552 INFO [YASA][init] Analysis language: javascript
2026-04-16 16:32:19.553 INFO [YASA][init] Analysis analyzer: JavaScriptAnalyzer
2026-04-16 16:32:19.562 INFO [YASA][init] Loading checker: taint_flow_test from /snapshot/YASA-Engine/dist/checker/taint/test-taint-checker.js
2026-04-16 16:32:19.564 INFO [YASA][init] Successfully loaded 1 checker(s): [taint_flow_test]
2026-04-16 16:32:19.568 INFO [YASA] Executing preProcess
2026-04-16 16:32:19.571 INFO [YASA][preProcess] Executing parseCode
2026-04-16 16:32:19.819 INFO [YASA][preProcess][parseCode] Auto-calculated 4 workers from 10 CPU cores (min(10*0.4,16) = 4)
2026-04-16 16:32:22.878 INFO [YASA][preProcess][parseCode] Work time: W0:1757ms, W1:1416ms, W2:1472ms, W3:1705ms
2026-04-16 16:32:22.885 INFO [YASA][preProcess] Completed parseCode, cost: 3314ms, heap: 56.55/84.23 MB, rss: 120.69 MB, arrayBuffers: 0.11 MB
2026-04-16 16:32:22.885 INFO [YASA][preProcess] Executing processModule
2026-04-16 16:32:26.858 INFO [YASA][preProcess] Completed processModule, cost: 3973ms, heap: 226.93/249.2 MB, rss: 299.66 MB, arrayBuffers: 0.02 MB
2026-04-16 16:32:26.858 INFO [YASA] Completed preProcess, cost: 7290ms, heap: 226.94/249.2 MB, rss: 299.66 MB, arrayBuffers: 0.02 MB
2026-04-16 16:32:26.858 INFO [YASA] Executing startAnalyze
2026-04-16 16:32:26.858 INFO [YASA][startAnalyze] Executing makeFullCallGraph(BySymbolInterpret)
2026-04-16 16:32:26.871 INFO makeAllCG-start
2026-04-16 16:32:29.046 INFO 	makeAllCG-10%
2026-04-16 16:32:30.128 INFO 	makeAllCG-30%
2026-04-16 16:32:30.720 INFO 	makeAllCG-70%
2026-04-16 16:32:31.664 INFO 	makeAllCG-100%
2026-04-16 16:32:31.664 INFO [YASA][startAnalyze] Completed makeFullCallGraph(BySymbolInterpret), cost: 4806ms, heap: 290.5/319.41 MB, rss: 372.69 MB, arrayBuffers: 0.02 MB
2026-04-16 16:32:33.328 INFO [YASA] Completed startAnalyze, cost: 6470ms, heap: 292.25/319.41 MB, rss: 372.75 MB, arrayBuffers: 0.02 MB
2026-04-16 16:32:33.328 INFO [YASA] Executing symbolInterpret
2026-04-16 16:32:33.328 INFO EntryPoint [/Users/infinite/Downloads/yasa-macos-arm64/ant-application-security-testing-benchmark/sast-php/calculate-maturity.ts] is executing 
2026-04-16 16:32:34.449 INFO EntryPoint [/Users/infinite/Downloads/yasa-macos-arm64/ant-application-security-testing-benchmark/sast-php/generate-config.ts] is executing 
2026-04-16 16:32:36.939 INFO EntryPoint [/Users/infinite/Downloads/yasa-macos-arm64/ant-application-security-testing-benchmark/sast-js/case/accuracy/context_sensitive/argument_return_value_passing/argument_passing_value_001_T.js] is executing 
2026-04-16 16:32:36.942 INFO EntryPoint [/Users/infinite/Downloads/yasa-macos-arm64/ant-application-security-testing-benchmark/sast-js/case/accuracy/context_sensitive/argument_return_value_passing/argument_passing_value_002_F.js] is executing 
2026-04-16 16:32:36.944 INFO EntryPoint [/Users/infinite/Downloads/yasa-macos-arm64/ant-application-security-testing-benchmark/sast-js/case/accuracy/context_sensitive/argument_return_value_passing/argument_passing_value_003_T.js] is executing 
2026-04-16 16:32:36.946 INFO EntryPoint [/Users/infinite/Downloads/yasa-macos-arm64/ant-application-security-testing-benchmark/sast-js/case/accuracy/context_sensitive/argument_return_value_passing/argument_passing_value_004_F.js] is executing 
2026-04-16 16:32:36.949 INFO EntryPoint [/Users/infinite/Downloads/yasa-macos-arm64/ant-application-security-testing-benchmark/sast-js/case/accuracy/context_sensitive/argument_return_value_passing/return_value_passing_001_T.js] is executing 
2026-04-16 16:32:36.951 INFO EntryPoint [/Users/infinite/Downloads/yasa-macos-arm64/ant-application-security-testing-benchmark/sast-js/case/accuracy/context_sensitive/argument_return_value_passing/return_value_passing_002_F.js] is executing 
2026-04-16 16:32:36.953 INFO EntryPoint [/Users/infinite/Downloads/yasa-macos-arm64/ant-application-security-testing-benchmark/sast-js/case/accuracy/context_sensitive/multi_invoke/chain_invoke_001_T.js] is executing 
2026-04-16 16:32:36.955 INFO EntryPoint [/Users/infinite/Downloads/yasa-macos-arm64/ant-application-security-testing-benchmark/sast-js/case/accuracy/context_sensitive/multi_invoke/chain_invoke_002_F.js] is executing 
2026-04-16 16:32:36.958 INFO EntryPoint [/Users/infinite/Downloads/yasa-macos-arm64/ant-application-security-testing-benchmark/sast-js/case/accuracy/context_sensitive/multi_invoke/multi_invoke_001_T.js] is executing 
2026-04-16 16:32:36.959 INFO EntryPoint [/Users/infinite/Downloads/yasa-macos-arm64/ant-application-security-testing-benchmark/sast-js/case/accuracy/context_sensitive/multi_invoke/multi_invoke_002_F.js] is executing 
2026-04-16 16:32:36.961 INFO EntryPoint [/Users/infinite/Downloads/yasa-macos-arm64/ant-application-security-testing-benchmark/sast-js/case/accuracy/context_sensitive/polymorphism/polymorphism_001_T.js] is executing 
2026-04-16 16:32:36.965 INFO EntryPoint [/Users/infinite/Downloads/yasa-macos-arm64/ant-application-security-testing-benchmark/sast-js/case/accuracy/context_sensitive/polymorphism/polymorphism_002_F.js] is executing 
2026-04-16 16:32:36.968 INFO EntryPoint [/Users/infinite/Downloads/yasa-macos-arm64/ant-application-security-testing-benchmark/sast-js/case/accuracy/context_sensitive/polymorphism/polymorphism_003_T.js] is executing 
2026-04-16 16:32:36.969 INFO EntryPoint [/Users/infinite/Downloads/yasa-macos-arm64/ant-application-security-testing-benchmark/sast-js/case/accuracy/context_sensitive/polymorphism/polymorphism_004_F.js] is executing 
2026-04-16 16:32:36.976 INFO EntryPoint [/Users/infinite/Downloads/yasa-macos-arm64/ant-application-security-testing-benchmark/sast-js/case/accuracy/flow_sensitive/asynchronous/promise_defer_001_T.js] is executing 
2026-04-16 16:32:36.979 INFO EntryPoint [/Users/infinite/Downloads/yasa-macos-arm64/ant-application-security-testing-benchmark/sast-js/case/accuracy/flow_sensitive/asynchronous/promise_defer_002_F.js] is executing 
2026-04-16 16:32:36.982 INFO EntryPoint [/Users/infinite/Downloads/yasa-macos-arm64/ant-application-security-testing-benchmark/sast-js/case/accuracy/flow_sensitive/defer_exectution/queuemicrotask_delay_001_T.js] is executing 
2026-04-16 16:32:36.985 INFO EntryPoint [/Users/infinite/Downloads/yasa-macos-arm64/ant-application-security-testing-benchmark/sast-js/case/accuracy/flow_sensitive/defer_exectution/queuemicrotask_delay_002_F.js] is executing 
2026-04-16 16:32:36.990 INFO EntryPoint [/Users/infinite/Downloads/yasa-macos-arm64/ant-application-security-testing-benchmark/sast-js/case/accuracy/flow_sensitive/defer_exectution/setinterval_defer_001_T.js] is executing 
2026-04-16 16:32:36.997 INFO EntryPoint [/Users/infinite/Downloads/yasa-macos-arm64/ant-application-security-testing-benchmark/sast-js/case/accuracy/flow_sensitive/defer_exectution/setinterval_defer_002_F.js] is executing 
2026-04-16 16:32:37.000 INFO EntryPoint [/Users/infinite/Downloads/yasa-macos-arm64/ant-application-security-testing-benchmark/sast-js/case/accuracy/flow_sensitive/defer_exectution/settimeout_defer_001_T.js] is executing 
2026-04-16 16:32:37.004 INFO EntryPoint [/Users/infinite/Downloads/yasa-macos-arm64/ant-application-security-testing-benchmark/sast-js/case/accuracy/flow_sensitive/defer_exectution/settimeout_defer_002_F.js] is executing 
2026-04-16 16:32:37.006 INFO EntryPoint [/Users/infinite/Downloads/yasa-macos-arm64/ant-application-security-testing-benchmark/sast-js/case/accuracy/flow_sensitive/loop_stmt/dowhile_body_loop_stmt_001_T.js] is executing 
2026-04-16 16:32:37.009 INFO EntryPoint [/Users/infinite/Downloads/yasa-macos-arm64/ant-application-security-testing-benchmark/sast-js/case/accuracy/flow_sensitive/loop_stmt/dowhile_body_loop_stmt_002_F.js] is executing 
2026-04-16 16:32:37.013 INFO EntryPoint [/Users/infinite/Downloads/yasa-macos-arm64/ant-application-security-testing-benchmark/sast-js/case/accuracy/flow_sensitive/loop_stmt/for_001_T.js] is executing 
2026-04-16 16:32:37.016 INFO EntryPoint [/Users/infinite/Downloads/yasa-macos-arm64/ant-application-security-testing-benchmark/sast-js/case/accuracy/flow_sensitive/loop_stmt/for_002_F.js] is executing 
2026-04-16 16:32:37.019 INFO EntryPoint [/Users/infinite/Downloads/yasa-macos-arm64/ant-application-security-testing-benchmark/sast-js/case/accuracy/flow_sensitive/loop_stmt/for_003_T.js] is executing 
2026-04-16 16:32:37.021 INFO EntryPoint [/Users/infinite/Downloads/yasa-macos-arm64/ant-application-security-testing-benchmark/sast-js/case/accuracy/flow_sensitive/loop_stmt/for_004_F.js] is executing 
2026-04-16 16:32:37.024 INFO EntryPoint [/Users/infinite/Downloads/yasa-macos-arm64/ant-application-security-testing-benchmark/sast-js/case/accuracy/flow_sensitive/loop_stmt/forin_body_loop_stmt_001_T.js] is executing 
2026-04-16 16:32:37.027 INFO EntryPoint [/Users/infinite/Downloads/yasa-macos-arm64/ant-application-security-testing-benchmark/sast-js/case/accuracy/flow_sensitive/loop_stmt/forin_body_loop_stmt_002_F.js] is executing 
2026-04-16 16:32:37.030 INFO EntryPoint [/Users/infinite/Downloads/yasa-macos-arm64/ant-application-security-testing-benchmark/sast-js/case/accuracy/flow_sensitive/loop_stmt/forof_body_loop_stmt_001_T.js] is executing 
2026-04-16 16:32:37.032 INFO EntryPoint [/Users/infinite/Downloads/yasa-macos-arm64/ant-application-security-testing-benchmark/sast-js/case/accuracy/flow_sensitive/loop_stmt/forof_body_loop_stmt_002_F.js] is executing 
2026-04-16 16:32:37.035 INFO EntryPoint [/Users/infinite/Downloads/yasa-macos-arm64/ant-application-security-testing-benchmark/sast-js/case/accuracy/flow_sensitive/loop_stmt/while_body_loop_stmt_001_T.js] is executing 
2026-04-16 16:32:37.038 INFO EntryPoint [/Users/infinite/Downloads/yasa-macos-arm64/ant-application-security-testing-benchmark/sast-js/case/accuracy/flow_sensitive/loop_stmt/while_body_loop_stmt_002_F.js] is executing 
2026-04-16 16:32:37.040 INFO EntryPoint [/Users/infinite/Downloads/yasa-macos-arm64/ant-application-security-testing-benchmark/sast-js/case/accuracy/flow_sensitive/normal_stmt/assign_expression_stmt_001_T.js] is executing 
2026-04-16 16:32:37.041 INFO EntryPoint [/Users/infinite/Downloads/yasa-macos-arm64/ant-application-security-testing-benchmark/sast-js/case/accuracy/flow_sensitive/normal_stmt/assign_expression_stmt_002_F.js] is executing 
2026-04-16 16:32:37.043 INFO EntryPoint [/Users/infinite/Downloads/yasa-macos-arm64/ant-application-security-testing-benchmark/sast-js/case/accuracy/object_field_sensitive/field_sensitive_interface_class/constructor_field_001_T.js] is executing 
2026-04-16 16:32:37.046 INFO EntryPoint [/Users/infinite/Downloads/yasa-macos-arm64/ant-application-security-testing-benchmark/sast-js/case/accuracy/object_field_sensitive/field_sensitive_interface_class/constructor_field_002_F.js] is executing 
2026-04-16 16:32:37.057 INFO EntryPoint [/Users/infinite/Downloads/yasa-macos-arm64/ant-application-security-testing-benchmark/sast-js/case/accuracy/object_field_sensitive/field_sensitive_interface_class/constructor_field_003_T.js] is executing 
2026-04-16 16:32:37.062 INFO EntryPoint [/Users/infinite/Downloads/yasa-macos-arm64/ant-application-security-testing-benchmark/sast-js/case/accuracy/object_field_sensitive/field_sensitive_interface_class/constructor_field_004_F.js] is executing 
2026-04-16 16:32:37.066 INFO EntryPoint [/Users/infinite/Downloads/yasa-macos-arm64/ant-application-security-testing-benchmark/sast-js/case/accuracy/object_field_sensitive/field_sensitive_interface_class/field_len_001_T.js] is executing 
2026-04-16 16:32:37.071 INFO EntryPoint [/Users/infinite/Downloads/yasa-macos-arm64/ant-application-security-testing-benchmark/sast-js/case/accuracy/object_field_sensitive/field_sensitive_interface_class/field_len_002_F.js] is executing 
2026-04-16 16:32:37.075 INFO EntryPoint [/Users/infinite/Downloads/yasa-macos-arm64/ant-application-security-testing-benchmark/sast-js/case/accuracy/object_field_sensitive/field_sensitive_interface_class/field_len_003_T.js] is executing 
2026-04-16 16:32:37.083 INFO EntryPoint [/Users/infinite/Downloads/yasa-macos-arm64/ant-application-security-testing-benchmark/sast-js/case/accuracy/object_field_sensitive/field_sensitive_interface_class/field_len_004_F.js] is executing 
2026-04-16 16:32:37.089 INFO EntryPoint [/Users/infinite/Downloads/yasa-macos-arm64/ant-application-security-testing-benchmark/sast-js/case/accuracy/object_field_sensitive/field_sensitive_interface_class/field_len_005_T.js] is executing 
2026-04-16 16:32:37.100 INFO EntryPoint [/Users/infinite/Downloads/yasa-macos-arm64/ant-application-security-testing-benchmark/sast-js/case/accuracy/object_field_sensitive/field_sensitive_interface_class/field_len_006_F.js] is executing 
2026-04-16 16:32:37.108 INFO EntryPoint [/Users/infinite/Downloads/yasa-macos-arm64/ant-application-security-testing-benchmark/sast-js/case/accuracy/object_field_sensitive/field_sensitive_mult_collection/array_multidimensional_collection_001_T.js] is executing 
2026-04-16 16:32:37.120 INFO EntryPoint [/Users/infinite/Downloads/yasa-macos-arm64/ant-application-security-testing-benchmark/sast-js/case/accuracy/object_field_sensitive/field_sensitive_mult_collection/array_multidimensional_collection_002_F.js] is executing 
2026-04-16 16:32:37.125 INFO EntryPoint [/Users/infinite/Downloads/yasa-macos-arm64/ant-application-security-testing-benchmark/sast-js/case/accuracy/object_field_sensitive/object_sensitive/array_object_sensitive_001_T.js] is executing 
2026-04-16 16:32:37.128 INFO EntryPoint [/Users/infinite/Downloads/yasa-macos-arm64/ant-application-security-testing-benchmark/sast-js/case/accuracy/object_field_sensitive/object_sensitive/array_object_sensitive_002_F.js] is executing 
2026-04-16 16:32:37.131 INFO EntryPoint [/Users/infinite/Downloads/yasa-macos-arm64/ant-application-security-testing-benchmark/sast-js/case/accuracy/object_field_sensitive/object_sensitive/array_object_sensitive_003_T.js] is executing 
2026-04-16 16:32:37.134 INFO EntryPoint [/Users/infinite/Downloads/yasa-macos-arm64/ant-application-security-testing-benchmark/sast-js/case/accuracy/object_field_sensitive/object_sensitive/array_object_sensitive_004_F.js] is executing 
2026-04-16 16:32:37.138 INFO EntryPoint [/Users/infinite/Downloads/yasa-macos-arm64/ant-application-security-testing-benchmark/sast-js/case/accuracy/object_field_sensitive/object_sensitive/array_object_sensitive_005_T.js] is executing 
2026-04-16 16:32:37.140 INFO EntryPoint [/Users/infinite/Downloads/yasa-macos-arm64/ant-application-security-testing-benchmark/sast-js/case/accuracy/object_field_sensitive/object_sensitive/array_object_sensitive_006_F.js] is executing 
2026-04-16 16:32:37.144 INFO EntryPoint [/Users/infinite/Downloads/yasa-macos-arm64/ant-application-security-testing-benchmark/sast-js/case/accuracy/object_field_sensitive/object_sensitive/constructor_obj_001_T.js] is executing 
2026-04-16 16:32:37.149 INFO EntryPoint [/Users/infinite/Downloads/yasa-macos-arm64/ant-application-security-testing-benchmark/sast-js/case/accuracy/object_field_sensitive/object_sensitive/constructor_obj_002_F.js] is executing 
2026-04-16 16:32:37.152 INFO EntryPoint [/Users/infinite/Downloads/yasa-macos-arm64/ant-application-security-testing-benchmark/sast-js/case/accuracy/object_field_sensitive/object_sensitive/map_object_sensitive_001_T.js] is executing 
2026-04-16 16:32:37.156 INFO EntryPoint [/Users/infinite/Downloads/yasa-macos-arm64/ant-application-security-testing-benchmark/sast-js/case/accuracy/object_field_sensitive/object_sensitive/map_object_sensitive_002_F.js] is executing 
2026-04-16 16:32:37.160 INFO EntryPoint [/Users/infinite/Downloads/yasa-macos-arm64/ant-application-security-testing-benchmark/sast-js/case/accuracy/object_field_sensitive/object_sensitive/map_object_sensitive_003_T.js] is executing 
2026-04-16 16:32:37.164 INFO EntryPoint [/Users/infinite/Downloads/yasa-macos-arm64/ant-application-security-testing-benchmark/sast-js/case/accuracy/object_field_sensitive/object_sensitive/map_object_sensitive_004_F.js] is executing 
2026-04-16 16:32:37.167 INFO EntryPoint [/Users/infinite/Downloads/yasa-macos-arm64/ant-application-security-testing-benchmark/sast-js/case/accuracy/object_field_sensitive/object_sensitive/map_object_sensitive_005_T.js] is executing 
2026-04-16 16:32:37.171 INFO EntryPoint [/Users/infinite/Downloads/yasa-macos-arm64/ant-application-security-testing-benchmark/sast-js/case/accuracy/object_field_sensitive/object_sensitive/map_object_sensitive_006_F.js] is executing 
2026-04-16 16:32:37.174 INFO EntryPoint [/Users/infinite/Downloads/yasa-macos-arm64/ant-application-security-testing-benchmark/sast-js/case/accuracy/object_field_sensitive/object_sensitive/set_object_sensitive_001_T.js] is executing 
2026-04-16 16:32:37.178 INFO EntryPoint [/Users/infinite/Downloads/yasa-macos-arm64/ant-application-security-testing-benchmark/sast-js/case/accuracy/object_field_sensitive/object_sensitive/set_object_sensitive_002_F.js] is executing 
2026-04-16 16:32:37.181 INFO EntryPoint [/Users/infinite/Downloads/yasa-macos-arm64/ant-application-security-testing-benchmark/sast-js/case/accuracy/object_field_sensitive/object_sensitive/set_object_sensitive_003_T.js] is executing 
2026-04-16 16:32:37.184 INFO EntryPoint [/Users/infinite/Downloads/yasa-macos-arm64/ant-application-security-testing-benchmark/sast-js/case/accuracy/object_field_sensitive/object_sensitive/set_object_sensitive_004_F.js] is executing 
2026-04-16 16:32:37.191 INFO EntryPoint [/Users/infinite/Downloads/yasa-macos-arm64/ant-application-security-testing-benchmark/sast-js/case/accuracy/path_sensitive/exception_throw/exception_throw_001_T.js] is executing 
2026-04-16 16:32:37.193 INFO EntryPoint [/Users/infinite/Downloads/yasa-macos-arm64/ant-application-security-testing-benchmark/sast-js/case/accuracy/path_sensitive/exception_throw/exception_throw_002_F.js] is executing 
2026-04-16 16:32:37.196 INFO EntryPoint [/Users/infinite/Downloads/yasa-macos-arm64/ant-application-security-testing-benchmark/sast-js/case/accuracy/path_sensitive/exception_throw/exception_throw_003_T.js] is executing 
2026-04-16 16:32:37.197 INFO EntryPoint [/Users/infinite/Downloads/yasa-macos-arm64/ant-application-security-testing-benchmark/sast-js/case/accuracy/path_sensitive/exception_throw/exception_throw_004_F.js] is executing 
2026-04-16 16:32:37.199 INFO EntryPoint [/Users/infinite/Downloads/yasa-macos-arm64/ant-application-security-testing-benchmark/sast-js/case/accuracy/path_sensitive/explicit_jump_control/break_001_F.js] is executing 
2026-04-16 16:32:37.368 INFO EntryPoint [/Users/infinite/Downloads/yasa-macos-arm64/ant-application-security-testing-benchmark/sast-js/case/accuracy/path_sensitive/explicit_jump_control/break_002_T.js] is executing 
2026-04-16 16:32:37.553 INFO EntryPoint [/Users/infinite/Downloads/yasa-macos-arm64/ant-application-security-testing-benchmark/sast-js/case/accuracy/path_sensitive/explicit_jump_control/break_label_001_F.js] is executing 
2026-04-16 16:32:37.555 INFO EntryPoint [/Users/infinite/Downloads/yasa-macos-arm64/ant-application-security-testing-benchmark/sast-js/case/accuracy/path_sensitive/explicit_jump_control/break_label_002_T.js] is executing 
2026-04-16 16:32:37.557 INFO EntryPoint [/Users/infinite/Downloads/yasa-macos-arm64/ant-application-security-testing-benchmark/sast-js/case/accuracy/path_sensitive/explicit_jump_control/continue_001_T.js] is executing 
2026-04-16 16:32:37.732 INFO EntryPoint [/Users/infinite/Downloads/yasa-macos-arm64/ant-application-security-testing-benchmark/sast-js/case/accuracy/path_sensitive/explicit_jump_control/continue_002_F.js] is executing 
2026-04-16 16:32:37.896 INFO EntryPoint [/Users/infinite/Downloads/yasa-macos-arm64/ant-application-security-testing-benchmark/sast-js/case/accuracy/path_sensitive/explicit_jump_control/return_001_T.js] is executing 
2026-04-16 16:32:38.002 INFO EntryPoint [/Users/infinite/Downloads/yasa-macos-arm64/ant-application-security-testing-benchmark/sast-js/case/accuracy/path_sensitive/explicit_jump_control/return_002_F.js] is executing 
2026-04-16 16:32:38.122 INFO EntryPoint [/Users/infinite/Downloads/yasa-macos-arm64/ant-application-security-testing-benchmark/sast-js/case/completeness/dynamic_tracing/dynamic_call/dynamic_call_reflect_001_F.js] is executing 
2026-04-16 16:32:38.124 INFO EntryPoint [/Users/infinite/Downloads/yasa-macos-arm64/ant-application-security-testing-benchmark/sast-js/case/completeness/dynamic_tracing/dynamic_call/dynamic_call_reflect_002_T.js] is executing 
2026-04-16 16:32:38.126 INFO EntryPoint [/Users/infinite/Downloads/yasa-macos-arm64/ant-application-security-testing-benchmark/sast-js/case/completeness/dynamic_tracing/dynamic_call/dynamic_call_reflect_003_T.js] is executing 
2026-04-16 16:32:38.129 INFO EntryPoint [/Users/infinite/Downloads/yasa-macos-arm64/ant-application-security-testing-benchmark/sast-js/case/completeness/dynamic_tracing/dynamic_call/dynamic_call_reflect_004_F.js] is executing 
2026-04-16 16:32:38.131 INFO EntryPoint [/Users/infinite/Downloads/yasa-macos-arm64/ant-application-security-testing-benchmark/sast-js/case/completeness/dynamic_tracing/dynamic_call/dynamic_call_reflect_005_T.js] is executing 
2026-04-16 16:32:38.133 INFO EntryPoint [/Users/infinite/Downloads/yasa-macos-arm64/ant-application-security-testing-benchmark/sast-js/case/completeness/dynamic_tracing/dynamic_call/dynamic_call_reflect_006_F.js] is executing 
2026-04-16 16:32:38.135 INFO EntryPoint [/Users/infinite/Downloads/yasa-macos-arm64/ant-application-security-testing-benchmark/sast-js/case/completeness/dynamic_tracing/dynamic_call/dynamic_call_reflect_007_T.js] is executing 
2026-04-16 16:32:38.137 INFO EntryPoint [/Users/infinite/Downloads/yasa-macos-arm64/ant-application-security-testing-benchmark/sast-js/case/completeness/dynamic_tracing/dynamic_call/dynamic_call_reflect_008_F.js] is executing 
2026-04-16 16:32:38.140 INFO EntryPoint [/Users/infinite/Downloads/yasa-macos-arm64/ant-application-security-testing-benchmark/sast-js/case/completeness/single_app_tracing/alias/alias_001_F.js] is executing 
2026-04-16 16:32:38.142 INFO EntryPoint [/Users/infinite/Downloads/yasa-macos-arm64/ant-application-security-testing-benchmark/sast-js/case/completeness/single_app_tracing/alias/alias_002_F.js] is executing 
2026-04-16 16:32:38.144 INFO EntryPoint [/Users/infinite/Downloads/yasa-macos-arm64/ant-application-security-testing-benchmark/sast-js/case/completeness/single_app_tracing/alias/alias_003_T.js] is executing 
2026-04-16 16:32:38.145 INFO EntryPoint [/Users/infinite/Downloads/yasa-macos-arm64/ant-application-security-testing-benchmark/sast-js/case/completeness/single_app_tracing/alias/alias_004_F.js] is executing 
2026-04-16 16:32:38.147 INFO EntryPoint [/Users/infinite/Downloads/yasa-macos-arm64/ant-application-security-testing-benchmark/sast-js/case/completeness/single_app_tracing/alias/alias_005_T.js] is executing 
2026-04-16 16:32:38.149 INFO EntryPoint [/Users/infinite/Downloads/yasa-macos-arm64/ant-application-security-testing-benchmark/sast-js/case/completeness/single_app_tracing/alias/alias_006_F.js] is executing 
2026-04-16 16:32:38.150 INFO EntryPoint [/Users/infinite/Downloads/yasa-macos-arm64/ant-application-security-testing-benchmark/sast-js/case/completeness/single_app_tracing/alias/alias_007_T.js] is executing 
2026-04-16 16:32:38.151 INFO EntryPoint [/Users/infinite/Downloads/yasa-macos-arm64/ant-application-security-testing-benchmark/sast-js/case/accuracy/object_field_sensitive/field_sensitive_one_collection/numeric_index_state_no_solver/array_no_solver_001_T.js] is executing 
2026-04-16 16:32:38.153 INFO EntryPoint [/Users/infinite/Downloads/yasa-macos-arm64/ant-application-security-testing-benchmark/sast-js/case/accuracy/object_field_sensitive/field_sensitive_one_collection/numeric_index_state_no_solver/array_no_solver_002_F.js] is executing 
2026-04-16 16:32:38.162 INFO EntryPoint [/Users/infinite/Downloads/yasa-macos-arm64/ant-application-security-testing-benchmark/sast-js/case/accuracy/object_field_sensitive/field_sensitive_one_collection/numeric_index_state_no_solver/array_no_solver_003_T.js] is executing 
2026-04-16 16:32:38.165 INFO EntryPoint [/Users/infinite/Downloads/yasa-macos-arm64/ant-application-security-testing-benchmark/sast-js/case/accuracy/object_field_sensitive/field_sensitive_one_collection/numeric_index_state_no_solver/array_no_solver_004_F.js] is executing 
2026-04-16 16:32:38.168 INFO EntryPoint [/Users/infinite/Downloads/yasa-macos-arm64/ant-application-security-testing-benchmark/sast-js/case/accuracy/object_field_sensitive/field_sensitive_one_collection/numeric_index_state_no_solver/map_field_sensitive_001_T.js] is executing 
2026-04-16 16:32:38.170 INFO EntryPoint [/Users/infinite/Downloads/yasa-macos-arm64/ant-application-security-testing-benchmark/sast-js/case/accuracy/object_field_sensitive/field_sensitive_one_collection/numeric_index_state_no_solver/map_field_sensitive_002_F.js] is executing 
2026-04-16 16:32:38.173 INFO EntryPoint [/Users/infinite/Downloads/yasa-macos-arm64/ant-application-security-testing-benchmark/sast-js/case/accuracy/object_field_sensitive/field_sensitive_one_collection/numeric_index_state_no_solver/map_field_sensitive_003_F.js] is executing 
2026-04-16 16:32:38.177 INFO EntryPoint [/Users/infinite/Downloads/yasa-macos-arm64/ant-application-security-testing-benchmark/sast-js/case/accuracy/object_field_sensitive/field_sensitive_one_collection/numeric_index_state_no_solver/map_field_sensitive_004_T.js] is executing 
2026-04-16 16:32:38.181 INFO EntryPoint [/Users/infinite/Downloads/yasa-macos-arm64/ant-application-security-testing-benchmark/sast-js/case/accuracy/object_field_sensitive/field_sensitive_one_collection/numeric_index_state_no_solver/map_field_sensitive_005_F.js] is executing 
2026-04-16 16:32:38.184 INFO EntryPoint [/Users/infinite/Downloads/yasa-macos-arm64/ant-application-security-testing-benchmark/sast-js/case/accuracy/object_field_sensitive/field_sensitive_one_collection/numeric_index_state_no_solver/map_field_sensitive_006_T.js] is executing 
2026-04-16 16:32:38.187 INFO EntryPoint [/Users/infinite/Downloads/yasa-macos-arm64/ant-application-security-testing-benchmark/sast-js/case/accuracy/object_field_sensitive/field_sensitive_one_collection/numeric_index_state_no_solver/map_field_sensitive_007_F.js] is executing 
2026-04-16 16:32:38.190 INFO EntryPoint [/Users/infinite/Downloads/yasa-macos-arm64/ant-application-security-testing-benchmark/sast-js/case/accuracy/object_field_sensitive/field_sensitive_one_collection/numeric_index_state_no_solver/map_field_sensitive_008_T.js] is executing 
2026-04-16 16:32:38.193 INFO EntryPoint [/Users/infinite/Downloads/yasa-macos-arm64/ant-application-security-testing-benchmark/sast-js/case/accuracy/object_field_sensitive/field_sensitive_one_collection/numeric_index_state_no_solver/map_field_sensitive_009_F.js] is executing 
2026-04-16 16:32:38.195 INFO EntryPoint [/Users/infinite/Downloads/yasa-macos-arm64/ant-application-security-testing-benchmark/sast-js/case/accuracy/object_field_sensitive/field_sensitive_one_collection/numeric_index_state_no_solver/rest_parameter_no_solver_001_T.js] is executing 
2026-04-16 16:32:38.197 INFO EntryPoint [/Users/infinite/Downloads/yasa-macos-arm64/ant-application-security-testing-benchmark/sast-js/case/accuracy/object_field_sensitive/field_sensitive_one_collection/numeric_index_state_no_solver/rest_parameter_no_solver_002_F.js] is executing 
2026-04-16 16:32:38.200 INFO EntryPoint [/Users/infinite/Downloads/yasa-macos-arm64/ant-application-security-testing-benchmark/sast-js/case/accuracy/object_field_sensitive/field_sensitive_one_collection/numeric_index_state_no_solver/spread_operator_no_solver_001_T.js] is executing 
2026-04-16 16:32:38.203 INFO EntryPoint [/Users/infinite/Downloads/yasa-macos-arm64/ant-application-security-testing-benchmark/sast-js/case/accuracy/object_field_sensitive/field_sensitive_one_collection/numeric_index_state_no_solver/spread_operator_no_solver_002_F.js] is executing 
2026-04-16 16:32:38.205 INFO EntryPoint [/Users/infinite/Downloads/yasa-macos-arm64/ant-application-security-testing-benchmark/sast-js/case/accuracy/object_field_sensitive/field_sensitive_one_collection/numeric_index_state_no_solver/spread_operator_no_solver_003_T.js] is executing 
2026-04-16 16:32:38.207 INFO EntryPoint [/Users/infinite/Downloads/yasa-macos-arm64/ant-application-security-testing-benchmark/sast-js/case/accuracy/object_field_sensitive/field_sensitive_one_collection/numeric_index_state_no_solver/spread_operator_no_solver_004_F.js] is executing 
2026-04-16 16:32:38.210 INFO EntryPoint [/Users/infinite/Downloads/yasa-macos-arm64/ant-application-security-testing-benchmark/sast-js/case/accuracy/object_field_sensitive/field_sensitive_one_collection/numeric_index_state_solver/array_solver_001_T.js] is executing 
2026-04-16 16:32:38.212 INFO EntryPoint [/Users/infinite/Downloads/yasa-macos-arm64/ant-application-security-testing-benchmark/sast-js/case/accuracy/object_field_sensitive/field_sensitive_one_collection/numeric_index_state_solver/array_solver_002_F.js] is executing 
2026-04-16 16:32:38.214 INFO EntryPoint [/Users/infinite/Downloads/yasa-macos-arm64/ant-application-security-testing-benchmark/sast-js/case/accuracy/path_sensitive/loop_conditional_stmt/no_solver/conditional_if_no_solver_001_F.js] is executing 
2026-04-16 16:32:38.215 INFO EntryPoint [/Users/infinite/Downloads/yasa-macos-arm64/ant-application-security-testing-benchmark/sast-js/case/accuracy/path_sensitive/loop_conditional_stmt/no_solver/conditional_if_no_solver_002_F.js] is executing 
2026-04-16 16:32:38.222 INFO EntryPoint [/Users/infinite/Downloads/yasa-macos-arm64/ant-application-security-testing-benchmark/sast-js/case/accuracy/path_sensitive/loop_conditional_stmt/no_solver/conditional_if_no_solver_003_T.js] is executing 
2026-04-16 16:32:38.225 INFO EntryPoint [/Users/infinite/Downloads/yasa-macos-arm64/ant-application-security-testing-benchmark/sast-js/case/accuracy/path_sensitive/loop_conditional_stmt/no_solver/conditional_if_no_solver_004_F.js] is executing 
2026-04-16 16:32:38.227 INFO EntryPoint [/Users/infinite/Downloads/yasa-macos-arm64/ant-application-security-testing-benchmark/sast-js/case/accuracy/path_sensitive/loop_conditional_stmt/no_solver/conditional_switch_no_solver_001_F.js] is executing 
2026-04-16 16:32:38.229 INFO EntryPoint [/Users/infinite/Downloads/yasa-macos-arm64/ant-application-security-testing-benchmark/sast-js/case/accuracy/path_sensitive/loop_conditional_stmt/no_solver/conditional_switch_no_solver_002_T.js] is executing 
2026-04-16 16:32:38.231 INFO EntryPoint [/Users/infinite/Downloads/yasa-macos-arm64/ant-application-security-testing-benchmark/sast-js/case/accuracy/path_sensitive/loop_conditional_stmt/no_solver/conditional_switch_no_solver_003_F.js] is executing 
2026-04-16 16:32:38.233 INFO EntryPoint [/Users/infinite/Downloads/yasa-macos-arm64/ant-application-security-testing-benchmark/sast-js/case/accuracy/path_sensitive/loop_conditional_stmt/no_solver/conditional_switch_no_solver_004_T.js] is executing 
2026-04-16 16:32:38.236 INFO EntryPoint [/Users/infinite/Downloads/yasa-macos-arm64/ant-application-security-testing-benchmark/sast-js/case/accuracy/path_sensitive/loop_conditional_stmt/no_solver/do_while_loop_001_T.js] is executing 
2026-04-16 16:32:38.238 INFO EntryPoint [/Users/infinite/Downloads/yasa-macos-arm64/ant-application-security-testing-benchmark/sast-js/case/accuracy/path_sensitive/loop_conditional_stmt/no_solver/do_while_loop_002_F.js] is executing 
2026-04-16 16:32:38.240 INFO EntryPoint [/Users/infinite/Downloads/yasa-macos-arm64/ant-application-security-testing-benchmark/sast-js/case/accuracy/path_sensitive/loop_conditional_stmt/no_solver/for_in_loop_001_T.js] is executing 
2026-04-16 16:32:38.242 INFO EntryPoint [/Users/infinite/Downloads/yasa-macos-arm64/ant-application-security-testing-benchmark/sast-js/case/accuracy/path_sensitive/loop_conditional_stmt/no_solver/for_in_loop_002_F.js] is executing 
2026-04-16 16:32:38.245 INFO EntryPoint [/Users/infinite/Downloads/yasa-macos-arm64/ant-application-security-testing-benchmark/sast-js/case/accuracy/path_sensitive/loop_conditional_stmt/no_solver/for_of_loop_001_T.js] is executing 
2026-04-16 16:32:38.248 INFO EntryPoint [/Users/infinite/Downloads/yasa-macos-arm64/ant-application-security-testing-benchmark/sast-js/case/accuracy/path_sensitive/loop_conditional_stmt/no_solver/for_of_loop_002_F.js] is executing 
2026-04-16 16:32:38.250 INFO EntryPoint [/Users/infinite/Downloads/yasa-macos-arm64/ant-application-security-testing-benchmark/sast-js/case/accuracy/path_sensitive/loop_conditional_stmt/no_solver/ternary_expression_001_T.js] is executing 
2026-04-16 16:32:38.252 INFO EntryPoint [/Users/infinite/Downloads/yasa-macos-arm64/ant-application-security-testing-benchmark/sast-js/case/accuracy/path_sensitive/loop_conditional_stmt/no_solver/ternary_expression_002_F.js] is executing 
2026-04-16 16:32:38.253 INFO EntryPoint [/Users/infinite/Downloads/yasa-macos-arm64/ant-application-security-testing-benchmark/sast-js/case/accuracy/path_sensitive/loop_conditional_stmt/no_solver/while_loop_001_T.js] is executing 
2026-04-16 16:32:38.255 INFO EntryPoint [/Users/infinite/Downloads/yasa-macos-arm64/ant-application-security-testing-benchmark/sast-js/case/accuracy/path_sensitive/loop_conditional_stmt/no_solver/while_loop_002_F.js] is executing 
2026-04-16 16:32:38.257 INFO EntryPoint [/Users/infinite/Downloads/yasa-macos-arm64/ant-application-security-testing-benchmark/sast-js/case/accuracy/path_sensitive/loop_conditional_stmt/solver/conditional_if_solver_001_T.js] is executing 
2026-04-16 16:32:38.379 INFO EntryPoint [/Users/infinite/Downloads/yasa-macos-arm64/ant-application-security-testing-benchmark/sast-js/case/accuracy/path_sensitive/loop_conditional_stmt/solver/conditional_if_solver_002_F.js] is executing 
2026-04-16 16:32:38.496 INFO EntryPoint [/Users/infinite/Downloads/yasa-macos-arm64/ant-application-security-testing-benchmark/sast-js/case/accuracy/path_sensitive/loop_conditional_stmt/solver/conditional_switch_solver_001_F.js] is executing 
2026-04-16 16:32:38.604 INFO EntryPoint [/Users/infinite/Downloads/yasa-macos-arm64/ant-application-security-testing-benchmark/sast-js/case/accuracy/path_sensitive/loop_conditional_stmt/solver/conditional_switch_solver_002_T.js] is executing 
2026-04-16 16:32:38.728 INFO EntryPoint [/Users/infinite/Downloads/yasa-macos-arm64/ant-application-security-testing-benchmark/sast-js/case/accuracy/path_sensitive/loop_conditional_stmt/solver/do_while_loop_solver_001_T.js] is executing 
2026-04-16 16:32:38.731 INFO EntryPoint [/Users/infinite/Downloads/yasa-macos-arm64/ant-application-security-testing-benchmark/sast-js/case/accuracy/path_sensitive/loop_conditional_stmt/solver/do_while_loop_solver_002_F.js] is executing 
2026-04-16 16:32:38.733 INFO EntryPoint [/Users/infinite/Downloads/yasa-macos-arm64/ant-application-security-testing-benchmark/sast-js/case/accuracy/path_sensitive/loop_conditional_stmt/solver/for_body_solver_001_T.js] is executing 
2026-04-16 16:32:38.735 INFO EntryPoint [/Users/infinite/Downloads/yasa-macos-arm64/ant-application-security-testing-benchmark/sast-js/case/accuracy/path_sensitive/loop_conditional_stmt/solver/for_body_solver_002_F.js] is executing 
2026-04-16 16:32:38.737 INFO EntryPoint [/Users/infinite/Downloads/yasa-macos-arm64/ant-application-security-testing-benchmark/sast-js/case/accuracy/path_sensitive/loop_conditional_stmt/solver/ternary_expression_solver_001_T.js] is executing 
2026-04-16 16:32:38.739 INFO EntryPoint [/Users/infinite/Downloads/yasa-macos-arm64/ant-application-security-testing-benchmark/sast-js/case/accuracy/path_sensitive/loop_conditional_stmt/solver/ternary_expression_solver_002_F.js] is executing 
2026-04-16 16:32:38.741 INFO EntryPoint [/Users/infinite/Downloads/yasa-macos-arm64/ant-application-security-testing-benchmark/sast-js/case/accuracy/path_sensitive/loop_conditional_stmt/solver/while_body_solver_001_F.js] is executing 
2026-04-16 16:32:38.743 INFO EntryPoint [/Users/infinite/Downloads/yasa-macos-arm64/ant-application-security-testing-benchmark/sast-js/case/accuracy/path_sensitive/loop_conditional_stmt/solver/while_body_solver_002_T.js] is executing 
2026-04-16 16:32:38.745 INFO EntryPoint [/Users/infinite/Downloads/yasa-macos-arm64/ant-application-security-testing-benchmark/sast-js/case/completeness/single_app_tracing/asynchronous_tracing/delayed_execution_async/asynchronous_promisify_001_T.js] is executing 
2026-04-16 16:32:38.886 INFO EntryPoint [/Users/infinite/Downloads/yasa-macos-arm64/ant-application-security-testing-benchmark/sast-js/case/completeness/single_app_tracing/asynchronous_tracing/delayed_execution_async/asynchronous_promisify_002_F.js] is executing 
2026-04-16 16:32:39.247 INFO EntryPoint [/Users/infinite/Downloads/yasa-macos-arm64/ant-application-security-testing-benchmark/sast-js/case/completeness/single_app_tracing/asynchronous_tracing/multi_thread/multi_thread_001_T.js] is executing 
2026-04-16 16:32:39.253 INFO EntryPoint [/Users/infinite/Downloads/yasa-macos-arm64/ant-application-security-testing-benchmark/sast-js/case/completeness/single_app_tracing/asynchronous_tracing/multi_thread/multi_thread_002_F.js] is executing 
2026-04-16 16:32:39.258 INFO EntryPoint [/Users/infinite/Downloads/yasa-macos-arm64/ant-application-security-testing-benchmark/sast-js/case/completeness/single_app_tracing/asynchronous_tracing/multi_thread/worker.js] is executing 
2026-04-16 16:32:39.260 INFO EntryPoint [/Users/infinite/Downloads/yasa-macos-arm64/ant-application-security-testing-benchmark/sast-js/case/completeness/single_app_tracing/asynchronous_tracing/promise_callback_await/async_await_001_T.js] is executing 
2026-04-16 16:32:39.265 INFO EntryPoint [/Users/infinite/Downloads/yasa-macos-arm64/ant-application-security-testing-benchmark/sast-js/case/completeness/single_app_tracing/asynchronous_tracing/promise_callback_await/async_await_002_F.js] is executing 
2026-04-16 16:32:39.270 INFO EntryPoint [/Users/infinite/Downloads/yasa-macos-arm64/ant-application-security-testing-benchmark/sast-js/case/completeness/single_app_tracing/asynchronous_tracing/promise_callback_await/asynchronous_promise_001_T.js] is executing 
2026-04-16 16:32:39.276 INFO EntryPoint [/Users/infinite/Downloads/yasa-macos-arm64/ant-application-security-testing-benchmark/sast-js/case/completeness/single_app_tracing/asynchronous_tracing/promise_callback_await/asynchronous_promise_002_F.js] is executing 
2026-04-16 16:32:39.280 INFO EntryPoint [/Users/infinite/Downloads/yasa-macos-arm64/ant-application-security-testing-benchmark/sast-js/case/completeness/single_app_tracing/asynchronous_tracing/promise_callback_await/asynchronous_promise_003_T.js] is executing 
2026-04-16 16:32:39.290 INFO EntryPoint [/Users/infinite/Downloads/yasa-macos-arm64/ant-application-security-testing-benchmark/sast-js/case/completeness/single_app_tracing/asynchronous_tracing/promise_callback_await/asynchronous_promise_004_F.js] is executing 
2026-04-16 16:32:39.296 INFO EntryPoint [/Users/infinite/Downloads/yasa-macos-arm64/ant-application-security-testing-benchmark/sast-js/case/completeness/single_app_tracing/asynchronous_tracing/promise_callback_await/asynchronous_promise_005_T.js] is executing 
2026-04-16 16:32:39.301 INFO EntryPoint [/Users/infinite/Downloads/yasa-macos-arm64/ant-application-security-testing-benchmark/sast-js/case/completeness/single_app_tracing/asynchronous_tracing/promise_callback_await/asynchronous_promise_006_F.js] is executing 
2026-04-16 16:32:39.305 INFO EntryPoint [/Users/infinite/Downloads/yasa-macos-arm64/ant-application-security-testing-benchmark/sast-js/case/completeness/single_app_tracing/asynchronous_tracing/promise_callback_await/asynchronous_promise_007_T.js] is executing 
2026-04-16 16:32:39.311 INFO EntryPoint [/Users/infinite/Downloads/yasa-macos-arm64/ant-application-security-testing-benchmark/sast-js/case/completeness/single_app_tracing/asynchronous_tracing/promise_callback_await/asynchronous_promise_008_F.js] is executing 
2026-04-16 16:32:39.315 INFO EntryPoint [/Users/infinite/Downloads/yasa-macos-arm64/ant-application-security-testing-benchmark/sast-js/case/completeness/single_app_tracing/asynchronous_tracing/promise_callback_await/asynchronous_promise_009_T.js] is executing 
2026-04-16 16:32:39.320 INFO EntryPoint [/Users/infinite/Downloads/yasa-macos-arm64/ant-application-security-testing-benchmark/sast-js/case/completeness/single_app_tracing/asynchronous_tracing/promise_callback_await/asynchronous_promise_010_F.js] is executing 
2026-04-16 16:32:39.325 INFO EntryPoint [/Users/infinite/Downloads/yasa-macos-arm64/ant-application-security-testing-benchmark/sast-js/case/completeness/single_app_tracing/asynchronous_tracing/promise_callback_await/asynchronous_promise_011_T.js] is executing 
2026-04-16 16:32:39.331 INFO EntryPoint [/Users/infinite/Downloads/yasa-macos-arm64/ant-application-security-testing-benchmark/sast-js/case/completeness/single_app_tracing/asynchronous_tracing/promise_callback_await/asynchronous_promise_012_F.js] is executing 
2026-04-16 16:32:39.334 INFO EntryPoint [/Users/infinite/Downloads/yasa-macos-arm64/ant-application-security-testing-benchmark/sast-js/case/completeness/single_app_tracing/control_flow/conditional_stmt/conditional_if_001_T.js] is executing 
2026-04-16 16:32:39.336 INFO EntryPoint [/Users/infinite/Downloads/yasa-macos-arm64/ant-application-security-testing-benchmark/sast-js/case/completeness/single_app_tracing/control_flow/conditional_stmt/conditional_if_002_F.js] is executing 
2026-04-16 16:32:39.338 INFO EntryPoint [/Users/infinite/Downloads/yasa-macos-arm64/ant-application-security-testing-benchmark/sast-js/case/completeness/single_app_tracing/control_flow/conditional_stmt/conditional_if_003_T.js] is executing 
2026-04-16 16:32:39.340 INFO EntryPoint [/Users/infinite/Downloads/yasa-macos-arm64/ant-application-security-testing-benchmark/sast-js/case/completeness/single_app_tracing/control_flow/conditional_stmt/conditional_if_004_F.js] is executing 
2026-04-16 16:32:39.342 INFO EntryPoint [/Users/infinite/Downloads/yasa-macos-arm64/ant-application-security-testing-benchmark/sast-js/case/completeness/single_app_tracing/control_flow/conditional_stmt/conditional_if_005_T.js] is executing 
2026-04-16 16:32:39.344 INFO EntryPoint [/Users/infinite/Downloads/yasa-macos-arm64/ant-application-security-testing-benchmark/sast-js/case/completeness/single_app_tracing/control_flow/conditional_stmt/conditional_if_006_F.js] is executing 
2026-04-16 16:32:39.345 INFO EntryPoint [/Users/infinite/Downloads/yasa-macos-arm64/ant-application-security-testing-benchmark/sast-js/case/completeness/single_app_tracing/control_flow/conditional_stmt/conditional_switch_001_T.js] is executing 
2026-04-16 16:32:39.347 INFO EntryPoint [/Users/infinite/Downloads/yasa-macos-arm64/ant-application-security-testing-benchmark/sast-js/case/completeness/single_app_tracing/control_flow/conditional_stmt/conditional_switch_002_F.js] is executing 
2026-04-16 16:32:39.351 INFO EntryPoint [/Users/infinite/Downloads/yasa-macos-arm64/ant-application-security-testing-benchmark/sast-js/case/completeness/single_app_tracing/control_flow/loop_stmt/dowhile_body_001_T.js] is executing 
2026-04-16 16:32:39.354 INFO EntryPoint [/Users/infinite/Downloads/yasa-macos-arm64/ant-application-security-testing-benchmark/sast-js/case/completeness/single_app_tracing/control_flow/loop_stmt/dowhile_body_002_F.js] is executing 
2026-04-16 16:32:39.363 INFO EntryPoint [/Users/infinite/Downloads/yasa-macos-arm64/ant-application-security-testing-benchmark/sast-js/case/completeness/single_app_tracing/control_flow/loop_stmt/every_001_T.js] is executing 
2026-04-16 16:32:39.368 INFO EntryPoint [/Users/infinite/Downloads/yasa-macos-arm64/ant-application-security-testing-benchmark/sast-js/case/completeness/single_app_tracing/control_flow/loop_stmt/every_002_F.js] is executing 
2026-04-16 16:32:39.371 INFO EntryPoint [/Users/infinite/Downloads/yasa-macos-arm64/ant-application-security-testing-benchmark/sast-js/case/completeness/single_app_tracing/control_flow/loop_stmt/filter_001_T.js] is executing 
2026-04-16 16:32:39.375 INFO EntryPoint [/Users/infinite/Downloads/yasa-macos-arm64/ant-application-security-testing-benchmark/sast-js/case/completeness/single_app_tracing/control_flow/loop_stmt/filter_002_F.js] is executing 
2026-04-16 16:32:39.378 INFO EntryPoint [/Users/infinite/Downloads/yasa-macos-arm64/ant-application-security-testing-benchmark/sast-js/case/completeness/single_app_tracing/control_flow/loop_stmt/find_001_T.js] is executing 
2026-04-16 16:32:39.380 INFO EntryPoint [/Users/infinite/Downloads/yasa-macos-arm64/ant-application-security-testing-benchmark/sast-js/case/completeness/single_app_tracing/control_flow/loop_stmt/find_002_F.js] is executing 
2026-04-16 16:32:39.384 INFO EntryPoint [/Users/infinite/Downloads/yasa-macos-arm64/ant-application-security-testing-benchmark/sast-js/case/completeness/single_app_tracing/control_flow/loop_stmt/find_index_001_T.js] is executing 
2026-04-16 16:32:39.387 INFO EntryPoint [/Users/infinite/Downloads/yasa-macos-arm64/ant-application-security-testing-benchmark/sast-js/case/completeness/single_app_tracing/control_flow/loop_stmt/find_index_002_F.js] is executing 
2026-04-16 16:32:39.390 INFO EntryPoint [/Users/infinite/Downloads/yasa-macos-arm64/ant-application-security-testing-benchmark/sast-js/case/completeness/single_app_tracing/control_flow/loop_stmt/for_body_001_T.js] is executing 
2026-04-16 16:32:39.392 INFO EntryPoint [/Users/infinite/Downloads/yasa-macos-arm64/ant-application-security-testing-benchmark/sast-js/case/completeness/single_app_tracing/control_flow/loop_stmt/for_body_002_F.js] is executing 
2026-04-16 16:32:39.394 INFO EntryPoint [/Users/infinite/Downloads/yasa-macos-arm64/ant-application-security-testing-benchmark/sast-js/case/completeness/single_app_tracing/control_flow/loop_stmt/for_init_001_T.js] is executing 
2026-04-16 16:32:39.397 INFO EntryPoint [/Users/infinite/Downloads/yasa-macos-arm64/ant-application-security-testing-benchmark/sast-js/case/completeness/single_app_tracing/control_flow/loop_stmt/for_init_002_F.js] is executing 
2026-04-16 16:32:39.400 INFO EntryPoint [/Users/infinite/Downloads/yasa-macos-arm64/ant-application-security-testing-benchmark/sast-js/case/completeness/single_app_tracing/control_flow/loop_stmt/for_update_001_T.js] is executing 
2026-04-16 16:32:39.403 INFO EntryPoint [/Users/infinite/Downloads/yasa-macos-arm64/ant-application-security-testing-benchmark/sast-js/case/completeness/single_app_tracing/control_flow/loop_stmt/for_update_002_F.js] is executing 
2026-04-16 16:32:39.405 INFO EntryPoint [/Users/infinite/Downloads/yasa-macos-arm64/ant-application-security-testing-benchmark/sast-js/case/completeness/single_app_tracing/control_flow/loop_stmt/foreach_001_T.js] is executing 
2026-04-16 16:32:39.408 INFO EntryPoint [/Users/infinite/Downloads/yasa-macos-arm64/ant-application-security-testing-benchmark/sast-js/case/completeness/single_app_tracing/control_flow/loop_stmt/foreach_002_F.js] is executing 
2026-04-16 16:32:39.413 INFO EntryPoint [/Users/infinite/Downloads/yasa-macos-arm64/ant-application-security-testing-benchmark/sast-js/case/completeness/single_app_tracing/control_flow/loop_stmt/forin_body_001_T.js] is executing 
2026-04-16 16:32:39.416 INFO EntryPoint [/Users/infinite/Downloads/yasa-macos-arm64/ant-application-security-testing-benchmark/sast-js/case/completeness/single_app_tracing/control_flow/loop_stmt/forin_body_002_F.js] is executing 
2026-04-16 16:32:39.419 INFO EntryPoint [/Users/infinite/Downloads/yasa-macos-arm64/ant-application-security-testing-benchmark/sast-js/case/completeness/single_app_tracing/control_flow/loop_stmt/forof_body_001_T.js] is executing 
2026-04-16 16:32:39.422 INFO EntryPoint [/Users/infinite/Downloads/yasa-macos-arm64/ant-application-security-testing-benchmark/sast-js/case/completeness/single_app_tracing/control_flow/loop_stmt/forof_body_002_F.js] is executing 
2026-04-16 16:32:39.429 INFO EntryPoint [/Users/infinite/Downloads/yasa-macos-arm64/ant-application-security-testing-benchmark/sast-js/case/completeness/single_app_tracing/control_flow/loop_stmt/map_001_T.js] is executing 
2026-04-16 16:32:39.432 INFO EntryPoint [/Users/infinite/Downloads/yasa-macos-arm64/ant-application-security-testing-benchmark/sast-js/case/completeness/single_app_tracing/control_flow/loop_stmt/map_002_F.js] is executing 
2026-04-16 16:32:39.434 INFO EntryPoint [/Users/infinite/Downloads/yasa-macos-arm64/ant-application-security-testing-benchmark/sast-js/case/completeness/single_app_tracing/control_flow/loop_stmt/reduce_001_T.js] is executing 
2026-04-16 16:32:39.437 INFO EntryPoint [/Users/infinite/Downloads/yasa-macos-arm64/ant-application-security-testing-benchmark/sast-js/case/completeness/single_app_tracing/control_flow/loop_stmt/reduce_002_F.js] is executing 
2026-04-16 16:32:39.440 INFO EntryPoint [/Users/infinite/Downloads/yasa-macos-arm64/ant-application-security-testing-benchmark/sast-js/case/completeness/single_app_tracing/control_flow/loop_stmt/some_001_T.js] is executing 
2026-04-16 16:32:39.443 INFO EntryPoint [/Users/infinite/Downloads/yasa-macos-arm64/ant-application-security-testing-benchmark/sast-js/case/completeness/single_app_tracing/control_flow/loop_stmt/some_002_F.js] is executing 
2026-04-16 16:32:39.447 INFO EntryPoint [/Users/infinite/Downloads/yasa-macos-arm64/ant-application-security-testing-benchmark/sast-js/case/completeness/single_app_tracing/control_flow/loop_stmt/while_body_001_T.js] is executing 
2026-04-16 16:32:39.449 INFO EntryPoint [/Users/infinite/Downloads/yasa-macos-arm64/ant-application-security-testing-benchmark/sast-js/case/completeness/single_app_tracing/control_flow/loop_stmt/while_body_002_F.js] is executing 
2026-04-16 16:32:39.451 INFO EntryPoint [/Users/infinite/Downloads/yasa-macos-arm64/ant-application-security-testing-benchmark/sast-js/case/completeness/single_app_tracing/datatype/array/array_001_T.js] is executing 
2026-04-16 16:32:39.454 INFO EntryPoint [/Users/infinite/Downloads/yasa-macos-arm64/ant-application-security-testing-benchmark/sast-js/case/completeness/single_app_tracing/datatype/array/array_002_F.js] is executing 
2026-04-16 16:32:39.456 INFO EntryPoint [/Users/infinite/Downloads/yasa-macos-arm64/ant-application-security-testing-benchmark/sast-js/case/completeness/single_app_tracing/datatype/array/array_003_T.js] is executing 
2026-04-16 16:32:39.458 INFO EntryPoint [/Users/infinite/Downloads/yasa-macos-arm64/ant-application-security-testing-benchmark/sast-js/case/completeness/single_app_tracing/datatype/array/array_004_F.js] is executing 
2026-04-16 16:32:39.461 INFO EntryPoint [/Users/infinite/Downloads/yasa-macos-arm64/ant-application-security-testing-benchmark/sast-js/case/completeness/single_app_tracing/datatype/array/array_005_T.js] is executing 
2026-04-16 16:32:39.463 INFO EntryPoint [/Users/infinite/Downloads/yasa-macos-arm64/ant-application-security-testing-benchmark/sast-js/case/completeness/single_app_tracing/datatype/array/array_006_F.js] is executing 
2026-04-16 16:32:39.465 INFO EntryPoint [/Users/infinite/Downloads/yasa-macos-arm64/ant-application-security-testing-benchmark/sast-js/case/completeness/single_app_tracing/datatype/array/array_concat_001_T.js] is executing 
2026-04-16 16:32:39.468 INFO EntryPoint [/Users/infinite/Downloads/yasa-macos-arm64/ant-application-security-testing-benchmark/sast-js/case/completeness/single_app_tracing/datatype/array/array_concat_002_F.js] is executing 
2026-04-16 16:32:39.471 INFO EntryPoint [/Users/infinite/Downloads/yasa-macos-arm64/ant-application-security-testing-benchmark/sast-js/case/completeness/single_app_tracing/datatype/array/array_fill_001_T.js] is executing 
2026-04-16 16:32:39.473 INFO EntryPoint [/Users/infinite/Downloads/yasa-macos-arm64/ant-application-security-testing-benchmark/sast-js/case/completeness/single_app_tracing/datatype/array/array_fill_002_F.js] is executing 
2026-04-16 16:32:39.476 INFO EntryPoint [/Users/infinite/Downloads/yasa-macos-arm64/ant-application-security-testing-benchmark/sast-js/case/completeness/single_app_tracing/datatype/array/array_filter_001_T.js] is executing 
2026-04-16 16:32:39.480 INFO EntryPoint [/Users/infinite/Downloads/yasa-macos-arm64/ant-application-security-testing-benchmark/sast-js/case/completeness/single_app_tracing/datatype/array/array_filter_002_F.js] is executing 
2026-04-16 16:32:39.483 INFO EntryPoint [/Users/infinite/Downloads/yasa-macos-arm64/ant-application-security-testing-benchmark/sast-js/case/completeness/single_app_tracing/datatype/array/array_index_001_T.js] is executing 
2026-04-16 16:32:39.485 INFO EntryPoint [/Users/infinite/Downloads/yasa-macos-arm64/ant-application-security-testing-benchmark/sast-js/case/completeness/single_app_tracing/datatype/array/array_index_002_F.js] is executing 
2026-04-16 16:32:39.493 INFO EntryPoint [/Users/infinite/Downloads/yasa-macos-arm64/ant-application-security-testing-benchmark/sast-js/case/completeness/single_app_tracing/datatype/array/array_reverse_001_T.js] is executing 
2026-04-16 16:32:39.496 INFO EntryPoint [/Users/infinite/Downloads/yasa-macos-arm64/ant-application-security-testing-benchmark/sast-js/case/completeness/single_app_tracing/datatype/array/array_reverse_002_F.js] is executing 
2026-04-16 16:32:39.499 INFO EntryPoint [/Users/infinite/Downloads/yasa-macos-arm64/ant-application-security-testing-benchmark/sast-js/case/completeness/single_app_tracing/datatype/array/array_slice_001_T.js] is executing 
2026-04-16 16:32:39.501 INFO EntryPoint [/Users/infinite/Downloads/yasa-macos-arm64/ant-application-security-testing-benchmark/sast-js/case/completeness/single_app_tracing/datatype/array/array_slice_002_F.js] is executing 
2026-04-16 16:32:39.504 INFO EntryPoint [/Users/infinite/Downloads/yasa-macos-arm64/ant-application-security-testing-benchmark/sast-js/case/completeness/single_app_tracing/datatype/array/array_spread_001_T.js] is executing 
2026-04-16 16:32:39.507 INFO EntryPoint [/Users/infinite/Downloads/yasa-macos-arm64/ant-application-security-testing-benchmark/sast-js/case/completeness/single_app_tracing/datatype/array/array_spread_002_F.js] is executing 
2026-04-16 16:32:39.509 INFO EntryPoint [/Users/infinite/Downloads/yasa-macos-arm64/ant-application-security-testing-benchmark/sast-js/case/completeness/single_app_tracing/datatype/collections/set_001_T.js] is executing 
2026-04-16 16:32:39.514 INFO EntryPoint [/Users/infinite/Downloads/yasa-macos-arm64/ant-application-security-testing-benchmark/sast-js/case/completeness/single_app_tracing/datatype/collections/set_002_F.js] is executing 
2026-04-16 16:32:39.517 INFO EntryPoint [/Users/infinite/Downloads/yasa-macos-arm64/ant-application-security-testing-benchmark/sast-js/case/completeness/single_app_tracing/datatype/collections/set_add_001_T.js] is executing 
2026-04-16 16:32:39.520 INFO EntryPoint [/Users/infinite/Downloads/yasa-macos-arm64/ant-application-security-testing-benchmark/sast-js/case/completeness/single_app_tracing/datatype/collections/set_add_002_F.js] is executing 
2026-04-16 16:32:39.523 INFO EntryPoint [/Users/infinite/Downloads/yasa-macos-arm64/ant-application-security-testing-benchmark/sast-js/case/completeness/single_app_tracing/datatype/collections/set_clear_001_T.js] is executing 
2026-04-16 16:32:39.526 INFO EntryPoint [/Users/infinite/Downloads/yasa-macos-arm64/ant-application-security-testing-benchmark/sast-js/case/completeness/single_app_tracing/datatype/collections/set_clear_002_F.js] is executing 
2026-04-16 16:32:39.532 INFO EntryPoint [/Users/infinite/Downloads/yasa-macos-arm64/ant-application-security-testing-benchmark/sast-js/case/completeness/single_app_tracing/datatype/collections/set_delete_001_T.js] is executing 
2026-04-16 16:32:39.535 INFO EntryPoint [/Users/infinite/Downloads/yasa-macos-arm64/ant-application-security-testing-benchmark/sast-js/case/completeness/single_app_tracing/datatype/collections/set_delete_002_F.js] is executing 
2026-04-16 16:32:39.538 INFO EntryPoint [/Users/infinite/Downloads/yasa-macos-arm64/ant-application-security-testing-benchmark/sast-js/case/completeness/single_app_tracing/datatype/map/map_001_T.js] is executing 
2026-04-16 16:32:39.541 INFO EntryPoint [/Users/infinite/Downloads/yasa-macos-arm64/ant-application-security-testing-benchmark/sast-js/case/completeness/single_app_tracing/datatype/map/map_002_F.js] is executing 
2026-04-16 16:32:39.546 INFO EntryPoint [/Users/infinite/Downloads/yasa-macos-arm64/ant-application-security-testing-benchmark/sast-js/case/completeness/single_app_tracing/datatype/map/map_clear_001_T.js] is executing 
2026-04-16 16:32:39.550 INFO EntryPoint [/Users/infinite/Downloads/yasa-macos-arm64/ant-application-security-testing-benchmark/sast-js/case/completeness/single_app_tracing/datatype/map/map_clear_002_F.js] is executing 
2026-04-16 16:32:39.554 INFO EntryPoint [/Users/infinite/Downloads/yasa-macos-arm64/ant-application-security-testing-benchmark/sast-js/case/completeness/single_app_tracing/datatype/map/map_entries_collection_001_T.js] is executing 
2026-04-16 16:32:39.557 INFO EntryPoint [/Users/infinite/Downloads/yasa-macos-arm64/ant-application-security-testing-benchmark/sast-js/case/completeness/single_app_tracing/datatype/map/map_entries_collection_002_F.js] is executing 
2026-04-16 16:32:39.562 INFO EntryPoint [/Users/infinite/Downloads/yasa-macos-arm64/ant-application-security-testing-benchmark/sast-js/case/completeness/single_app_tracing/datatype/map/map_key_delete_001_T.js] is executing 
2026-04-16 16:32:39.572 INFO EntryPoint [/Users/infinite/Downloads/yasa-macos-arm64/ant-application-security-testing-benchmark/sast-js/case/completeness/single_app_tracing/datatype/map/map_key_delete_002_F.js] is executing 
2026-04-16 16:32:39.575 INFO EntryPoint [/Users/infinite/Downloads/yasa-macos-arm64/ant-application-security-testing-benchmark/sast-js/case/completeness/single_app_tracing/datatype/map/map_key_read_001_T.js] is executing 
2026-04-16 16:32:39.579 INFO EntryPoint [/Users/infinite/Downloads/yasa-macos-arm64/ant-application-security-testing-benchmark/sast-js/case/completeness/single_app_tracing/datatype/map/map_key_read_002_F.js] is executing 
2026-04-16 16:32:39.582 INFO EntryPoint [/Users/infinite/Downloads/yasa-macos-arm64/ant-application-security-testing-benchmark/sast-js/case/completeness/single_app_tracing/datatype/map/map_key_update_001_T.js] is executing 
2026-04-16 16:32:39.586 INFO EntryPoint [/Users/infinite/Downloads/yasa-macos-arm64/ant-application-security-testing-benchmark/sast-js/case/completeness/single_app_tracing/datatype/map/map_key_update_002_F.js] is executing 
2026-04-16 16:32:39.589 INFO EntryPoint [/Users/infinite/Downloads/yasa-macos-arm64/ant-application-security-testing-benchmark/sast-js/case/completeness/single_app_tracing/datatype/map/map_keys_collection_001_T.js] is executing 
2026-04-16 16:32:39.592 INFO EntryPoint [/Users/infinite/Downloads/yasa-macos-arm64/ant-application-security-testing-benchmark/sast-js/case/completeness/single_app_tracing/datatype/map/map_keys_collection_002_F.js] is executing 
2026-04-16 16:32:39.596 INFO EntryPoint [/Users/infinite/Downloads/yasa-macos-arm64/ant-application-security-testing-benchmark/sast-js/case/completeness/single_app_tracing/datatype/map/map_values_collection_001_T.js] is executing 
2026-04-16 16:32:39.612 INFO EntryPoint [/Users/infinite/Downloads/yasa-macos-arm64/ant-application-security-testing-benchmark/sast-js/case/completeness/single_app_tracing/datatype/map/map_values_collection_002_F.js] is executing 
2026-04-16 16:32:39.617 INFO EntryPoint [/Users/infinite/Downloads/yasa-macos-arm64/ant-application-security-testing-benchmark/sast-js/case/completeness/single_app_tracing/datatype/primitives/bigint_001_T.js] is executing 
2026-04-16 16:32:39.621 INFO EntryPoint [/Users/infinite/Downloads/yasa-macos-arm64/ant-application-security-testing-benchmark/sast-js/case/completeness/single_app_tracing/datatype/primitives/bigint_002_F.js] is executing 
2026-04-16 16:32:39.623 INFO EntryPoint [/Users/infinite/Downloads/yasa-macos-arm64/ant-application-security-testing-benchmark/sast-js/case/completeness/single_app_tracing/datatype/primitives/boolean_001_T.js] is executing 
2026-04-16 16:32:39.626 INFO EntryPoint [/Users/infinite/Downloads/yasa-macos-arm64/ant-application-security-testing-benchmark/sast-js/case/completeness/single_app_tracing/datatype/primitives/boolean_002_F.js] is executing 
2026-04-16 16:32:39.630 INFO EntryPoint [/Users/infinite/Downloads/yasa-macos-arm64/ant-application-security-testing-benchmark/sast-js/case/completeness/single_app_tracing/datatype/primitives/number_001_T.js] is executing 
2026-04-16 16:32:39.631 INFO EntryPoint [/Users/infinite/Downloads/yasa-macos-arm64/ant-application-security-testing-benchmark/sast-js/case/completeness/single_app_tracing/datatype/primitives/number_002_F.js] is executing 
2026-04-16 16:32:39.633 INFO EntryPoint [/Users/infinite/Downloads/yasa-macos-arm64/ant-application-security-testing-benchmark/sast-js/case/completeness/single_app_tracing/datatype/primitives/string_001_T.js] is executing 
2026-04-16 16:32:39.635 INFO EntryPoint [/Users/infinite/Downloads/yasa-macos-arm64/ant-application-security-testing-benchmark/sast-js/case/completeness/single_app_tracing/datatype/primitives/string_002_F.js] is executing 
2026-04-16 16:32:39.637 INFO EntryPoint [/Users/infinite/Downloads/yasa-macos-arm64/ant-application-security-testing-benchmark/sast-js/case/completeness/single_app_tracing/datatype/primitives/symbol_001_T.js] is executing 
2026-04-16 16:32:39.641 INFO EntryPoint [/Users/infinite/Downloads/yasa-macos-arm64/ant-application-security-testing-benchmark/sast-js/case/completeness/single_app_tracing/datatype/primitives/symbol_002_F.js] is executing 
2026-04-16 16:32:39.643 INFO EntryPoint [/Users/infinite/Downloads/yasa-macos-arm64/ant-application-security-testing-benchmark/sast-js/case/completeness/single_app_tracing/datatype/string/string_concat_001_T.js] is executing 
2026-04-16 16:32:39.646 INFO EntryPoint [/Users/infinite/Downloads/yasa-macos-arm64/ant-application-security-testing-benchmark/sast-js/case/completeness/single_app_tracing/datatype/string/string_concat_002_F.js] is executing 
2026-04-16 16:32:39.649 INFO EntryPoint [/Users/infinite/Downloads/yasa-macos-arm64/ant-application-security-testing-benchmark/sast-js/case/completeness/single_app_tracing/datatype/string/string_create_001_T.js] is executing 
2026-04-16 16:32:39.652 INFO EntryPoint [/Users/infinite/Downloads/yasa-macos-arm64/ant-application-security-testing-benchmark/sast-js/case/completeness/single_app_tracing/datatype/string/string_create_002_F.js] is executing 
2026-04-16 16:32:39.654 INFO EntryPoint [/Users/infinite/Downloads/yasa-macos-arm64/ant-application-security-testing-benchmark/sast-js/case/completeness/single_app_tracing/datatype/string/string_replace_001_T.js] is executing 
2026-04-16 16:32:39.662 INFO EntryPoint [/Users/infinite/Downloads/yasa-macos-arm64/ant-application-security-testing-benchmark/sast-js/case/completeness/single_app_tracing/datatype/string/string_replace_002_F.js] is executing 
2026-04-16 16:32:39.671 INFO EntryPoint [/Users/infinite/Downloads/yasa-macos-arm64/ant-application-security-testing-benchmark/sast-js/case/completeness/single_app_tracing/datatype/string/string_substring_001_T.js] is executing 
2026-04-16 16:32:39.674 INFO EntryPoint [/Users/infinite/Downloads/yasa-macos-arm64/ant-application-security-testing-benchmark/sast-js/case/completeness/single_app_tracing/datatype/string/string_substring_002_F.js] is executing 
2026-04-16 16:32:39.676 INFO EntryPoint [/Users/infinite/Downloads/yasa-macos-arm64/ant-application-security-testing-benchmark/sast-js/case/completeness/single_app_tracing/exception_error/exception_throw/exception_catch_001_T.js] is executing 
2026-04-16 16:32:39.679 INFO EntryPoint [/Users/infinite/Downloads/yasa-macos-arm64/ant-application-security-testing-benchmark/sast-js/case/completeness/single_app_tracing/exception_error/exception_throw/exception_catch_002_F.js] is executing 
2026-04-16 16:32:39.681 INFO EntryPoint [/Users/infinite/Downloads/yasa-macos-arm64/ant-application-security-testing-benchmark/sast-js/case/completeness/single_app_tracing/exception_error/exception_throw/exception_catch_003_T.js] is executing 
2026-04-16 16:32:39.684 INFO EntryPoint [/Users/infinite/Downloads/yasa-macos-arm64/ant-application-security-testing-benchmark/sast-js/case/completeness/single_app_tracing/exception_error/exception_throw/exception_catch_004_F.js] is executing 
2026-04-16 16:32:39.686 INFO EntryPoint [/Users/infinite/Downloads/yasa-macos-arm64/ant-application-security-testing-benchmark/sast-js/case/completeness/single_app_tracing/exception_error/exception_throw/exception_finally_001_T.js] is executing 
2026-04-16 16:32:39.688 INFO EntryPoint [/Users/infinite/Downloads/yasa-macos-arm64/ant-application-security-testing-benchmark/sast-js/case/completeness/single_app_tracing/exception_error/exception_throw/exception_finally_002_F.js] is executing 
2026-04-16 16:32:39.690 INFO EntryPoint [/Users/infinite/Downloads/yasa-macos-arm64/ant-application-security-testing-benchmark/sast-js/case/completeness/single_app_tracing/exception_error/exception_throw/exception_try_001_T.js] is executing 
2026-04-16 16:32:39.692 INFO EntryPoint [/Users/infinite/Downloads/yasa-macos-arm64/ant-application-security-testing-benchmark/sast-js/case/completeness/single_app_tracing/exception_error/exception_throw/exception_try_002_F.js] is executing 
2026-04-16 16:32:39.695 INFO EntryPoint [/Users/infinite/Downloads/yasa-macos-arm64/ant-application-security-testing-benchmark/sast-js/case/completeness/single_app_tracing/expression/basic_expression_operation/assign_expression_001_T.js] is executing 
2026-04-16 16:32:39.697 INFO EntryPoint [/Users/infinite/Downloads/yasa-macos-arm64/ant-application-security-testing-benchmark/sast-js/case/completeness/single_app_tracing/expression/basic_expression_operation/assign_expression_002_F.js] is executing 
2026-04-16 16:32:39.699 INFO EntryPoint [/Users/infinite/Downloads/yasa-macos-arm64/ant-application-security-testing-benchmark/sast-js/case/completeness/single_app_tracing/expression/basic_expression_operation/binary_expression_add_001_T.js] is executing 
2026-04-16 16:32:39.701 INFO EntryPoint [/Users/infinite/Downloads/yasa-macos-arm64/ant-application-security-testing-benchmark/sast-js/case/completeness/single_app_tracing/expression/basic_expression_operation/binary_expression_add_002_F.js] is executing 
2026-04-16 16:32:39.703 INFO EntryPoint [/Users/infinite/Downloads/yasa-macos-arm64/ant-application-security-testing-benchmark/sast-js/case/completeness/single_app_tracing/expression/basic_expression_operation/binary_expression_add_assignment_001_T.js] is executing 
2026-04-16 16:32:39.705 INFO EntryPoint [/Users/infinite/Downloads/yasa-macos-arm64/ant-application-security-testing-benchmark/sast-js/case/completeness/single_app_tracing/expression/basic_expression_operation/binary_expression_add_assignment_002_F.js] is executing 
2026-04-16 16:32:39.707 INFO EntryPoint [/Users/infinite/Downloads/yasa-macos-arm64/ant-application-security-testing-benchmark/sast-js/case/completeness/single_app_tracing/expression/basic_expression_operation/binary_expression_divide_001_T.js] is executing 
2026-04-16 16:32:39.709 INFO EntryPoint [/Users/infinite/Downloads/yasa-macos-arm64/ant-application-security-testing-benchmark/sast-js/case/completeness/single_app_tracing/expression/basic_expression_operation/binary_expression_divide_002_F.js] is executing 
2026-04-16 16:32:39.713 INFO EntryPoint [/Users/infinite/Downloads/yasa-macos-arm64/ant-application-security-testing-benchmark/sast-js/case/completeness/single_app_tracing/expression/basic_expression_operation/binary_expression_divide_assignment_001_T.js] is executing 
2026-04-16 16:32:39.716 INFO EntryPoint [/Users/infinite/Downloads/yasa-macos-arm64/ant-application-security-testing-benchmark/sast-js/case/completeness/single_app_tracing/expression/basic_expression_operation/binary_expression_divide_assignment_002_F.js] is executing 
2026-04-16 16:32:39.720 INFO EntryPoint [/Users/infinite/Downloads/yasa-macos-arm64/ant-application-security-testing-benchmark/sast-js/case/completeness/single_app_tracing/expression/basic_expression_operation/binary_expression_exponentiation_001_T.js] is executing 
2026-04-16 16:32:39.721 INFO EntryPoint [/Users/infinite/Downloads/yasa-macos-arm64/ant-application-security-testing-benchmark/sast-js/case/completeness/single_app_tracing/expression/basic_expression_operation/binary_expression_exponentiation_002_F.js] is executing 
2026-04-16 16:32:39.724 INFO EntryPoint [/Users/infinite/Downloads/yasa-macos-arm64/ant-application-security-testing-benchmark/sast-js/case/completeness/single_app_tracing/expression/basic_expression_operation/binary_expression_modulo_001_T.js] is executing 
2026-04-16 16:32:39.727 INFO EntryPoint [/Users/infinite/Downloads/yasa-macos-arm64/ant-application-security-testing-benchmark/sast-js/case/completeness/single_app_tracing/expression/basic_expression_operation/binary_expression_modulo_002_F.js] is executing 
2026-04-16 16:32:39.730 INFO EntryPoint [/Users/infinite/Downloads/yasa-macos-arm64/ant-application-security-testing-benchmark/sast-js/case/completeness/single_app_tracing/expression/basic_expression_operation/binary_expression_modulo_assignment_001_T.js] is executing 
2026-04-16 16:32:39.732 INFO EntryPoint [/Users/infinite/Downloads/yasa-macos-arm64/ant-application-security-testing-benchmark/sast-js/case/completeness/single_app_tracing/expression/basic_expression_operation/binary_expression_modulo_assignment_002_F.js] is executing 
2026-04-16 16:32:39.735 INFO EntryPoint [/Users/infinite/Downloads/yasa-macos-arm64/ant-application-security-testing-benchmark/sast-js/case/completeness/single_app_tracing/expression/basic_expression_operation/binary_expression_multiply_001_T.js] is executing 
2026-04-16 16:32:39.737 INFO EntryPoint [/Users/infinite/Downloads/yasa-macos-arm64/ant-application-security-testing-benchmark/sast-js/case/completeness/single_app_tracing/expression/basic_expression_operation/binary_expression_multiply_002_F.js] is executing 
2026-04-16 16:32:39.739 INFO EntryPoint [/Users/infinite/Downloads/yasa-macos-arm64/ant-application-security-testing-benchmark/sast-js/case/completeness/single_app_tracing/expression/basic_expression_operation/binary_expression_multiply_assignment_001_T.js] is executing 
2026-04-16 16:32:39.747 INFO EntryPoint [/Users/infinite/Downloads/yasa-macos-arm64/ant-application-security-testing-benchmark/sast-js/case/completeness/single_app_tracing/expression/basic_expression_operation/binary_expression_multiply_assignment_002_F.js] is executing 
2026-04-16 16:32:39.749 INFO EntryPoint [/Users/infinite/Downloads/yasa-macos-arm64/ant-application-security-testing-benchmark/sast-js/case/completeness/single_app_tracing/expression/basic_expression_operation/binary_expression_subtract_001_T.js] is executing 
2026-04-16 16:32:39.751 INFO EntryPoint [/Users/infinite/Downloads/yasa-macos-arm64/ant-application-security-testing-benchmark/sast-js/case/completeness/single_app_tracing/expression/basic_expression_operation/binary_expression_subtract_002_F.js] is executing 
2026-04-16 16:32:39.753 INFO EntryPoint [/Users/infinite/Downloads/yasa-macos-arm64/ant-application-security-testing-benchmark/sast-js/case/completeness/single_app_tracing/expression/basic_expression_operation/binary_expression_subtract_assignment_001_T.js] is executing 
2026-04-16 16:32:39.755 INFO EntryPoint [/Users/infinite/Downloads/yasa-macos-arm64/ant-application-security-testing-benchmark/sast-js/case/completeness/single_app_tracing/expression/basic_expression_operation/binary_expression_subtract_assignment_002_F.js] is executing 
2026-04-16 16:32:39.757 INFO EntryPoint [/Users/infinite/Downloads/yasa-macos-arm64/ant-application-security-testing-benchmark/sast-js/case/completeness/single_app_tracing/expression/basic_expression_operation/bitwise_expression_and_001_T.js] is executing 
2026-04-16 16:32:39.759 INFO EntryPoint [/Users/infinite/Downloads/yasa-macos-arm64/ant-application-security-testing-benchmark/sast-js/case/completeness/single_app_tracing/expression/basic_expression_operation/bitwise_expression_and_002_F.js] is executing 
2026-04-16 16:32:39.760 INFO EntryPoint [/Users/infinite/Downloads/yasa-macos-arm64/ant-application-security-testing-benchmark/sast-js/case/completeness/single_app_tracing/expression/basic_expression_operation/bitwise_expression_lsh_001_T.js] is executing 
2026-04-16 16:32:39.762 INFO EntryPoint [/Users/infinite/Downloads/yasa-macos-arm64/ant-application-security-testing-benchmark/sast-js/case/completeness/single_app_tracing/expression/basic_expression_operation/bitwise_expression_lsh_002_F.js] is executing 
2026-04-16 16:32:39.764 INFO EntryPoint [/Users/infinite/Downloads/yasa-macos-arm64/ant-application-security-testing-benchmark/sast-js/case/completeness/single_app_tracing/expression/basic_expression_operation/bitwise_expression_not_001_T.js] is executing 
2026-04-16 16:32:39.766 INFO EntryPoint [/Users/infinite/Downloads/yasa-macos-arm64/ant-application-security-testing-benchmark/sast-js/case/completeness/single_app_tracing/expression/basic_expression_operation/bitwise_expression_not_002_F.js] is executing 
2026-04-16 16:32:39.768 INFO EntryPoint [/Users/infinite/Downloads/yasa-macos-arm64/ant-application-security-testing-benchmark/sast-js/case/completeness/single_app_tracing/expression/basic_expression_operation/bitwise_expression_or_001_T.js] is executing 
2026-04-16 16:32:39.770 INFO EntryPoint [/Users/infinite/Downloads/yasa-macos-arm64/ant-application-security-testing-benchmark/sast-js/case/completeness/single_app_tracing/expression/basic_expression_operation/bitwise_expression_or_002_F.js] is executing 
2026-04-16 16:32:39.771 INFO EntryPoint [/Users/infinite/Downloads/yasa-macos-arm64/ant-application-security-testing-benchmark/sast-js/case/completeness/single_app_tracing/expression/basic_expression_operation/bitwise_expression_rsh_001_T.js] is executing 
2026-04-16 16:32:39.773 INFO EntryPoint [/Users/infinite/Downloads/yasa-macos-arm64/ant-application-security-testing-benchmark/sast-js/case/completeness/single_app_tracing/expression/basic_expression_operation/bitwise_expression_rsh_002_F.js] is executing 
2026-04-16 16:32:39.774 INFO EntryPoint [/Users/infinite/Downloads/yasa-macos-arm64/ant-application-security-testing-benchmark/sast-js/case/completeness/single_app_tracing/expression/basic_expression_operation/bitwise_expression_xor_001_T.js] is executing 
2026-04-16 16:32:39.776 INFO EntryPoint [/Users/infinite/Downloads/yasa-macos-arm64/ant-application-security-testing-benchmark/sast-js/case/completeness/single_app_tracing/expression/basic_expression_operation/bitwise_expression_xor_002_F.js] is executing 
2026-04-16 16:32:39.778 INFO EntryPoint [/Users/infinite/Downloads/yasa-macos-arm64/ant-application-security-testing-benchmark/sast-js/case/completeness/single_app_tracing/expression/basic_expression_operation/conditional_expression_001_T.js] is executing 
2026-04-16 16:32:39.781 INFO EntryPoint [/Users/infinite/Downloads/yasa-macos-arm64/ant-application-security-testing-benchmark/sast-js/case/completeness/single_app_tracing/expression/basic_expression_operation/conditional_expression_002_F.js] is executing 
2026-04-16 16:32:39.783 INFO EntryPoint [/Users/infinite/Downloads/yasa-macos-arm64/ant-application-security-testing-benchmark/sast-js/case/completeness/single_app_tracing/expression/basic_expression_operation/logic_expression_and_001_F.js] is executing 
2026-04-16 16:32:39.785 INFO EntryPoint [/Users/infinite/Downloads/yasa-macos-arm64/ant-application-security-testing-benchmark/sast-js/case/completeness/single_app_tracing/expression/basic_expression_operation/logic_expression_and_002_T.js] is executing 
2026-04-16 16:32:39.787 INFO EntryPoint [/Users/infinite/Downloads/yasa-macos-arm64/ant-application-security-testing-benchmark/sast-js/case/completeness/single_app_tracing/expression/basic_expression_operation/logic_expression_not_001_T.js] is executing 
2026-04-16 16:32:39.789 INFO EntryPoint [/Users/infinite/Downloads/yasa-macos-arm64/ant-application-security-testing-benchmark/sast-js/case/completeness/single_app_tracing/expression/basic_expression_operation/logic_expression_not_002_F.js] is executing 
2026-04-16 16:32:39.790 INFO EntryPoint [/Users/infinite/Downloads/yasa-macos-arm64/ant-application-security-testing-benchmark/sast-js/case/completeness/single_app_tracing/expression/basic_expression_operation/logic_expression_or_001_T.js] is executing 
2026-04-16 16:32:39.792 INFO EntryPoint [/Users/infinite/Downloads/yasa-macos-arm64/ant-application-security-testing-benchmark/sast-js/case/completeness/single_app_tracing/expression/basic_expression_operation/logic_expression_or_002_F.js] is executing 
2026-04-16 16:32:39.793 INFO EntryPoint [/Users/infinite/Downloads/yasa-macos-arm64/ant-application-security-testing-benchmark/sast-js/case/completeness/single_app_tracing/expression/basic_expression_operation/prefix_expression_001_T.js] is executing 
2026-04-16 16:32:39.795 INFO EntryPoint [/Users/infinite/Downloads/yasa-macos-arm64/ant-application-security-testing-benchmark/sast-js/case/completeness/single_app_tracing/expression/basic_expression_operation/prefix_expression_002_F.js] is executing 
2026-04-16 16:32:39.796 INFO EntryPoint [/Users/infinite/Downloads/yasa-macos-arm64/ant-application-security-testing-benchmark/sast-js/case/completeness/single_app_tracing/expression/basic_expression_operation/relation_expression_equal_001_T.js] is executing 
2026-04-16 16:32:39.798 INFO EntryPoint [/Users/infinite/Downloads/yasa-macos-arm64/ant-application-security-testing-benchmark/sast-js/case/completeness/single_app_tracing/expression/basic_expression_operation/relation_expression_equal_002_F.js] is executing 
2026-04-16 16:32:39.804 INFO EntryPoint [/Users/infinite/Downloads/yasa-macos-arm64/ant-application-security-testing-benchmark/sast-js/case/completeness/single_app_tracing/expression/basic_expression_operation/relation_expression_greater_001_T.js] is executing 
2026-04-16 16:32:39.807 INFO EntryPoint [/Users/infinite/Downloads/yasa-macos-arm64/ant-application-security-testing-benchmark/sast-js/case/completeness/single_app_tracing/expression/basic_expression_operation/relation_expression_greater_002_F.js] is executing 
2026-04-16 16:32:39.809 INFO EntryPoint [/Users/infinite/Downloads/yasa-macos-arm64/ant-application-security-testing-benchmark/sast-js/case/completeness/single_app_tracing/expression/basic_expression_operation/relation_expression_greater_equal_001_T.js] is executing 
2026-04-16 16:32:39.811 INFO EntryPoint [/Users/infinite/Downloads/yasa-macos-arm64/ant-application-security-testing-benchmark/sast-js/case/completeness/single_app_tracing/expression/basic_expression_operation/relation_expression_greater_equal_002_F.js] is executing 
2026-04-16 16:32:39.813 INFO EntryPoint [/Users/infinite/Downloads/yasa-macos-arm64/ant-application-security-testing-benchmark/sast-js/case/completeness/single_app_tracing/expression/basic_expression_operation/relation_expression_less_001_T.js] is executing 
2026-04-16 16:32:39.816 INFO EntryPoint [/Users/infinite/Downloads/yasa-macos-arm64/ant-application-security-testing-benchmark/sast-js/case/completeness/single_app_tracing/expression/basic_expression_operation/relation_expression_less_002_F.js] is executing 
2026-04-16 16:32:39.818 INFO EntryPoint [/Users/infinite/Downloads/yasa-macos-arm64/ant-application-security-testing-benchmark/sast-js/case/completeness/single_app_tracing/expression/basic_expression_operation/relation_expression_less_equal_001_T.js] is executing 
2026-04-16 16:32:39.820 INFO EntryPoint [/Users/infinite/Downloads/yasa-macos-arm64/ant-application-security-testing-benchmark/sast-js/case/completeness/single_app_tracing/expression/basic_expression_operation/relation_expression_less_equal_002_F.js] is executing 
2026-04-16 16:32:39.822 INFO EntryPoint [/Users/infinite/Downloads/yasa-macos-arm64/ant-application-security-testing-benchmark/sast-js/case/completeness/single_app_tracing/expression/basic_expression_operation/relation_expression_not_equal_001_T.js] is executing 
2026-04-16 16:32:39.824 INFO EntryPoint [/Users/infinite/Downloads/yasa-macos-arm64/ant-application-security-testing-benchmark/sast-js/case/completeness/single_app_tracing/expression/basic_expression_operation/relation_expression_not_equal_002_F.js] is executing 
2026-04-16 16:32:39.826 INFO EntryPoint [/Users/infinite/Downloads/yasa-macos-arm64/ant-application-security-testing-benchmark/sast-js/case/completeness/single_app_tracing/expression/basic_expression_operation/relation_expression_strict_not_equal_001_T.js] is executing 
2026-04-16 16:32:39.828 INFO EntryPoint [/Users/infinite/Downloads/yasa-macos-arm64/ant-application-security-testing-benchmark/sast-js/case/completeness/single_app_tracing/expression/basic_expression_operation/relation_expression_strict_not_equal_002_F.js] is executing 
2026-04-16 16:32:39.830 INFO EntryPoint [/Users/infinite/Downloads/yasa-macos-arm64/ant-application-security-testing-benchmark/sast-js/case/completeness/single_app_tracing/expression/basic_expression_operation/suffix_expression_001_T.js] is executing 
2026-04-16 16:32:39.831 INFO EntryPoint [/Users/infinite/Downloads/yasa-macos-arm64/ant-application-security-testing-benchmark/sast-js/case/completeness/single_app_tracing/expression/basic_expression_operation/suffix_expression_002_F.js] is executing 
2026-04-16 16:32:39.833 INFO EntryPoint [/Users/infinite/Downloads/yasa-macos-arm64/ant-application-security-testing-benchmark/sast-js/case/completeness/single_app_tracing/expression/conditional_expression/conditional_expression_001_T.js] is executing 
2026-04-16 16:32:39.835 INFO EntryPoint [/Users/infinite/Downloads/yasa-macos-arm64/ant-application-security-testing-benchmark/sast-js/case/completeness/single_app_tracing/expression/conditional_expression/conditional_expression_002_F.js] is executing 
2026-04-16 16:32:39.837 INFO EntryPoint [/Users/infinite/Downloads/yasa-macos-arm64/ant-application-security-testing-benchmark/sast-js/case/completeness/single_app_tracing/expression/lambda_expression/lambda_expression_001_T.js] is executing 
2026-04-16 16:32:39.839 INFO EntryPoint [/Users/infinite/Downloads/yasa-macos-arm64/ant-application-security-testing-benchmark/sast-js/case/completeness/single_app_tracing/expression/lambda_expression/lambda_expression_002_F.js] is executing 
2026-04-16 16:32:39.842 INFO EntryPoint [/Users/infinite/Downloads/yasa-macos-arm64/ant-application-security-testing-benchmark/sast-js/case/completeness/single_app_tracing/expression/special_expression/delete_expression_001_T.js] is executing 
2026-04-16 16:32:39.844 INFO EntryPoint [/Users/infinite/Downloads/yasa-macos-arm64/ant-application-security-testing-benchmark/sast-js/case/completeness/single_app_tracing/expression/special_expression/delete_expression_002_F.js] is executing 
2026-04-16 16:32:39.846 INFO EntryPoint [/Users/infinite/Downloads/yasa-macos-arm64/ant-application-security-testing-benchmark/sast-js/case/completeness/single_app_tracing/expression/special_expression/delete_expression_003_T.js] is executing 
2026-04-16 16:32:39.848 INFO EntryPoint [/Users/infinite/Downloads/yasa-macos-arm64/ant-application-security-testing-benchmark/sast-js/case/completeness/single_app_tracing/expression/special_expression/delete_expression_004_F.js] is executing 
2026-04-16 16:32:39.850 INFO EntryPoint [/Users/infinite/Downloads/yasa-macos-arm64/ant-application-security-testing-benchmark/sast-js/case/completeness/single_app_tracing/expression/special_expression/destructuring_assignment_001_T.js] is executing 
2026-04-16 16:32:39.852 INFO EntryPoint [/Users/infinite/Downloads/yasa-macos-arm64/ant-application-security-testing-benchmark/sast-js/case/completeness/single_app_tracing/expression/special_expression/destructuring_assignment_002_F.js] is executing 
2026-04-16 16:32:39.854 INFO EntryPoint [/Users/infinite/Downloads/yasa-macos-arm64/ant-application-security-testing-benchmark/sast-js/case/completeness/single_app_tracing/expression/special_expression/destructuring_assignment_003_T.js] is executing 
2026-04-16 16:32:39.856 INFO EntryPoint [/Users/infinite/Downloads/yasa-macos-arm64/ant-application-security-testing-benchmark/sast-js/case/completeness/single_app_tracing/expression/special_expression/destructuring_assignment_004_F.js] is executing 
2026-04-16 16:32:39.864 INFO EntryPoint [/Users/infinite/Downloads/yasa-macos-arm64/ant-application-security-testing-benchmark/sast-js/case/completeness/single_app_tracing/expression/special_expression/destructuring_assignment_005_T.js] is executing 
2026-04-16 16:32:39.867 INFO EntryPoint [/Users/infinite/Downloads/yasa-macos-arm64/ant-application-security-testing-benchmark/sast-js/case/completeness/single_app_tracing/expression/special_expression/destructuring_assignment_006_F.js] is executing 
2026-04-16 16:32:39.869 INFO EntryPoint [/Users/infinite/Downloads/yasa-macos-arm64/ant-application-security-testing-benchmark/sast-js/case/completeness/single_app_tracing/expression/special_expression/destructuring_assignment_007_T.js] is executing 
2026-04-16 16:32:39.872 INFO EntryPoint [/Users/infinite/Downloads/yasa-macos-arm64/ant-application-security-testing-benchmark/sast-js/case/completeness/single_app_tracing/expression/special_expression/destructuring_assignment_008_F.js] is executing 
2026-04-16 16:32:39.875 INFO EntryPoint [/Users/infinite/Downloads/yasa-macos-arm64/ant-application-security-testing-benchmark/sast-js/case/completeness/single_app_tracing/expression/special_expression/exponentiation_operator_001_T.js] is executing 
2026-04-16 16:32:39.878 INFO EntryPoint [/Users/infinite/Downloads/yasa-macos-arm64/ant-application-security-testing-benchmark/sast-js/case/completeness/single_app_tracing/expression/special_expression/exponentiation_operator_002_F.js] is executing 
2026-04-16 16:32:39.879 INFO EntryPoint [/Users/infinite/Downloads/yasa-macos-arm64/ant-application-security-testing-benchmark/sast-js/case/completeness/single_app_tracing/expression/special_expression/nullish_coalescing_operator_001_T.js] is executing 
2026-04-16 16:32:39.881 INFO EntryPoint [/Users/infinite/Downloads/yasa-macos-arm64/ant-application-security-testing-benchmark/sast-js/case/completeness/single_app_tracing/expression/special_expression/nullish_coalescing_operator_002_F.js] is executing 
2026-04-16 16:32:39.882 INFO EntryPoint [/Users/infinite/Downloads/yasa-macos-arm64/ant-application-security-testing-benchmark/sast-js/case/completeness/single_app_tracing/expression/special_expression/optional_chaining_operator_001_T.js] is executing 
2026-04-16 16:32:39.884 INFO EntryPoint [/Users/infinite/Downloads/yasa-macos-arm64/ant-application-security-testing-benchmark/sast-js/case/completeness/single_app_tracing/expression/special_expression/optional_chaining_operator_002_F.js] is executing 
2026-04-16 16:32:39.887 INFO EntryPoint [/Users/infinite/Downloads/yasa-macos-arm64/ant-application-security-testing-benchmark/sast-js/case/completeness/single_app_tracing/expression/special_expression/rest_parameter_001_T.js] is executing 
2026-04-16 16:32:39.890 INFO EntryPoint [/Users/infinite/Downloads/yasa-macos-arm64/ant-application-security-testing-benchmark/sast-js/case/completeness/single_app_tracing/expression/special_expression/rest_parameter_002_F.js] is executing 
2026-04-16 16:32:39.892 INFO EntryPoint [/Users/infinite/Downloads/yasa-macos-arm64/ant-application-security-testing-benchmark/sast-js/case/completeness/single_app_tracing/expression/special_expression/rest_parameter_003_T.js] is executing 
2026-04-16 16:32:39.896 INFO EntryPoint [/Users/infinite/Downloads/yasa-macos-arm64/ant-application-security-testing-benchmark/sast-js/case/completeness/single_app_tracing/expression/special_expression/rest_parameter_004_F.js] is executing 
2026-04-16 16:32:39.899 INFO EntryPoint [/Users/infinite/Downloads/yasa-macos-arm64/ant-application-security-testing-benchmark/sast-js/case/completeness/single_app_tracing/expression/special_expression/rest_parameter_005_T.js] is executing 
2026-04-16 16:32:39.904 INFO EntryPoint [/Users/infinite/Downloads/yasa-macos-arm64/ant-application-security-testing-benchmark/sast-js/case/completeness/single_app_tracing/expression/special_expression/rest_parameter_006_F.js] is executing 
2026-04-16 16:32:39.906 INFO EntryPoint [/Users/infinite/Downloads/yasa-macos-arm64/ant-application-security-testing-benchmark/sast-js/case/completeness/single_app_tracing/expression/special_expression/spread_operator_001_T.js] is executing 
2026-04-16 16:32:39.910 INFO EntryPoint [/Users/infinite/Downloads/yasa-macos-arm64/ant-application-security-testing-benchmark/sast-js/case/completeness/single_app_tracing/expression/special_expression/spread_operator_002_F.js] is executing 
2026-04-16 16:32:39.913 INFO EntryPoint [/Users/infinite/Downloads/yasa-macos-arm64/ant-application-security-testing-benchmark/sast-js/case/completeness/single_app_tracing/expression/special_expression/spread_operator_003_T.js] is executing 
2026-04-16 16:32:39.916 INFO EntryPoint [/Users/infinite/Downloads/yasa-macos-arm64/ant-application-security-testing-benchmark/sast-js/case/completeness/single_app_tracing/expression/special_expression/spread_operator_004_F.js] is executing 
2026-04-16 16:32:39.919 INFO EntryPoint [/Users/infinite/Downloads/yasa-macos-arm64/ant-application-security-testing-benchmark/sast-js/case/completeness/single_app_tracing/expression/special_expression/spread_operator_005_T.js] is executing 
2026-04-16 16:32:39.922 INFO EntryPoint [/Users/infinite/Downloads/yasa-macos-arm64/ant-application-security-testing-benchmark/sast-js/case/completeness/single_app_tracing/expression/special_expression/spread_operator_006_F.js] is executing 
2026-04-16 16:32:39.925 INFO EntryPoint [/Users/infinite/Downloads/yasa-macos-arm64/ant-application-security-testing-benchmark/sast-js/case/completeness/single_app_tracing/expression/special_expression/template_literal_001_T.js] is executing 
2026-04-16 16:32:39.932 INFO EntryPoint [/Users/infinite/Downloads/yasa-macos-arm64/ant-application-security-testing-benchmark/sast-js/case/completeness/single_app_tracing/expression/special_expression/template_literal_002_F.js] is executing 
2026-04-16 16:32:39.935 INFO EntryPoint [/Users/infinite/Downloads/yasa-macos-arm64/ant-application-security-testing-benchmark/sast-js/case/completeness/single_app_tracing/expression/special_expression/template_literal_003_T.js] is executing 
2026-04-16 16:32:39.937 INFO EntryPoint [/Users/infinite/Downloads/yasa-macos-arm64/ant-application-security-testing-benchmark/sast-js/case/completeness/single_app_tracing/expression/special_expression/template_literal_004_F.js] is executing 
2026-04-16 16:32:39.938 INFO EntryPoint [/Users/infinite/Downloads/yasa-macos-arm64/ant-application-security-testing-benchmark/sast-js/case/completeness/single_app_tracing/expression/special_expression/template_literal_005_T.js] is executing 
2026-04-16 16:32:39.940 INFO EntryPoint [/Users/infinite/Downloads/yasa-macos-arm64/ant-application-security-testing-benchmark/sast-js/case/completeness/single_app_tracing/expression/special_expression/template_literal_006_F.js] is executing 
2026-04-16 16:32:39.942 INFO EntryPoint [/Users/infinite/Downloads/yasa-macos-arm64/ant-application-security-testing-benchmark/sast-js/case/completeness/single_app_tracing/expression/this_expression/this_expression_001_T.js] is executing 
2026-04-16 16:32:39.945 INFO EntryPoint [/Users/infinite/Downloads/yasa-macos-arm64/ant-application-security-testing-benchmark/sast-js/case/completeness/single_app_tracing/expression/this_expression/this_expression_002_F.js] is executing 
2026-04-16 16:32:39.947 INFO EntryPoint [/Users/infinite/Downloads/yasa-macos-arm64/ant-application-security-testing-benchmark/sast-js/case/completeness/single_app_tracing/expression/this_expression/this_expression_003_T.js] is executing 
2026-04-16 16:32:39.951 INFO EntryPoint [/Users/infinite/Downloads/yasa-macos-arm64/ant-application-security-testing-benchmark/sast-js/case/completeness/single_app_tracing/expression/this_expression/this_expression_004_F.js] is executing 
2026-04-16 16:32:39.954 INFO EntryPoint [/Users/infinite/Downloads/yasa-macos-arm64/ant-application-security-testing-benchmark/sast-js/case/completeness/single_app_tracing/expression/type_cast/type_cast_001_T.js] is executing 
2026-04-16 16:32:39.957 INFO EntryPoint [/Users/infinite/Downloads/yasa-macos-arm64/ant-application-security-testing-benchmark/sast-js/case/completeness/single_app_tracing/expression/type_cast/type_cast_002_F.js] is executing 
2026-04-16 16:32:39.958 INFO EntryPoint [/Users/infinite/Downloads/yasa-macos-arm64/ant-application-security-testing-benchmark/sast-js/case/completeness/single_app_tracing/expression/type_cast/type_cast_003_T.js] is executing 
2026-04-16 16:32:39.961 INFO EntryPoint [/Users/infinite/Downloads/yasa-macos-arm64/ant-application-security-testing-benchmark/sast-js/case/completeness/single_app_tracing/expression/type_cast/type_cast_004_T.js] is executing 
2026-04-16 16:32:39.964 INFO EntryPoint [/Users/infinite/Downloads/yasa-macos-arm64/ant-application-security-testing-benchmark/sast-js/case/completeness/single_app_tracing/function_call/anonymous_function_closure/anonymous_function_001_F.js] is executing 
2026-04-16 16:32:39.966 INFO EntryPoint [/Users/infinite/Downloads/yasa-macos-arm64/ant-application-security-testing-benchmark/sast-js/case/completeness/single_app_tracing/function_call/anonymous_function_closure/anonymous_function_002_T.js] is executing 
2026-04-16 16:32:39.968 INFO EntryPoint [/Users/infinite/Downloads/yasa-macos-arm64/ant-application-security-testing-benchmark/sast-js/case/completeness/single_app_tracing/function_call/anonymous_function_closure/anonymous_function_003_F.js] is executing 
2026-04-16 16:32:39.971 INFO EntryPoint [/Users/infinite/Downloads/yasa-macos-arm64/ant-application-security-testing-benchmark/sast-js/case/completeness/single_app_tracing/function_call/anonymous_function_closure/anonymous_function_004_T.js] is executing 
2026-04-16 16:32:39.973 INFO EntryPoint [/Users/infinite/Downloads/yasa-macos-arm64/ant-application-security-testing-benchmark/sast-js/case/completeness/single_app_tracing/function_call/anonymous_function_closure/anonymous_function_005_F.js] is executing 
2026-04-16 16:32:39.975 INFO EntryPoint [/Users/infinite/Downloads/yasa-macos-arm64/ant-application-security-testing-benchmark/sast-js/case/completeness/single_app_tracing/function_call/anonymous_function_closure/anonymous_function_006_T.js] is executing 
2026-04-16 16:32:39.977 INFO EntryPoint [/Users/infinite/Downloads/yasa-macos-arm64/ant-application-security-testing-benchmark/sast-js/case/completeness/single_app_tracing/function_call/anonymous_function_closure/closure_function_001_F.js] is executing 
2026-04-16 16:32:39.980 INFO EntryPoint [/Users/infinite/Downloads/yasa-macos-arm64/ant-application-security-testing-benchmark/sast-js/case/completeness/single_app_tracing/function_call/anonymous_function_closure/closure_function_002_T.js] is executing 
2026-04-16 16:32:39.983 INFO EntryPoint [/Users/infinite/Downloads/yasa-macos-arm64/ant-application-security-testing-benchmark/sast-js/case/completeness/single_app_tracing/function_call/anonymous_function_closure/closure_function_003_F.js] is executing 
2026-04-16 16:32:39.985 INFO EntryPoint [/Users/infinite/Downloads/yasa-macos-arm64/ant-application-security-testing-benchmark/sast-js/case/completeness/single_app_tracing/function_call/anonymous_function_closure/closure_function_004_T.js] is executing 
2026-04-16 16:32:39.988 INFO EntryPoint [/Users/infinite/Downloads/yasa-macos-arm64/ant-application-security-testing-benchmark/sast-js/case/completeness/single_app_tracing/function_call/anonymous_function_closure/closure_function_005_F.js] is executing 
2026-04-16 16:32:39.991 INFO EntryPoint [/Users/infinite/Downloads/yasa-macos-arm64/ant-application-security-testing-benchmark/sast-js/case/completeness/single_app_tracing/function_call/anonymous_function_closure/closure_function_006_F.js] is executing 
2026-04-16 16:32:39.993 INFO EntryPoint [/Users/infinite/Downloads/yasa-macos-arm64/ant-application-security-testing-benchmark/sast-js/case/completeness/single_app_tracing/function_call/anonymous_function_closure/closure_function_007_T.js] is executing 
2026-04-16 16:32:39.995 INFO EntryPoint [/Users/infinite/Downloads/yasa-macos-arm64/ant-application-security-testing-benchmark/sast-js/case/completeness/single_app_tracing/function_call/anonymous_function_closure/closure_function_008_F.js] is executing 
2026-04-16 16:32:40.003 INFO EntryPoint [/Users/infinite/Downloads/yasa-macos-arm64/ant-application-security-testing-benchmark/sast-js/case/completeness/single_app_tracing/function_call/anonymous_function_closure/closure_function_009_T.js] is executing 
2026-04-16 16:32:40.006 INFO EntryPoint [/Users/infinite/Downloads/yasa-macos-arm64/ant-application-security-testing-benchmark/sast-js/case/completeness/single_app_tracing/function_call/anonymous_function_closure/closure_function_010_F.js] is executing 
2026-04-16 16:32:40.008 INFO EntryPoint [/Users/infinite/Downloads/yasa-macos-arm64/ant-application-security-testing-benchmark/sast-js/case/completeness/single_app_tracing/function_call/anonymous_function_closure/closure_function_011_T.js] is executing 
2026-04-16 16:32:40.010 INFO EntryPoint [/Users/infinite/Downloads/yasa-macos-arm64/ant-application-security-testing-benchmark/sast-js/case/completeness/single_app_tracing/function_call/anonymous_function_closure/closure_function_012_F.js] is executing 
2026-04-16 16:32:40.012 INFO EntryPoint [/Users/infinite/Downloads/yasa-macos-arm64/ant-application-security-testing-benchmark/sast-js/case/completeness/single_app_tracing/function_call/anonymous_function_closure/closure_function_013_T.js] is executing 
2026-04-16 16:32:40.014 INFO EntryPoint [/Users/infinite/Downloads/yasa-macos-arm64/ant-application-security-testing-benchmark/sast-js/case/completeness/single_app_tracing/function_call/anonymous_function_closure/closure_function_014_F.js] is executing 
2026-04-16 16:32:40.017 INFO EntryPoint [/Users/infinite/Downloads/yasa-macos-arm64/ant-application-security-testing-benchmark/sast-js/case/completeness/single_app_tracing/function_call/anonymous_function_closure/closure_function_015_T.js] is executing 
2026-04-16 16:32:40.020 INFO EntryPoint [/Users/infinite/Downloads/yasa-macos-arm64/ant-application-security-testing-benchmark/sast-js/case/completeness/single_app_tracing/function_call/anonymous_function_closure/closure_function_016_F.js] is executing 
2026-04-16 16:32:40.024 INFO EntryPoint [/Users/infinite/Downloads/yasa-macos-arm64/ant-application-security-testing-benchmark/sast-js/case/completeness/single_app_tracing/function_call/anonymous_function_closure/closure_function_017_T.js] is executing 
2026-04-16 16:32:40.030 INFO EntryPoint [/Users/infinite/Downloads/yasa-macos-arm64/ant-application-security-testing-benchmark/sast-js/case/completeness/single_app_tracing/function_call/argument_passing/argument_passing_default_value_001_F.js] is executing 
2026-04-16 16:32:40.033 INFO EntryPoint [/Users/infinite/Downloads/yasa-macos-arm64/ant-application-security-testing-benchmark/sast-js/case/completeness/single_app_tracing/function_call/argument_passing/argument_passing_default_value_002_T.js] is executing 
2026-04-16 16:32:40.035 INFO EntryPoint [/Users/infinite/Downloads/yasa-macos-arm64/ant-application-security-testing-benchmark/sast-js/case/completeness/single_app_tracing/function_call/argument_passing/argument_passing_destruct_params_001_F.js] is executing 
2026-04-16 16:32:40.037 INFO EntryPoint [/Users/infinite/Downloads/yasa-macos-arm64/ant-application-security-testing-benchmark/sast-js/case/completeness/single_app_tracing/function_call/argument_passing/argument_passing_destruct_params_002_T.js] is executing 
2026-04-16 16:32:40.039 INFO EntryPoint [/Users/infinite/Downloads/yasa-macos-arm64/ant-application-security-testing-benchmark/sast-js/case/completeness/single_app_tracing/function_call/argument_passing/argument_passing_normal_value_001_F.js] is executing 
2026-04-16 16:32:40.041 INFO EntryPoint [/Users/infinite/Downloads/yasa-macos-arm64/ant-application-security-testing-benchmark/sast-js/case/completeness/single_app_tracing/function_call/argument_passing/argument_passing_normal_value_002_T.js] is executing 
2026-04-16 16:32:40.043 INFO EntryPoint [/Users/infinite/Downloads/yasa-macos-arm64/ant-application-security-testing-benchmark/sast-js/case/completeness/single_app_tracing/function_call/argument_passing/argument_passing_normal_value_003_F.js] is executing 
2026-04-16 16:32:40.045 INFO EntryPoint [/Users/infinite/Downloads/yasa-macos-arm64/ant-application-security-testing-benchmark/sast-js/case/completeness/single_app_tracing/function_call/argument_passing/argument_passing_normal_value_004_T.js] is executing 
2026-04-16 16:32:40.047 INFO EntryPoint [/Users/infinite/Downloads/yasa-macos-arm64/ant-application-security-testing-benchmark/sast-js/case/completeness/single_app_tracing/function_call/argument_passing/argument_passing_normal_value_005_F.js] is executing 
2026-04-16 16:32:40.050 INFO EntryPoint [/Users/infinite/Downloads/yasa-macos-arm64/ant-application-security-testing-benchmark/sast-js/case/completeness/single_app_tracing/function_call/argument_passing/argument_passing_normal_value_006_T.js] is executing 
2026-04-16 16:32:40.052 INFO EntryPoint [/Users/infinite/Downloads/yasa-macos-arm64/ant-application-security-testing-benchmark/sast-js/case/completeness/single_app_tracing/function_call/argument_passing/argument_passing_reference_001_F.js] is executing 
2026-04-16 16:32:40.054 INFO EntryPoint [/Users/infinite/Downloads/yasa-macos-arm64/ant-application-security-testing-benchmark/sast-js/case/completeness/single_app_tracing/function_call/argument_passing/argument_passing_reference_002_T.js] is executing 
2026-04-16 16:32:40.057 INFO EntryPoint [/Users/infinite/Downloads/yasa-macos-arm64/ant-application-security-testing-benchmark/sast-js/case/completeness/single_app_tracing/function_call/argument_passing/argument_passing_reference_003_F.js] is executing 
2026-04-16 16:32:40.068 INFO EntryPoint [/Users/infinite/Downloads/yasa-macos-arm64/ant-application-security-testing-benchmark/sast-js/case/completeness/single_app_tracing/function_call/argument_passing/argument_passing_reference_004_T.js] is executing 
2026-04-16 16:32:40.072 INFO EntryPoint [/Users/infinite/Downloads/yasa-macos-arm64/ant-application-security-testing-benchmark/sast-js/case/completeness/single_app_tracing/function_call/argument_passing/argument_passing_reference_005_F.js] is executing 
2026-04-16 16:32:40.075 INFO EntryPoint [/Users/infinite/Downloads/yasa-macos-arm64/ant-application-security-testing-benchmark/sast-js/case/completeness/single_app_tracing/function_call/argument_passing/argument_passing_reference_006_T.js] is executing 
2026-04-16 16:32:40.079 INFO EntryPoint [/Users/infinite/Downloads/yasa-macos-arm64/ant-application-security-testing-benchmark/sast-js/case/completeness/single_app_tracing/function_call/argument_passing/argument_passing_rest_params_001_F.js] is executing 
2026-04-16 16:32:40.081 INFO EntryPoint [/Users/infinite/Downloads/yasa-macos-arm64/ant-application-security-testing-benchmark/sast-js/case/completeness/single_app_tracing/function_call/argument_passing/argument_passing_rest_params_002_T.js] is executing 
2026-04-16 16:32:40.084 INFO EntryPoint [/Users/infinite/Downloads/yasa-macos-arm64/ant-application-security-testing-benchmark/sast-js/case/completeness/single_app_tracing/function_call/argument_passing/argument_passing_spread_params_001_F.js] is executing 
2026-04-16 16:32:40.087 INFO EntryPoint [/Users/infinite/Downloads/yasa-macos-arm64/ant-application-security-testing-benchmark/sast-js/case/completeness/single_app_tracing/function_call/argument_passing/argument_passing_spread_params_002_T.js] is executing 
2026-04-16 16:32:40.089 INFO EntryPoint [/Users/infinite/Downloads/yasa-macos-arm64/ant-application-security-testing-benchmark/sast-js/case/completeness/single_app_tracing/function_call/argument_passing/argument_passing_this_binding_001_F.js] is executing 
2026-04-16 16:32:40.094 INFO EntryPoint [/Users/infinite/Downloads/yasa-macos-arm64/ant-application-security-testing-benchmark/sast-js/case/completeness/single_app_tracing/function_call/argument_passing/argument_passing_this_binding_002_T.js] is executing 
2026-04-16 16:32:40.097 INFO EntryPoint [/Users/infinite/Downloads/yasa-macos-arm64/ant-application-security-testing-benchmark/sast-js/case/completeness/single_app_tracing/function_call/argument_passing/argument_passing_this_binding_003_F.js] is executing 
2026-04-16 16:32:40.100 INFO EntryPoint [/Users/infinite/Downloads/yasa-macos-arm64/ant-application-security-testing-benchmark/sast-js/case/completeness/single_app_tracing/function_call/argument_passing/argument_passing_this_binding_004_T.js] is executing 
2026-04-16 16:32:40.105 INFO EntryPoint [/Users/infinite/Downloads/yasa-macos-arm64/ant-application-security-testing-benchmark/sast-js/case/completeness/single_app_tracing/function_call/arrow_function/arrow_function_001_F.js] is executing 
2026-04-16 16:32:40.107 INFO EntryPoint [/Users/infinite/Downloads/yasa-macos-arm64/ant-application-security-testing-benchmark/sast-js/case/completeness/single_app_tracing/function_call/arrow_function/arrow_function_002_T.js] is executing 
2026-04-16 16:32:40.110 INFO EntryPoint [/Users/infinite/Downloads/yasa-macos-arm64/ant-application-security-testing-benchmark/sast-js/case/completeness/single_app_tracing/function_call/arrow_function/arrow_function_003_F.js] is executing 
2026-04-16 16:32:40.115 INFO EntryPoint [/Users/infinite/Downloads/yasa-macos-arm64/ant-application-security-testing-benchmark/sast-js/case/completeness/single_app_tracing/function_call/arrow_function/arrow_function_004_T.js] is executing 
2026-04-16 16:32:40.118 INFO EntryPoint [/Users/infinite/Downloads/yasa-macos-arm64/ant-application-security-testing-benchmark/sast-js/case/completeness/single_app_tracing/function_call/arrow_function/arrow_function_005_F.js] is executing 
2026-04-16 16:32:40.122 INFO EntryPoint [/Users/infinite/Downloads/yasa-macos-arm64/ant-application-security-testing-benchmark/sast-js/case/completeness/single_app_tracing/function_call/arrow_function/arrow_function_006_T.js] is executing 
2026-04-16 16:32:40.124 INFO EntryPoint [/Users/infinite/Downloads/yasa-macos-arm64/ant-application-security-testing-benchmark/sast-js/case/completeness/single_app_tracing/function_call/arrow_function/arrow_function_007_F.js] is executing 
2026-04-16 16:32:40.128 INFO EntryPoint [/Users/infinite/Downloads/yasa-macos-arm64/ant-application-security-testing-benchmark/sast-js/case/completeness/single_app_tracing/function_call/arrow_function/arrow_function_008_T.js] is executing 
2026-04-16 16:32:40.131 INFO EntryPoint [/Users/infinite/Downloads/yasa-macos-arm64/ant-application-security-testing-benchmark/sast-js/case/completeness/single_app_tracing/function_call/arrow_function/arrow_function_009_F.js] is executing 
2026-04-16 16:32:40.134 INFO EntryPoint [/Users/infinite/Downloads/yasa-macos-arm64/ant-application-security-testing-benchmark/sast-js/case/completeness/single_app_tracing/function_call/arrow_function/arrow_function_010_T.js] is executing 
2026-04-16 16:32:40.140 INFO EntryPoint [/Users/infinite/Downloads/yasa-macos-arm64/ant-application-security-testing-benchmark/sast-js/case/completeness/single_app_tracing/function_call/chained_call/chained_call_001_F.js] is executing 
2026-04-16 16:32:40.158 INFO EntryPoint [/Users/infinite/Downloads/yasa-macos-arm64/ant-application-security-testing-benchmark/sast-js/case/completeness/single_app_tracing/function_call/chained_call/chained_call_002_T.js] is executing 
2026-04-16 16:32:40.166 INFO EntryPoint [/Users/infinite/Downloads/yasa-macos-arm64/ant-application-security-testing-benchmark/sast-js/case/completeness/single_app_tracing/function_call/decorator_function/class_decorator_001_F.js] is executing 
2026-04-16 16:32:40.169 INFO EntryPoint [/Users/infinite/Downloads/yasa-macos-arm64/ant-application-security-testing-benchmark/sast-js/case/completeness/single_app_tracing/function_call/decorator_function/class_decorator_002_T.js] is executing 
2026-04-16 16:32:40.172 INFO EntryPoint [/Users/infinite/Downloads/yasa-macos-arm64/ant-application-security-testing-benchmark/sast-js/case/completeness/single_app_tracing/function_call/decorator_function/class_decorator_003_F.js] is executing 
2026-04-16 16:32:40.175 INFO EntryPoint [/Users/infinite/Downloads/yasa-macos-arm64/ant-application-security-testing-benchmark/sast-js/case/completeness/single_app_tracing/function_call/decorator_function/class_decorator_004_T.js] is executing 
2026-04-16 16:32:40.178 INFO EntryPoint [/Users/infinite/Downloads/yasa-macos-arm64/ant-application-security-testing-benchmark/sast-js/case/completeness/single_app_tracing/function_call/decorator_function/class_member_decorator_001_F.js] is executing 
2026-04-16 16:32:40.182 INFO EntryPoint [/Users/infinite/Downloads/yasa-macos-arm64/ant-application-security-testing-benchmark/sast-js/case/completeness/single_app_tracing/function_call/decorator_function/class_member_decorator_002_T.js] is executing 
2026-04-16 16:32:40.185 INFO EntryPoint [/Users/infinite/Downloads/yasa-macos-arm64/ant-application-security-testing-benchmark/sast-js/case/completeness/single_app_tracing/function_call/decorator_function/function_decorator_001_F.js] is executing 
2026-04-16 16:32:40.189 INFO EntryPoint [/Users/infinite/Downloads/yasa-macos-arm64/ant-application-security-testing-benchmark/sast-js/case/completeness/single_app_tracing/function_call/decorator_function/function_decorator_002_T.js] is executing 
2026-04-16 16:32:40.192 INFO EntryPoint [/Users/infinite/Downloads/yasa-macos-arm64/ant-application-security-testing-benchmark/sast-js/case/completeness/single_app_tracing/function_call/decorator_function/function_decorator_003_F.js] is executing 
2026-04-16 16:32:40.195 INFO EntryPoint [/Users/infinite/Downloads/yasa-macos-arm64/ant-application-security-testing-benchmark/sast-js/case/completeness/single_app_tracing/function_call/decorator_function/function_decorator_004_T.js] is executing 
2026-04-16 16:32:40.198 INFO EntryPoint [/Users/infinite/Downloads/yasa-macos-arm64/ant-application-security-testing-benchmark/sast-js/case/completeness/single_app_tracing/function_call/generator_function/generator_function_001_F.js] is executing 
2026-04-16 16:32:40.201 INFO EntryPoint [/Users/infinite/Downloads/yasa-macos-arm64/ant-application-security-testing-benchmark/sast-js/case/completeness/single_app_tracing/function_call/generator_function/generator_function_002_T.js] is executing 
2026-04-16 16:32:40.203 INFO EntryPoint [/Users/infinite/Downloads/yasa-macos-arm64/ant-application-security-testing-benchmark/sast-js/case/completeness/single_app_tracing/function_call/generator_function/generator_function_003_F.js] is executing 
2026-04-16 16:32:40.206 INFO EntryPoint [/Users/infinite/Downloads/yasa-macos-arm64/ant-application-security-testing-benchmark/sast-js/case/completeness/single_app_tracing/function_call/generator_function/generator_function_004_T.js] is executing 
2026-04-16 16:32:40.209 INFO EntryPoint [/Users/infinite/Downloads/yasa-macos-arm64/ant-application-security-testing-benchmark/sast-js/case/completeness/single_app_tracing/function_call/higher_order_function/higher_order_function_001_F.js] is executing 
2026-04-16 16:32:40.211 INFO EntryPoint [/Users/infinite/Downloads/yasa-macos-arm64/ant-application-security-testing-benchmark/sast-js/case/completeness/single_app_tracing/function_call/higher_order_function/higher_order_function_002_T.js] is executing 
2026-04-16 16:32:40.214 INFO EntryPoint [/Users/infinite/Downloads/yasa-macos-arm64/ant-application-security-testing-benchmark/sast-js/case/completeness/single_app_tracing/function_call/higher_order_function/higher_order_function_003_F.js] is executing 
2026-04-16 16:32:40.218 INFO EntryPoint [/Users/infinite/Downloads/yasa-macos-arm64/ant-application-security-testing-benchmark/sast-js/case/completeness/single_app_tracing/function_call/higher_order_function/higher_order_function_004_T.js] is executing 
2026-04-16 16:32:40.227 INFO EntryPoint [/Users/infinite/Downloads/yasa-macos-arm64/ant-application-security-testing-benchmark/sast-js/case/completeness/single_app_tracing/function_call/higher_order_function/higher_order_function_005_F.js] is executing 
2026-04-16 16:32:40.230 INFO EntryPoint [/Users/infinite/Downloads/yasa-macos-arm64/ant-application-security-testing-benchmark/sast-js/case/completeness/single_app_tracing/function_call/higher_order_function/higher_order_function_006_T.js] is executing 
2026-04-16 16:32:40.234 INFO EntryPoint [/Users/infinite/Downloads/yasa-macos-arm64/ant-application-security-testing-benchmark/sast-js/case/completeness/single_app_tracing/function_call/higher_order_function/higher_order_function_007_F.js] is executing 
2026-04-16 16:32:40.236 INFO EntryPoint [/Users/infinite/Downloads/yasa-macos-arm64/ant-application-security-testing-benchmark/sast-js/case/completeness/single_app_tracing/function_call/higher_order_function/higher_order_function_008_T.js] is executing 
2026-04-16 16:32:40.239 INFO EntryPoint [/Users/infinite/Downloads/yasa-macos-arm64/ant-application-security-testing-benchmark/sast-js/case/completeness/single_app_tracing/function_call/higher_order_function/higher_order_function_009_F.js] is executing 
2026-04-16 16:32:40.241 INFO EntryPoint [/Users/infinite/Downloads/yasa-macos-arm64/ant-application-security-testing-benchmark/sast-js/case/completeness/single_app_tracing/function_call/higher_order_function/higher_order_function_010_T.js] is executing 
2026-04-16 16:32:40.244 INFO EntryPoint [/Users/infinite/Downloads/yasa-macos-arm64/ant-application-security-testing-benchmark/sast-js/case/completeness/single_app_tracing/function_call/library_function/json_001_T.js] is executing 
2026-04-16 16:32:40.246 INFO EntryPoint [/Users/infinite/Downloads/yasa-macos-arm64/ant-application-security-testing-benchmark/sast-js/case/completeness/single_app_tracing/function_call/library_function/json_002_F.js] is executing 
2026-04-16 16:32:40.249 INFO EntryPoint [/Users/infinite/Downloads/yasa-macos-arm64/ant-application-security-testing-benchmark/sast-js/case/completeness/single_app_tracing/function_call/library_function/string_001_T.js] is executing 
2026-04-16 16:32:40.251 INFO EntryPoint [/Users/infinite/Downloads/yasa-macos-arm64/ant-application-security-testing-benchmark/sast-js/case/completeness/single_app_tracing/function_call/library_function/string_002_F.js] is executing 
2026-04-16 16:32:40.253 INFO EntryPoint [/Users/infinite/Downloads/yasa-macos-arm64/ant-application-security-testing-benchmark/sast-js/case/completeness/single_app_tracing/function_call/override/constructor_extends_001_T.js] is executing 
2026-04-16 16:32:40.258 INFO EntryPoint [/Users/infinite/Downloads/yasa-macos-arm64/ant-application-security-testing-benchmark/sast-js/case/completeness/single_app_tracing/function_call/override/constructor_extends_002_F.js] is executing 
2026-04-16 16:32:40.261 INFO EntryPoint [/Users/infinite/Downloads/yasa-macos-arm64/ant-application-security-testing-benchmark/sast-js/case/completeness/single_app_tracing/function_call/override/constructor_extends_003_T.js] is executing 
2026-04-16 16:32:40.265 INFO EntryPoint [/Users/infinite/Downloads/yasa-macos-arm64/ant-application-security-testing-benchmark/sast-js/case/completeness/single_app_tracing/function_call/override/constructor_extends_004_F.js] is executing 
2026-04-16 16:32:40.269 INFO EntryPoint [/Users/infinite/Downloads/yasa-macos-arm64/ant-application-security-testing-benchmark/sast-js/case/completeness/single_app_tracing/function_call/override/polymorphism_override_001_T.js] is executing 
2026-04-16 16:32:40.271 INFO EntryPoint [/Users/infinite/Downloads/yasa-macos-arm64/ant-application-security-testing-benchmark/sast-js/case/completeness/single_app_tracing/function_call/override/polymorphism_override_002_F.js] is executing 
2026-04-16 16:32:40.274 INFO EntryPoint [/Users/infinite/Downloads/yasa-macos-arm64/ant-application-security-testing-benchmark/sast-js/case/completeness/single_app_tracing/function_call/override/prototype_extends_001_T.js] is executing 
2026-04-16 16:32:40.278 INFO EntryPoint [/Users/infinite/Downloads/yasa-macos-arm64/ant-application-security-testing-benchmark/sast-js/case/completeness/single_app_tracing/function_call/override/prototype_extends_002_F.js] is executing 
2026-04-16 16:32:40.287 INFO EntryPoint [/Users/infinite/Downloads/yasa-macos-arm64/ant-application-security-testing-benchmark/sast-js/case/completeness/single_app_tracing/function_call/return_value_passing/return_array_method_001_F.js] is executing 
2026-04-16 16:32:40.289 INFO EntryPoint [/Users/infinite/Downloads/yasa-macos-arm64/ant-application-security-testing-benchmark/sast-js/case/completeness/single_app_tracing/function_call/return_value_passing/return_array_method_002_T.js] is executing 
2026-04-16 16:32:40.292 INFO EntryPoint [/Users/infinite/Downloads/yasa-macos-arm64/ant-application-security-testing-benchmark/sast-js/case/completeness/single_app_tracing/function_call/return_value_passing/return_destruct_001_F.js] is executing 
2026-04-16 16:32:40.294 INFO EntryPoint [/Users/infinite/Downloads/yasa-macos-arm64/ant-application-security-testing-benchmark/sast-js/case/completeness/single_app_tracing/function_call/return_value_passing/return_destruct_002_T.js] is executing 
2026-04-16 16:32:40.297 INFO EntryPoint [/Users/infinite/Downloads/yasa-macos-arm64/ant-application-security-testing-benchmark/sast-js/case/completeness/single_app_tracing/function_call/return_value_passing/return_normal_value_passing_001_F.js] is executing 
2026-04-16 16:32:40.299 INFO EntryPoint [/Users/infinite/Downloads/yasa-macos-arm64/ant-application-security-testing-benchmark/sast-js/case/completeness/single_app_tracing/function_call/return_value_passing/return_normal_value_passing_002_T.js] is executing 
2026-04-16 16:32:40.300 INFO EntryPoint [/Users/infinite/Downloads/yasa-macos-arm64/ant-application-security-testing-benchmark/sast-js/case/completeness/single_app_tracing/function_call/static_method/static_method_001_T.js] is executing 
2026-04-16 16:32:40.302 INFO EntryPoint [/Users/infinite/Downloads/yasa-macos-arm64/ant-application-security-testing-benchmark/sast-js/case/completeness/single_app_tracing/function_call/static_method/static_method_002_F.js] is executing 
2026-04-16 16:32:40.305 INFO EntryPoint [/Users/infinite/Downloads/yasa-macos-arm64/ant-application-security-testing-benchmark/sast-js/case/completeness/single_app_tracing/function_call/tagged_template_literals/tagged_template_literal_001_F.js] is executing 
2026-04-16 16:32:40.306 INFO EntryPoint [/Users/infinite/Downloads/yasa-macos-arm64/ant-application-security-testing-benchmark/sast-js/case/completeness/single_app_tracing/function_call/tagged_template_literals/tagged_template_literal_002_T.js] is executing 
2026-04-16 16:32:40.307 INFO EntryPoint [/Users/infinite/Downloads/yasa-macos-arm64/ant-application-security-testing-benchmark/sast-js/case/completeness/single_app_tracing/interface_class/anonymous_object/anonymous_object_001_T.js] is executing 
2026-04-16 16:32:40.309 INFO EntryPoint [/Users/infinite/Downloads/yasa-macos-arm64/ant-application-security-testing-benchmark/sast-js/case/completeness/single_app_tracing/interface_class/anonymous_object/anonymous_object_002_F.js] is executing 
2026-04-16 16:32:40.312 INFO EntryPoint [/Users/infinite/Downloads/yasa-macos-arm64/ant-application-security-testing-benchmark/sast-js/case/completeness/single_app_tracing/interface_class/anonymous_object/anonymous_object_003_T.js] is executing 
2026-04-16 16:32:40.313 INFO EntryPoint [/Users/infinite/Downloads/yasa-macos-arm64/ant-application-security-testing-benchmark/sast-js/case/completeness/single_app_tracing/interface_class/anonymous_object/anonymous_object_004_F.js] is executing 
2026-04-16 16:32:40.315 INFO EntryPoint [/Users/infinite/Downloads/yasa-macos-arm64/ant-application-security-testing-benchmark/sast-js/case/completeness/single_app_tracing/interface_class/anonymous_object/anonymous_object_005_T.js] is executing 
2026-04-16 16:32:40.317 INFO EntryPoint [/Users/infinite/Downloads/yasa-macos-arm64/ant-application-security-testing-benchmark/sast-js/case/completeness/single_app_tracing/interface_class/anonymous_object/anonymous_object_006_F.js] is executing 
2026-04-16 16:32:40.325 INFO EntryPoint [/Users/infinite/Downloads/yasa-macos-arm64/ant-application-security-testing-benchmark/sast-js/case/completeness/single_app_tracing/interface_class/complex_object/cross_class_001_T.js] is executing 
2026-04-16 16:32:40.339 INFO EntryPoint [/Users/infinite/Downloads/yasa-macos-arm64/ant-application-security-testing-benchmark/sast-js/case/completeness/single_app_tracing/interface_class/complex_object/cross_class_002_F.js] is executing 
2026-04-16 16:32:40.349 INFO EntryPoint [/Users/infinite/Downloads/yasa-macos-arm64/ant-application-security-testing-benchmark/sast-js/case/completeness/single_app_tracing/interface_class/complex_object/cross_class_003_T.js] is executing 
2026-04-16 16:32:40.357 INFO EntryPoint [/Users/infinite/Downloads/yasa-macos-arm64/ant-application-security-testing-benchmark/sast-js/case/completeness/single_app_tracing/interface_class/complex_object/cross_class_004_F.js] is executing 
2026-04-16 16:32:40.371 INFO EntryPoint [/Users/infinite/Downloads/yasa-macos-arm64/ant-application-security-testing-benchmark/sast-js/case/completeness/single_app_tracing/interface_class/complex_object/cross_class_005_T.js] is executing 
2026-04-16 16:32:40.386 INFO EntryPoint [/Users/infinite/Downloads/yasa-macos-arm64/ant-application-security-testing-benchmark/sast-js/case/completeness/single_app_tracing/interface_class/complex_object/cross_class_006_F.js] is executing 
2026-04-16 16:32:40.388 INFO EntryPoint [/Users/infinite/Downloads/yasa-macos-arm64/ant-application-security-testing-benchmark/sast-js/case/completeness/single_app_tracing/interface_class/complex_object/cross_class_007_T.js] is executing 
2026-04-16 16:32:40.392 INFO EntryPoint [/Users/infinite/Downloads/yasa-macos-arm64/ant-application-security-testing-benchmark/sast-js/case/completeness/single_app_tracing/interface_class/complex_object/cross_class_008_F.js] is executing 
2026-04-16 16:32:40.396 INFO EntryPoint [/Users/infinite/Downloads/yasa-macos-arm64/ant-application-security-testing-benchmark/sast-js/case/completeness/single_app_tracing/interface_class/simple_object/simple_object_001_T.js] is executing 
2026-04-16 16:32:40.399 INFO EntryPoint [/Users/infinite/Downloads/yasa-macos-arm64/ant-application-security-testing-benchmark/sast-js/case/completeness/single_app_tracing/interface_class/simple_object/simple_object_002_F.js] is executing 
2026-04-16 16:32:40.402 INFO EntryPoint [/Users/infinite/Downloads/yasa-macos-arm64/ant-application-security-testing-benchmark/sast-js/case/completeness/single_app_tracing/interface_class/simple_object/simple_object_003_T.js] is executing 
2026-04-16 16:32:40.404 INFO EntryPoint [/Users/infinite/Downloads/yasa-macos-arm64/ant-application-security-testing-benchmark/sast-js/case/completeness/single_app_tracing/interface_class/simple_object/simple_object_004_F.js] is executing 
2026-04-16 16:32:40.405 INFO EntryPoint [/Users/infinite/Downloads/yasa-macos-arm64/ant-application-security-testing-benchmark/sast-js/case/completeness/single_app_tracing/interface_class/simple_object/simple_object_005_T.js] is executing 
2026-04-16 16:32:40.407 INFO EntryPoint [/Users/infinite/Downloads/yasa-macos-arm64/ant-application-security-testing-benchmark/sast-js/case/completeness/single_app_tracing/interface_class/simple_object/simple_object_006_F.js] is executing 
2026-04-16 16:32:40.408 INFO EntryPoint [/Users/infinite/Downloads/yasa-macos-arm64/ant-application-security-testing-benchmark/sast-js/case/completeness/single_app_tracing/interface_class/subclass/inheritance_parent_property_001_T.js] is executing 
2026-04-16 16:32:40.414 INFO EntryPoint [/Users/infinite/Downloads/yasa-macos-arm64/ant-application-security-testing-benchmark/sast-js/case/completeness/single_app_tracing/interface_class/subclass/inheritance_parent_property_002_F.js] is executing 
2026-04-16 16:32:40.417 INFO EntryPoint [/Users/infinite/Downloads/yasa-macos-arm64/ant-application-security-testing-benchmark/sast-js/case/completeness/single_app_tracing/interface_class/subclass/inheritance_super_call_001_T.js] is executing 
2026-04-16 16:32:40.420 INFO EntryPoint [/Users/infinite/Downloads/yasa-macos-arm64/ant-application-security-testing-benchmark/sast-js/case/completeness/single_app_tracing/interface_class/subclass/inheritance_super_call_002_F.js] is executing 
2026-04-16 16:32:40.423 INFO EntryPoint [/Users/infinite/Downloads/yasa-macos-arm64/ant-application-security-testing-benchmark/sast-js/case/completeness/single_app_tracing/interface_class/subclass/method_override_001_T.js] is executing 
2026-04-16 16:32:40.425 INFO EntryPoint [/Users/infinite/Downloads/yasa-macos-arm64/ant-application-security-testing-benchmark/sast-js/case/completeness/single_app_tracing/interface_class/subclass/method_override_002_F.js] is executing 
2026-04-16 16:32:40.429 INFO EntryPoint [/Users/infinite/Downloads/yasa-macos-arm64/ant-application-security-testing-benchmark/sast-js/case/completeness/single_app_tracing/variable_scope/private_variable/private_variable_001_T.js] is executing 
2026-04-16 16:32:40.432 INFO EntryPoint [/Users/infinite/Downloads/yasa-macos-arm64/ant-application-security-testing-benchmark/sast-js/case/completeness/single_app_tracing/variable_scope/private_variable/private_variable_002_F.js] is executing 
2026-04-16 16:32:40.435 INFO EntryPoint [/Users/infinite/Downloads/yasa-macos-arm64/ant-application-security-testing-benchmark/sast-js/case/completeness/single_app_tracing/variable_scope/static_variable/static_variable_001_T.js] is executing 
2026-04-16 16:32:40.437 INFO EntryPoint [/Users/infinite/Downloads/yasa-macos-arm64/ant-application-security-testing-benchmark/sast-js/case/completeness/single_app_tracing/variable_scope/static_variable/static_variable_002_F.js] is executing 
2026-04-16 16:32:40.438 INFO EntryPoint [/Users/infinite/Downloads/yasa-macos-arm64/ant-application-security-testing-benchmark/sast-js/case/completeness/single_app_tracing/variable_scope/static_variable/static_variable_003_T.js] is executing 
2026-04-16 16:32:40.448 INFO EntryPoint [/Users/infinite/Downloads/yasa-macos-arm64/ant-application-security-testing-benchmark/sast-js/case/completeness/single_app_tracing/variable_scope/static_variable/static_variable_004_F.js] is executing 
2026-04-16 16:32:40.452 INFO EntryPoint [/Users/infinite/Downloads/yasa-macos-arm64/ant-application-security-testing-benchmark/sast-js/case/completeness/single_app_tracing/cross_file_package_namespace/cross_module/cross_module_001_T/A/cross_module_001_T_a.js] is executing 
2026-04-16 16:32:40.452 INFO EntryPoint [/Users/infinite/Downloads/yasa-macos-arm64/ant-application-security-testing-benchmark/sast-js/case/completeness/single_app_tracing/cross_file_package_namespace/cross_module/cross_module_001_T/B/cross_module_001_T_b.js] is executing 
2026-04-16 16:32:40.455 INFO EntryPoint [/Users/infinite/Downloads/yasa-macos-arm64/ant-application-security-testing-benchmark/sast-js/case/completeness/single_app_tracing/cross_file_package_namespace/cross_module/cross_module_002_F/A/cross_module_002_F_a.js] is executing 
2026-04-16 16:32:40.456 INFO EntryPoint [/Users/infinite/Downloads/yasa-macos-arm64/ant-application-security-testing-benchmark/sast-js/case/completeness/single_app_tracing/cross_file_package_namespace/cross_module/cross_module_002_F/B/cross_module_002_F_b.js] is executing 
2026-04-16 16:32:40.457 INFO EntryPoint [/Users/infinite/Downloads/yasa-macos-arm64/ant-application-security-testing-benchmark/sast-js/case/completeness/single_app_tracing/cross_file_package_namespace/cross_module/cross_module_003_T/A/cross_module_003_T_a.js] is executing 
2026-04-16 16:32:40.457 INFO EntryPoint [/Users/infinite/Downloads/yasa-macos-arm64/ant-application-security-testing-benchmark/sast-js/case/completeness/single_app_tracing/cross_file_package_namespace/cross_module/cross_module_003_T/B/cross_module_003_T_b.js] is executing 
2026-04-16 16:32:40.459 INFO EntryPoint [/Users/infinite/Downloads/yasa-macos-arm64/ant-application-security-testing-benchmark/sast-js/case/completeness/single_app_tracing/cross_file_package_namespace/cross_module/cross_module_004_F/A/cross_module_004_F_a.js] is executing 
2026-04-16 16:32:40.459 INFO EntryPoint [/Users/infinite/Downloads/yasa-macos-arm64/ant-application-security-testing-benchmark/sast-js/case/completeness/single_app_tracing/cross_file_package_namespace/cross_module/cross_module_004_F/B/cross_module_004_F_b.js] is executing 
2026-04-16 16:32:40.461 INFO EntryPoint [/Users/infinite/Downloads/yasa-macos-arm64/ant-application-security-testing-benchmark/sast-js/case/completeness/single_app_tracing/cross_file_package_namespace/cross_module/cross_module_005_T/A/cross_module_005_T_a.js] is executing 
2026-04-16 16:32:40.461 INFO EntryPoint [/Users/infinite/Downloads/yasa-macos-arm64/ant-application-security-testing-benchmark/sast-js/case/completeness/single_app_tracing/cross_file_package_namespace/cross_module/cross_module_005_T/B/cross_module_005_T_b.js] is executing 
2026-04-16 16:32:40.462 INFO EntryPoint [/Users/infinite/Downloads/yasa-macos-arm64/ant-application-security-testing-benchmark/sast-js/case/completeness/single_app_tracing/cross_file_package_namespace/cross_module/cross_module_006_F/A/cross_module_006_F_a.js] is executing 
2026-04-16 16:32:40.463 INFO EntryPoint [/Users/infinite/Downloads/yasa-macos-arm64/ant-application-security-testing-benchmark/sast-js/case/completeness/single_app_tracing/cross_file_package_namespace/cross_module/cross_module_006_F/B/cross_module_006_F_b.js] is executing 
2026-04-16 16:32:40.464 INFO EntryPoint [/Users/infinite/Downloads/yasa-macos-arm64/ant-application-security-testing-benchmark/sast-js/case/completeness/single_app_tracing/cross_file_package_namespace/cross_module/cross_module_007_T/A/cross_module_007_T_a.js] is executing 
2026-04-16 16:32:40.464 INFO EntryPoint [/Users/infinite/Downloads/yasa-macos-arm64/ant-application-security-testing-benchmark/sast-js/case/completeness/single_app_tracing/cross_file_package_namespace/cross_module/cross_module_007_T/B/cross_module_007_T_b.js] is executing 
2026-04-16 16:32:40.466 INFO EntryPoint [/Users/infinite/Downloads/yasa-macos-arm64/ant-application-security-testing-benchmark/sast-js/case/completeness/single_app_tracing/cross_file_package_namespace/cross_module/cross_module_008_F/A/cross_module_008_F_a.js] is executing 
2026-04-16 16:32:40.467 INFO EntryPoint [/Users/infinite/Downloads/yasa-macos-arm64/ant-application-security-testing-benchmark/sast-js/case/completeness/single_app_tracing/cross_file_package_namespace/cross_module/cross_module_008_F/B/cross_module_008_F_b.js] is executing 
2026-04-16 16:32:40.468 INFO EntryPoint [/Users/infinite/Downloads/yasa-macos-arm64/ant-application-security-testing-benchmark/sast-js/case/completeness/single_app_tracing/cross_file_package_namespace/cross_module/cross_module_009_T/A/cross_module_009_T_a.js] is executing 
2026-04-16 16:32:40.468 INFO EntryPoint [/Users/infinite/Downloads/yasa-macos-arm64/ant-application-security-testing-benchmark/sast-js/case/completeness/single_app_tracing/cross_file_package_namespace/cross_module/cross_module_009_T/B/cross_module_009_T_b.js] is executing 
2026-04-16 16:32:40.470 INFO EntryPoint [/Users/infinite/Downloads/yasa-macos-arm64/ant-application-security-testing-benchmark/sast-js/case/completeness/single_app_tracing/cross_file_package_namespace/cross_module/cross_module_010_F/A/cross_module_010_F_a.js] is executing 
2026-04-16 16:32:40.470 INFO EntryPoint [/Users/infinite/Downloads/yasa-macos-arm64/ant-application-security-testing-benchmark/sast-js/case/completeness/single_app_tracing/cross_file_package_namespace/cross_module/cross_module_010_F/B/cross_module_010_F_b.js] is executing 
2026-04-16 16:32:40.472 INFO EntryPoint [/Users/infinite/Downloads/yasa-macos-arm64/ant-application-security-testing-benchmark/sast-js/case/completeness/single_app_tracing/cross_file_package_namespace/cross_module/cross_module_011_T/A/cross_module_011_T_a.js] is executing 
2026-04-16 16:32:40.473 INFO EntryPoint [/Users/infinite/Downloads/yasa-macos-arm64/ant-application-security-testing-benchmark/sast-js/case/completeness/single_app_tracing/cross_file_package_namespace/cross_module/cross_module_011_T/B/cross_module_011_T_b.js] is executing 
2026-04-16 16:32:40.475 INFO EntryPoint [/Users/infinite/Downloads/yasa-macos-arm64/ant-application-security-testing-benchmark/sast-js/case/completeness/single_app_tracing/cross_file_package_namespace/cross_module/cross_module_012_F/A/cross_module_012_F_a.js] is executing 
2026-04-16 16:32:40.475 INFO EntryPoint [/Users/infinite/Downloads/yasa-macos-arm64/ant-application-security-testing-benchmark/sast-js/case/completeness/single_app_tracing/cross_file_package_namespace/cross_module/cross_module_012_F/B/cross_module_012_F_b.js] is executing 
2026-04-16 16:32:40.478 INFO EntryPoint [/Users/infinite/Downloads/yasa-macos-arm64/ant-application-security-testing-benchmark/tools/plugin/src/main/resources/scorecard/content/js/bootstrap.js] is executing 
2026-04-16 16:32:43.839 INFO EntryPoint [/Users/infinite/Downloads/yasa-macos-arm64/ant-application-security-testing-benchmark/tools/plugin/src/main/resources/scorecard/content/js/bootstrap.min.js] is executing 
2026-04-16 16:32:45.611 INFO EntryPoint [/Users/infinite/Downloads/yasa-macos-arm64/ant-application-security-testing-benchmark/tools/plugin/src/main/resources/scorecard/content/js/npm.js] is executing 
2026-04-16 16:32:45.612 INFO EntryPoint [/sast-php/calculate-maturity.getArg] is executing
2026-04-16 16:32:45.758 INFO EntryPoint [/sast-php/calculate-maturity.<anonymousFunc_122_$122>] is executing
2026-04-16 16:32:45.759 INFO EntryPoint [/sast-php/calculate-maturity.<anonymousFunc_252_$257>] is executing
2026-04-16 16:32:45.929 INFO EntryPoint [/sast-php/calculate-maturity.<anonymousFunc_271_$271>] is executing
2026-04-16 16:32:45.930 INFO EntryPoint [/sast-php/calculate-maturity.<anonymousFunc_278_$281>] is executing
2026-04-16 16:32:46.079 INFO EntryPoint [/sast-php/generate-config.main] is executing
2026-04-16 16:32:49.369 INFO EntryPoint [/sast-js/case/accuracy/context_sensitive/argument_return_value_passing/argument_passing_value_001_T.argument_passing_value_001_T] is executing
2026-04-16 16:32:49.371 INFO EntryPoint [/sast-js/case/accuracy/context_sensitive/argument_return_value_passing/argument_passing_value_002_F.argument_passing_value_002_F] is executing
2026-04-16 16:32:49.372 INFO EntryPoint [/sast-js/case/accuracy/context_sensitive/argument_return_value_passing/argument_passing_value_003_T.argument_passing_value_003_T] is executing
2026-04-16 16:32:49.373 INFO EntryPoint [/sast-js/case/accuracy/context_sensitive/argument_return_value_passing/argument_passing_value_004_F.argument_passing_value_004_F] is executing
2026-04-16 16:32:49.374 INFO EntryPoint [/sast-js/case/accuracy/context_sensitive/argument_return_value_passing/return_value_passing_001_T.return_value_passing_001_T] is executing
2026-04-16 16:32:49.376 INFO EntryPoint [/sast-js/case/accuracy/context_sensitive/argument_return_value_passing/return_value_passing_002_F.return_value_passing_002_F] is executing
2026-04-16 16:32:49.377 INFO EntryPoint [/sast-js/case/accuracy/context_sensitive/multi_invoke/chain_invoke_001_T.chain_invoke_001_T] is executing
2026-04-16 16:32:49.379 INFO EntryPoint [/sast-js/case/accuracy/context_sensitive/multi_invoke/chain_invoke_002_F.chain_invoke_002_F] is executing
2026-04-16 16:32:49.382 INFO EntryPoint [/sast-js/case/accuracy/context_sensitive/multi_invoke/multi_invoke_001_T.multi_invoke_001_T] is executing
2026-04-16 16:32:49.383 INFO EntryPoint [/sast-js/case/accuracy/context_sensitive/multi_invoke/multi_invoke_002_F.multi_invoke_002_F] is executing
2026-04-16 16:32:49.384 INFO EntryPoint [/sast-js/case/accuracy/context_sensitive/polymorphism/polymorphism_001_T.polymorphism_001_T] is executing
2026-04-16 16:32:49.387 INFO EntryPoint [/sast-js/case/accuracy/context_sensitive/polymorphism/polymorphism_001_T.constructor] is executing
2026-04-16 16:32:49.388 INFO EntryPoint [/sast-js/case/accuracy/context_sensitive/polymorphism/polymorphism_001_T.getData] is executing
2026-04-16 16:32:49.388 INFO EntryPoint [/sast-js/case/accuracy/context_sensitive/polymorphism/polymorphism_001_T.constructor] is executing
2026-04-16 16:32:49.388 INFO EntryPoint [/sast-js/case/accuracy/context_sensitive/polymorphism/polymorphism_001_T.getData] is executing
2026-04-16 16:32:49.388 INFO EntryPoint [/sast-js/case/accuracy/context_sensitive/polymorphism/polymorphism_002_F.polymorphism_002_F] is executing
2026-04-16 16:32:49.391 INFO EntryPoint [/sast-js/case/accuracy/context_sensitive/polymorphism/polymorphism_002_F.constructor] is executing
2026-04-16 16:32:49.391 INFO EntryPoint [/sast-js/case/accuracy/context_sensitive/polymorphism/polymorphism_002_F.getData] is executing
2026-04-16 16:32:49.391 INFO EntryPoint [/sast-js/case/accuracy/context_sensitive/polymorphism/polymorphism_002_F.constructor] is executing
2026-04-16 16:32:49.392 INFO EntryPoint [/sast-js/case/accuracy/context_sensitive/polymorphism/polymorphism_002_F.getData] is executing
2026-04-16 16:32:49.392 INFO EntryPoint [/sast-js/case/accuracy/context_sensitive/polymorphism/polymorphism_003_T.polymorphism_003_T] is executing
2026-04-16 16:32:49.394 INFO EntryPoint [/sast-js/case/accuracy/context_sensitive/polymorphism/polymorphism_003_T.call] is executing
2026-04-16 16:32:49.394 INFO EntryPoint [/sast-js/case/accuracy/context_sensitive/polymorphism/polymorphism_004_F.polymorphism_004_F] is executing
2026-04-16 16:32:49.395 INFO EntryPoint [/sast-js/case/accuracy/context_sensitive/polymorphism/polymorphism_004_F.call] is executing
2026-04-16 16:32:49.396 INFO EntryPoint [/sast-js/case/accuracy/flow_sensitive/asynchronous/promise_defer_001_T.promise_defer_001_T] is executing
2026-04-16 16:32:49.397 INFO EntryPoint [/sast-js/case/accuracy/flow_sensitive/asynchronous/promise_defer_002_F.promise_defer_002_F] is executing
2026-04-16 16:32:49.405 INFO EntryPoint [/sast-js/case/accuracy/flow_sensitive/defer_exectution/queuemicrotask_delay_001_T.queuemicrotask_delay_001_T] is executing
2026-04-16 16:32:49.407 INFO EntryPoint [/sast-js/case/accuracy/flow_sensitive/defer_exectution/queuemicrotask_delay_002_F.queuemicrotask_delay_002_F] is executing
2026-04-16 16:32:49.409 INFO EntryPoint [/sast-js/case/accuracy/flow_sensitive/defer_exectution/setinterval_defer_001_T.setinterval_defer_001_T] is executing
2026-04-16 16:32:49.412 INFO EntryPoint [/sast-js/case/accuracy/flow_sensitive/defer_exectution/setinterval_defer_002_F.setinterval_defer_002_F] is executing
2026-04-16 16:32:49.416 INFO EntryPoint [/sast-js/case/accuracy/flow_sensitive/defer_exectution/settimeout_defer_001_T.settimeout_defer_001_T] is executing
2026-04-16 16:32:49.417 INFO EntryPoint [/sast-js/case/accuracy/flow_sensitive/defer_exectution/settimeout_defer_002_F.settimeout_defer_002_F] is executing
2026-04-16 16:32:49.419 INFO EntryPoint [/sast-js/case/accuracy/flow_sensitive/loop_stmt/dowhile_body_loop_stmt_001_T.dowhile_body_loop_stmt_001_T] is executing
2026-04-16 16:32:49.422 INFO EntryPoint [/sast-js/case/accuracy/flow_sensitive/loop_stmt/dowhile_body_loop_stmt_002_F.dowhile_body_loop_stmt_002_F] is executing
2026-04-16 16:32:49.425 INFO EntryPoint [/sast-js/case/accuracy/flow_sensitive/loop_stmt/for_001_T.for_001_T] is executing
2026-04-16 16:32:49.431 INFO EntryPoint [/sast-js/case/accuracy/flow_sensitive/loop_stmt/for_002_F.for_002_F] is executing
2026-04-16 16:32:49.433 INFO EntryPoint [/sast-js/case/accuracy/flow_sensitive/loop_stmt/for_003_T.for_003_T] is executing
2026-04-16 16:32:49.435 INFO EntryPoint [/sast-js/case/accuracy/flow_sensitive/loop_stmt/for_004_F.for_004_F] is executing
2026-04-16 16:32:49.436 INFO EntryPoint [/sast-js/case/accuracy/flow_sensitive/loop_stmt/forin_body_loop_stmt_001_T.forin_body_loop_stmt_001_T] is executing
2026-04-16 16:32:49.438 INFO EntryPoint [/sast-js/case/accuracy/flow_sensitive/loop_stmt/forin_body_loop_stmt_002_F.forin_body_loop_stmt_002_F] is executing
2026-04-16 16:32:49.440 INFO EntryPoint [/sast-js/case/accuracy/flow_sensitive/loop_stmt/forof_body_loop_stmt_001_T.forof_body_loop_stmt_001_T] is executing
2026-04-16 16:32:49.441 INFO EntryPoint [/sast-js/case/accuracy/flow_sensitive/loop_stmt/forof_body_loop_stmt_002_F.forof_body_loop_stmt_002_F] is executing
2026-04-16 16:32:49.443 INFO EntryPoint [/sast-js/case/accuracy/flow_sensitive/loop_stmt/while_body_loop_stmt_001_T.while_body_loop_stmt_001_T] is executing
2026-04-16 16:32:49.444 INFO EntryPoint [/sast-js/case/accuracy/flow_sensitive/loop_stmt/while_body_loop_stmt_002_F.while_body_loop_stmt_002_F] is executing
2026-04-16 16:32:49.446 INFO EntryPoint [/sast-js/case/accuracy/flow_sensitive/normal_stmt/assign_expression_stmt_001_T.assign_expression_stmt_001_T] is executing
2026-04-16 16:32:49.447 INFO EntryPoint [/sast-js/case/accuracy/flow_sensitive/normal_stmt/assign_expression_stmt_002_F.assign_expression_stmt_002_F] is executing
2026-04-16 16:32:49.448 INFO EntryPoint [/sast-js/case/accuracy/object_field_sensitive/field_sensitive_interface_class/constructor_field_001_T.constructor_field_001_T] is executing
2026-04-16 16:32:49.451 INFO EntryPoint [/sast-js/case/accuracy/object_field_sensitive/field_sensitive_interface_class/constructor_field_002_F.constructor_field_002_F] is executing
2026-04-16 16:32:49.454 INFO EntryPoint [/sast-js/case/accuracy/object_field_sensitive/field_sensitive_interface_class/constructor_field_003_T.constructor_field_003_T] is executing
2026-04-16 16:32:49.458 INFO EntryPoint [/sast-js/case/accuracy/object_field_sensitive/field_sensitive_interface_class/constructor_field_004_F.constructor_field_004_F] is executing
2026-04-16 16:32:49.461 INFO EntryPoint [/sast-js/case/accuracy/object_field_sensitive/field_sensitive_interface_class/field_len_001_T.field_len_001_T] is executing
2026-04-16 16:32:49.464 INFO EntryPoint [/sast-js/case/accuracy/object_field_sensitive/field_sensitive_interface_class/field_len_001_T.constructor] is executing
2026-04-16 16:32:49.465 INFO EntryPoint [/sast-js/case/accuracy/object_field_sensitive/field_sensitive_interface_class/field_len_002_F.field_len_002_F] is executing
2026-04-16 16:32:49.468 INFO EntryPoint [/sast-js/case/accuracy/object_field_sensitive/field_sensitive_interface_class/field_len_002_F.constructor] is executing
2026-04-16 16:32:49.469 INFO EntryPoint [/sast-js/case/accuracy/object_field_sensitive/field_sensitive_interface_class/field_len_003_T.field_len_003_T] is executing
2026-04-16 16:32:49.482 INFO EntryPoint [/sast-js/case/accuracy/object_field_sensitive/field_sensitive_interface_class/field_len_003_T.constructor] is executing
2026-04-16 16:32:49.485 INFO EntryPoint [/sast-js/case/accuracy/object_field_sensitive/field_sensitive_interface_class/field_len_003_T.constructor] is executing
2026-04-16 16:32:49.487 INFO EntryPoint [/sast-js/case/accuracy/object_field_sensitive/field_sensitive_interface_class/field_len_003_T.constructor] is executing
2026-04-16 16:32:49.488 INFO EntryPoint [/sast-js/case/accuracy/object_field_sensitive/field_sensitive_interface_class/field_len_004_F.field_len_004_F] is executing
2026-04-16 16:32:49.496 INFO EntryPoint [/sast-js/case/accuracy/object_field_sensitive/field_sensitive_interface_class/field_len_004_F.constructor] is executing
2026-04-16 16:32:49.500 INFO EntryPoint [/sast-js/case/accuracy/object_field_sensitive/field_sensitive_interface_class/field_len_004_F.constructor] is executing
2026-04-16 16:32:49.502 INFO EntryPoint [/sast-js/case/accuracy/object_field_sensitive/field_sensitive_interface_class/field_len_004_F.constructor] is executing
2026-04-16 16:32:49.503 INFO EntryPoint [/sast-js/case/accuracy/object_field_sensitive/field_sensitive_interface_class/field_len_005_T.field_len_005_T] is executing
2026-04-16 16:32:49.518 INFO EntryPoint [/sast-js/case/accuracy/object_field_sensitive/field_sensitive_interface_class/field_len_005_T.constructor] is executing
2026-04-16 16:32:49.535 INFO EntryPoint [/sast-js/case/accuracy/object_field_sensitive/field_sensitive_interface_class/field_len_005_T.constructor] is executing
2026-04-16 16:32:49.543 INFO EntryPoint [/sast-js/case/accuracy/object_field_sensitive/field_sensitive_interface_class/field_len_005_T.constructor] is executing
2026-04-16 16:32:49.549 INFO EntryPoint [/sast-js/case/accuracy/object_field_sensitive/field_sensitive_interface_class/field_len_005_T.constructor] is executing
2026-04-16 16:32:49.552 INFO EntryPoint [/sast-js/case/accuracy/object_field_sensitive/field_sensitive_interface_class/field_len_005_T.constructor] is executing
2026-04-16 16:32:49.554 INFO EntryPoint [/sast-js/case/accuracy/object_field_sensitive/field_sensitive_interface_class/field_len_005_T.constructor] is executing
2026-04-16 16:32:49.554 INFO EntryPoint [/sast-js/case/accuracy/object_field_sensitive/field_sensitive_interface_class/field_len_006_F.field_len_006_F] is executing
2026-04-16 16:32:49.569 INFO EntryPoint [/sast-js/case/accuracy/object_field_sensitive/field_sensitive_interface_class/field_len_006_F.constructor] is executing
2026-04-16 16:32:49.586 INFO EntryPoint [/sast-js/case/accuracy/object_field_sensitive/field_sensitive_interface_class/field_len_006_F.constructor] is executing
2026-04-16 16:32:49.593 INFO EntryPoint [/sast-js/case/accuracy/object_field_sensitive/field_sensitive_interface_class/field_len_006_F.constructor] is executing
2026-04-16 16:32:49.596 INFO EntryPoint [/sast-js/case/accuracy/object_field_sensitive/field_sensitive_interface_class/field_len_006_F.constructor] is executing
2026-04-16 16:32:49.600 INFO EntryPoint [/sast-js/case/accuracy/object_field_sensitive/field_sensitive_interface_class/field_len_006_F.constructor] is executing
2026-04-16 16:32:49.601 INFO EntryPoint [/sast-js/case/accuracy/object_field_sensitive/field_sensitive_interface_class/field_len_006_F.constructor] is executing
2026-04-16 16:32:49.602 INFO EntryPoint [/sast-js/case/accuracy/object_field_sensitive/field_sensitive_mult_collection/array_multidimensional_collection_001_T.array_multidimensional_collection_001_T] is executing
2026-04-16 16:32:49.604 INFO EntryPoint [/sast-js/case/accuracy/object_field_sensitive/field_sensitive_mult_collection/array_multidimensional_collection_002_F.array_multidimensional_collection_002_F] is executing
2026-04-16 16:32:49.605 INFO EntryPoint [/sast-js/case/accuracy/object_field_sensitive/object_sensitive/array_object_sensitive_001_T.array_object_sensitive_001_T] is executing
2026-04-16 16:32:49.607 INFO EntryPoint [/sast-js/case/accuracy/object_field_sensitive/object_sensitive/array_object_sensitive_002_F.array_object_sensitive_002_F] is executing
2026-04-16 16:32:49.609 INFO EntryPoint [/sast-js/case/accuracy/object_field_sensitive/object_sensitive/array_object_sensitive_003_T.array_object_sensitive_003_T] is executing
2026-04-16 16:32:49.611 INFO EntryPoint [/sast-js/case/accuracy/object_field_sensitive/object_sensitive/array_object_sensitive_004_F.array_object_sensitive_004_F] is executing
2026-04-16 16:32:49.613 INFO EntryPoint [/sast-js/case/accuracy/object_field_sensitive/object_sensitive/array_object_sensitive_005_T.array_object_sensitive_005_T] is executing
2026-04-16 16:32:49.615 INFO EntryPoint [/sast-js/case/accuracy/object_field_sensitive/object_sensitive/array_object_sensitive_006_F.array_object_sensitive_006_F] is executing
2026-04-16 16:32:49.617 INFO EntryPoint [/sast-js/case/accuracy/object_field_sensitive/object_sensitive/constructor_obj_001_T.constructor_obj_001_T] is executing
2026-04-16 16:32:49.620 INFO EntryPoint [/sast-js/case/accuracy/object_field_sensitive/object_sensitive/constructor_obj_002_F.constructor_obj_002_F] is executing
2026-04-16 16:32:49.624 INFO EntryPoint [/sast-js/case/accuracy/object_field_sensitive/object_sensitive/map_object_sensitive_001_T.map_object_sensitive_001_T] is executing
2026-04-16 16:32:49.629 INFO EntryPoint [/sast-js/case/accuracy/object_field_sensitive/object_sensitive/map_object_sensitive_002_F.map_object_sensitive_002_F] is executing
2026-04-16 16:32:49.634 INFO EntryPoint [/sast-js/case/accuracy/object_field_sensitive/object_sensitive/map_object_sensitive_003_T.map_object_sensitive_003_T] is executing
2026-04-16 16:32:49.642 INFO EntryPoint [/sast-js/case/accuracy/object_field_sensitive/object_sensitive/map_object_sensitive_004_F.map_object_sensitive_004_F] is executing
2026-04-16 16:32:49.645 INFO EntryPoint [/sast-js/case/accuracy/object_field_sensitive/object_sensitive/map_object_sensitive_005_T.map_object_sensitive_005_T] is executing
2026-04-16 16:32:49.648 INFO EntryPoint [/sast-js/case/accuracy/object_field_sensitive/object_sensitive/map_object_sensitive_006_F.map_object_sensitive_006_F] is executing
2026-04-16 16:32:49.651 INFO EntryPoint [/sast-js/case/accuracy/object_field_sensitive/object_sensitive/set_object_sensitive_001_T.set_object_sensitive_001_T] is executing
2026-04-16 16:32:49.653 INFO EntryPoint [/sast-js/case/accuracy/object_field_sensitive/object_sensitive/set_object_sensitive_002_F.set_object_sensitive_002_F] is executing
2026-04-16 16:32:49.655 INFO EntryPoint [/sast-js/case/accuracy/object_field_sensitive/object_sensitive/set_object_sensitive_003_T.set_object_sensitive_003_T] is executing
2026-04-16 16:32:49.657 INFO EntryPoint [/sast-js/case/accuracy/object_field_sensitive/object_sensitive/set_object_sensitive_004_F.set_object_sensitive_004_F] is executing
2026-04-16 16:32:49.658 INFO EntryPoint [/sast-js/case/accuracy/path_sensitive/exception_throw/exception_throw_001_T.exception_throw_001_T] is executing
2026-04-16 16:32:49.659 INFO EntryPoint [/sast-js/case/accuracy/path_sensitive/exception_throw/exception_throw_002_F.exception_throw_002_F] is executing
2026-04-16 16:32:49.660 INFO EntryPoint [/sast-js/case/accuracy/path_sensitive/exception_throw/exception_throw_003_T.exception_throw_003_T] is executing
2026-04-16 16:32:49.661 INFO EntryPoint [/sast-js/case/accuracy/path_sensitive/exception_throw/exception_throw_004_F.exception_throw_004_F] is executing
2026-04-16 16:32:49.663 INFO EntryPoint [/sast-js/case/accuracy/path_sensitive/explicit_jump_control/break_001_F.break_001_F] is executing
2026-04-16 16:32:49.881 INFO EntryPoint [/sast-js/case/accuracy/path_sensitive/explicit_jump_control/break_002_T.break_002_T] is executing
2026-04-16 16:32:50.102 INFO EntryPoint [/sast-js/case/accuracy/path_sensitive/explicit_jump_control/break_label_001_F.break_label_001_F] is executing
2026-04-16 16:32:50.104 INFO EntryPoint [/sast-js/case/accuracy/path_sensitive/explicit_jump_control/break_label_002_T.break_label_002_T] is executing
2026-04-16 16:32:50.105 INFO EntryPoint [/sast-js/case/accuracy/path_sensitive/explicit_jump_control/continue_001_T.continue_001_T] is executing
2026-04-16 16:32:50.325 INFO EntryPoint [/sast-js/case/accuracy/path_sensitive/explicit_jump_control/continue_002_F.continue_002_F] is executing
2026-04-16 16:32:50.555 INFO EntryPoint [/sast-js/case/accuracy/path_sensitive/explicit_jump_control/return_001_T.return_001_T] is executing
2026-04-16 16:32:50.706 INFO EntryPoint [/sast-js/case/accuracy/path_sensitive/explicit_jump_control/return_002_F.return_002_F] is executing
2026-04-16 16:32:50.852 INFO EntryPoint [/sast-js/case/completeness/dynamic_tracing/dynamic_call/dynamic_call_reflect_001_F.dynamic_call_reflect_001_F] is executing
2026-04-16 16:32:50.859 INFO EntryPoint [/sast-js/case/completeness/dynamic_tracing/dynamic_call/dynamic_call_reflect_002_T.dynamic_call_reflect_002_T] is executing
2026-04-16 16:32:50.860 INFO EntryPoint [/sast-js/case/completeness/dynamic_tracing/dynamic_call/dynamic_call_reflect_003_T.dynamic_call_reflect_003_T] is executing
2026-04-16 16:32:50.862 INFO EntryPoint [/sast-js/case/completeness/dynamic_tracing/dynamic_call/dynamic_call_reflect_004_F.dynamic_call_reflect_004_F] is executing
2026-04-16 16:32:50.864 INFO EntryPoint [/sast-js/case/completeness/dynamic_tracing/dynamic_call/dynamic_call_reflect_005_T.dynamic_call_reflect_005_T] is executing
2026-04-16 16:32:50.865 INFO EntryPoint [/sast-js/case/completeness/dynamic_tracing/dynamic_call/dynamic_call_reflect_006_F.dynamic_call_reflect_006_F] is executing
2026-04-16 16:32:50.867 INFO EntryPoint [/sast-js/case/completeness/dynamic_tracing/dynamic_call/dynamic_call_reflect_007_T.dynamic_call_reflect_007_T] is executing
2026-04-16 16:32:50.869 INFO EntryPoint [/sast-js/case/completeness/dynamic_tracing/dynamic_call/dynamic_call_reflect_008_F.dynamic_call_reflect_008_F] is executing
2026-04-16 16:32:50.871 INFO EntryPoint [/sast-js/case/completeness/single_app_tracing/alias/alias_001_F.alias_001_F] is executing
2026-04-16 16:32:50.873 INFO EntryPoint [/sast-js/case/completeness/single_app_tracing/alias/alias_002_F.alias_002_F] is executing
2026-04-16 16:32:50.874 INFO EntryPoint [/sast-js/case/completeness/single_app_tracing/alias/alias_003_T.alias_003_T] is executing
2026-04-16 16:32:50.875 INFO EntryPoint [/sast-js/case/completeness/single_app_tracing/alias/alias_004_F.alias_004_F] is executing
2026-04-16 16:32:50.876 INFO EntryPoint [/sast-js/case/completeness/single_app_tracing/alias/alias_005_T.alias_005_T] is executing
2026-04-16 16:32:50.878 INFO EntryPoint [/sast-js/case/completeness/single_app_tracing/alias/alias_006_F.alias_006_F] is executing
2026-04-16 16:32:50.880 INFO EntryPoint [/sast-js/case/completeness/single_app_tracing/alias/alias_007_T.alias_007_T] is executing
2026-04-16 16:32:50.881 INFO EntryPoint [/sast-js/case/accuracy/object_field_sensitive/field_sensitive_one_collection/numeric_index_state_no_solver/array_no_solver_001_T.array_no_solver_001_T] is executing
2026-04-16 16:32:50.883 INFO EntryPoint [/sast-js/case/accuracy/object_field_sensitive/field_sensitive_one_collection/numeric_index_state_no_solver/array_no_solver_002_F.array_no_solver_002_F] is executing
2026-04-16 16:32:50.884 INFO EntryPoint [/sast-js/case/accuracy/object_field_sensitive/field_sensitive_one_collection/numeric_index_state_no_solver/array_no_solver_003_T.array_no_solver_003_T] is executing
2026-04-16 16:32:50.887 INFO EntryPoint [/sast-js/case/accuracy/object_field_sensitive/field_sensitive_one_collection/numeric_index_state_no_solver/array_no_solver_004_F.array_no_solver_004_F] is executing
2026-04-16 16:32:50.889 INFO EntryPoint [/sast-js/case/accuracy/object_field_sensitive/field_sensitive_one_collection/numeric_index_state_no_solver/map_field_sensitive_001_T.map_field_sensitive_001_T] is executing
2026-04-16 16:32:50.892 INFO EntryPoint [/sast-js/case/accuracy/object_field_sensitive/field_sensitive_one_collection/numeric_index_state_no_solver/map_field_sensitive_002_F.map_field_sensitive_002_F] is executing
2026-04-16 16:32:50.894 INFO EntryPoint [/sast-js/case/accuracy/object_field_sensitive/field_sensitive_one_collection/numeric_index_state_no_solver/map_field_sensitive_003_F.map_field_sensitive_003_F] is executing
2026-04-16 16:32:50.897 INFO EntryPoint [/sast-js/case/accuracy/object_field_sensitive/field_sensitive_one_collection/numeric_index_state_no_solver/map_field_sensitive_004_T.map_field_sensitive_004_T] is executing
2026-04-16 16:32:50.900 INFO EntryPoint [/sast-js/case/accuracy/object_field_sensitive/field_sensitive_one_collection/numeric_index_state_no_solver/map_field_sensitive_005_F.map_field_sensitive_005_F] is executing
2026-04-16 16:32:50.903 INFO EntryPoint [/sast-js/case/accuracy/object_field_sensitive/field_sensitive_one_collection/numeric_index_state_no_solver/map_field_sensitive_006_T.map_field_sensitive_006_T] is executing
2026-04-16 16:32:50.906 INFO EntryPoint [/sast-js/case/accuracy/object_field_sensitive/field_sensitive_one_collection/numeric_index_state_no_solver/map_field_sensitive_007_F.map_field_sensitive_007_F] is executing
2026-04-16 16:32:50.909 INFO EntryPoint [/sast-js/case/accuracy/object_field_sensitive/field_sensitive_one_collection/numeric_index_state_no_solver/map_field_sensitive_008_T.map_field_sensitive_008_T] is executing
2026-04-16 16:32:50.912 INFO EntryPoint [/sast-js/case/accuracy/object_field_sensitive/field_sensitive_one_collection/numeric_index_state_no_solver/map_field_sensitive_009_F.map_field_sensitive_009_F] is executing
2026-04-16 16:32:50.913 INFO EntryPoint [/sast-js/case/accuracy/object_field_sensitive/field_sensitive_one_collection/numeric_index_state_no_solver/rest_parameter_no_solver_001_T.rest_parameter_no_solver_001_T] is executing
2026-04-16 16:32:50.917 INFO EntryPoint [/sast-js/case/accuracy/object_field_sensitive/field_sensitive_one_collection/numeric_index_state_no_solver/rest_parameter_no_solver_002_F.rest_parameter_no_solver_002_F] is executing
2026-04-16 16:32:50.918 INFO EntryPoint [/sast-js/case/accuracy/object_field_sensitive/field_sensitive_one_collection/numeric_index_state_no_solver/spread_operator_no_solver_001_T.spread_operator_no_solver_001_T] is executing
2026-04-16 16:32:50.929 INFO EntryPoint [/sast-js/case/accuracy/object_field_sensitive/field_sensitive_one_collection/numeric_index_state_no_solver/spread_operator_no_solver_002_F.spread_operator_no_solver_002_F] is executing
2026-04-16 16:32:50.932 INFO EntryPoint [/sast-js/case/accuracy/object_field_sensitive/field_sensitive_one_collection/numeric_index_state_no_solver/spread_operator_no_solver_003_T.spread_operator_no_solver_003_T] is executing
2026-04-16 16:32:50.934 INFO EntryPoint [/sast-js/case/accuracy/object_field_sensitive/field_sensitive_one_collection/numeric_index_state_no_solver/spread_operator_no_solver_004_F.spread_operator_no_solver_004_F] is executing
2026-04-16 16:32:50.936 INFO EntryPoint [/sast-js/case/accuracy/object_field_sensitive/field_sensitive_one_collection/numeric_index_state_solver/array_solver_001_T.array_solver_001_T] is executing
2026-04-16 16:32:50.937 INFO EntryPoint [/sast-js/case/accuracy/object_field_sensitive/field_sensitive_one_collection/numeric_index_state_solver/array_solver_002_F.array_solver_002_F] is executing
2026-04-16 16:32:50.939 INFO EntryPoint [/sast-js/case/accuracy/path_sensitive/loop_conditional_stmt/no_solver/conditional_if_no_solver_001_F.conditional_if_no_solver_001_F] is executing
2026-04-16 16:32:50.940 INFO EntryPoint [/sast-js/case/accuracy/path_sensitive/loop_conditional_stmt/no_solver/conditional_if_no_solver_002_F.conditional_if_no_solver_002_F] is executing
2026-04-16 16:32:50.941 INFO EntryPoint [/sast-js/case/accuracy/path_sensitive/loop_conditional_stmt/no_solver/conditional_if_no_solver_003_T.conditional_if_no_solver_003_T] is executing
2026-04-16 16:32:50.943 INFO EntryPoint [/sast-js/case/accuracy/path_sensitive/loop_conditional_stmt/no_solver/conditional_if_no_solver_004_F.conditional_if_no_solver_004_F] is executing
2026-04-16 16:32:50.944 INFO EntryPoint [/sast-js/case/accuracy/path_sensitive/loop_conditional_stmt/no_solver/conditional_switch_no_solver_001_F.conditional_switch_no_solver_001_F] is executing
2026-04-16 16:32:50.945 INFO EntryPoint [/sast-js/case/accuracy/path_sensitive/loop_conditional_stmt/no_solver/conditional_switch_no_solver_002_T.conditional_switch_no_solver_002_T] is executing
2026-04-16 16:32:50.945 INFO EntryPoint [/sast-js/case/accuracy/path_sensitive/loop_conditional_stmt/no_solver/conditional_switch_no_solver_003_F.conditional_switch_no_solver_003_F] is executing
2026-04-16 16:32:50.947 INFO EntryPoint [/sast-js/case/accuracy/path_sensitive/loop_conditional_stmt/no_solver/conditional_switch_no_solver_004_T.conditional_switch_no_solver_004_T] is executing
2026-04-16 16:32:50.949 INFO EntryPoint [/sast-js/case/accuracy/path_sensitive/loop_conditional_stmt/no_solver/do_while_loop_001_T.do_while_loop_001_T] is executing
2026-04-16 16:32:50.952 INFO EntryPoint [/sast-js/case/accuracy/path_sensitive/loop_conditional_stmt/no_solver/do_while_loop_002_F.do_while_loop_002_F] is executing
2026-04-16 16:32:50.953 INFO EntryPoint [/sast-js/case/accuracy/path_sensitive/loop_conditional_stmt/no_solver/for_in_loop_001_T.for_in_loop_001_T] is executing
2026-04-16 16:32:50.955 INFO EntryPoint [/sast-js/case/accuracy/path_sensitive/loop_conditional_stmt/no_solver/for_in_loop_002_F.for_in_loop_002_F] is executing
2026-04-16 16:32:50.956 INFO EntryPoint [/sast-js/case/accuracy/path_sensitive/loop_conditional_stmt/no_solver/for_of_loop_001_T.for_of_loop_001_T] is executing
2026-04-16 16:32:50.957 INFO EntryPoint [/sast-js/case/accuracy/path_sensitive/loop_conditional_stmt/no_solver/for_of_loop_002_F.for_of_loop_002_F] is executing
2026-04-16 16:32:50.958 INFO EntryPoint [/sast-js/case/accuracy/path_sensitive/loop_conditional_stmt/no_solver/ternary_expression_001_T.ternary_expression_001_T] is executing
2026-04-16 16:32:50.960 INFO EntryPoint [/sast-js/case/accuracy/path_sensitive/loop_conditional_stmt/no_solver/ternary_expression_002_F.ternary_expression_002_F] is executing
2026-04-16 16:32:50.961 INFO EntryPoint [/sast-js/case/accuracy/path_sensitive/loop_conditional_stmt/no_solver/while_loop_001_T.while_loop_001_T] is executing
2026-04-16 16:32:50.962 INFO EntryPoint [/sast-js/case/accuracy/path_sensitive/loop_conditional_stmt/no_solver/while_loop_002_F.while_loop_002_F] is executing
2026-04-16 16:32:50.964 INFO EntryPoint [/sast-js/case/accuracy/path_sensitive/loop_conditional_stmt/solver/conditional_if_solver_001_T.conditional_if_solver_001_T] is executing
2026-04-16 16:32:51.102 INFO EntryPoint [/sast-js/case/accuracy/path_sensitive/loop_conditional_stmt/solver/conditional_if_solver_002_F.conditional_if_solver_002_F] is executing
2026-04-16 16:32:51.252 INFO EntryPoint [/sast-js/case/accuracy/path_sensitive/loop_conditional_stmt/solver/conditional_switch_solver_001_F.conditional_switch_solver_001_F] is executing
2026-04-16 16:32:51.394 INFO EntryPoint [/sast-js/case/accuracy/path_sensitive/loop_conditional_stmt/solver/conditional_switch_solver_002_T.conditional_switch_solver_002_T] is executing
2026-04-16 16:32:51.541 INFO EntryPoint [/sast-js/case/accuracy/path_sensitive/loop_conditional_stmt/solver/do_while_loop_solver_001_T.do_while_loop_solver_001_T] is executing
2026-04-16 16:32:51.542 INFO EntryPoint [/sast-js/case/accuracy/path_sensitive/loop_conditional_stmt/solver/do_while_loop_solver_002_F.do_while_loop_solver_002_F] is executing
2026-04-16 16:32:51.543 INFO EntryPoint [/sast-js/case/accuracy/path_sensitive/loop_conditional_stmt/solver/for_body_solver_001_T.for_body_solver_001_T] is executing
2026-04-16 16:32:51.545 INFO EntryPoint [/sast-js/case/accuracy/path_sensitive/loop_conditional_stmt/solver/for_body_solver_002_F.for_body_solver_002_F] is executing
2026-04-16 16:32:51.546 INFO EntryPoint [/sast-js/case/accuracy/path_sensitive/loop_conditional_stmt/solver/ternary_expression_solver_001_T.ternary_expression_solver_001_T] is executing
2026-04-16 16:32:51.547 INFO EntryPoint [/sast-js/case/accuracy/path_sensitive/loop_conditional_stmt/solver/ternary_expression_solver_002_F.ternary_expression_solver_002_F] is executing
2026-04-16 16:32:51.548 INFO EntryPoint [/sast-js/case/accuracy/path_sensitive/loop_conditional_stmt/solver/while_body_solver_001_F.while_body_solver_001_F] is executing
2026-04-16 16:32:51.549 INFO EntryPoint [/sast-js/case/accuracy/path_sensitive/loop_conditional_stmt/solver/while_body_solver_002_T.while_body_solver_002_T] is executing
2026-04-16 16:32:51.550 INFO EntryPoint [/sast-js/case/completeness/single_app_tracing/asynchronous_tracing/delayed_execution_async/asynchronous_promisify_001_T.asynchronous_promisify_001_T] is executing
2026-04-16 16:32:51.705 INFO EntryPoint [/sast-js/case/completeness/single_app_tracing/asynchronous_tracing/delayed_execution_async/asynchronous_promisify_002_F.asynchronous_promisify_002_F] is executing
2026-04-16 16:32:51.849 INFO EntryPoint [/sast-js/case/completeness/single_app_tracing/asynchronous_tracing/multi_thread/multi_thread_001_T.multi_thread_001_T] is executing
2026-04-16 16:32:51.853 INFO EntryPoint [/sast-js/case/completeness/single_app_tracing/asynchronous_tracing/multi_thread/multi_thread_002_F.multi_thread_002_F] is executing
2026-04-16 16:32:51.855 INFO EntryPoint [/sast-js/case/completeness/single_app_tracing/asynchronous_tracing/multi_thread/worker.<anonymousFunc_3_$5>] is executing
2026-04-16 16:32:51.856 INFO EntryPoint [/sast-js/case/completeness/single_app_tracing/asynchronous_tracing/promise_callback_await/async_await_001_T.async_await_001_T] is executing
2026-04-16 16:32:51.860 INFO EntryPoint [/sast-js/case/completeness/single_app_tracing/asynchronous_tracing/promise_callback_await/async_await_002_F.async_await_002_F] is executing
2026-04-16 16:32:51.864 INFO EntryPoint [/sast-js/case/completeness/single_app_tracing/asynchronous_tracing/promise_callback_await/asynchronous_promise_001_T.asynchronous_promise_001_T] is executing
2026-04-16 16:32:51.868 INFO EntryPoint [/sast-js/case/completeness/single_app_tracing/asynchronous_tracing/promise_callback_await/asynchronous_promise_002_F.asynchronous_promise_002_F] is executing
2026-04-16 16:32:51.870 INFO EntryPoint [/sast-js/case/completeness/single_app_tracing/asynchronous_tracing/promise_callback_await/asynchronous_promise_003_T.asynchronous_promise_003_T] is executing
2026-04-16 16:32:51.874 INFO EntryPoint [/sast-js/case/completeness/single_app_tracing/asynchronous_tracing/promise_callback_await/asynchronous_promise_004_F.asynchronous_promise_004_F] is executing
2026-04-16 16:32:51.884 INFO EntryPoint [/sast-js/case/completeness/single_app_tracing/asynchronous_tracing/promise_callback_await/asynchronous_promise_005_T.asynchronous_promise_005_T] is executing
2026-04-16 16:32:51.888 INFO EntryPoint [/sast-js/case/completeness/single_app_tracing/asynchronous_tracing/promise_callback_await/asynchronous_promise_006_F.asynchronous_promise_006_F] is executing
2026-04-16 16:32:51.891 INFO EntryPoint [/sast-js/case/completeness/single_app_tracing/asynchronous_tracing/promise_callback_await/asynchronous_promise_007_T.asynchronous_promise_007_T] is executing
2026-04-16 16:32:51.895 INFO EntryPoint [/sast-js/case/completeness/single_app_tracing/asynchronous_tracing/promise_callback_await/asynchronous_promise_008_F.asynchronous_promise_008_F] is executing
2026-04-16 16:32:51.899 INFO EntryPoint [/sast-js/case/completeness/single_app_tracing/asynchronous_tracing/promise_callback_await/asynchronous_promise_009_T.asynchronous_promise_009_T] is executing
2026-04-16 16:32:51.904 INFO EntryPoint [/sast-js/case/completeness/single_app_tracing/asynchronous_tracing/promise_callback_await/asynchronous_promise_010_F.asynchronous_promise_010_F] is executing
2026-04-16 16:32:51.907 INFO EntryPoint [/sast-js/case/completeness/single_app_tracing/asynchronous_tracing/promise_callback_await/asynchronous_promise_011_T.asynchronous_promise_011_T] is executing
2026-04-16 16:32:51.910 INFO EntryPoint [/sast-js/case/completeness/single_app_tracing/asynchronous_tracing/promise_callback_await/asynchronous_promise_012_F.asynchronous_promise_012_F] is executing
2026-04-16 16:32:51.912 INFO EntryPoint [/sast-js/case/completeness/single_app_tracing/control_flow/conditional_stmt/conditional_if_001_T.conditional_if_001_T] is executing
2026-04-16 16:32:51.913 INFO EntryPoint [/sast-js/case/completeness/single_app_tracing/control_flow/conditional_stmt/conditional_if_002_F.conditional_if_002_F] is executing
2026-04-16 16:32:51.913 INFO EntryPoint [/sast-js/case/completeness/single_app_tracing/control_flow/conditional_stmt/conditional_if_003_T.conditional_if_003_T] is executing
2026-04-16 16:32:51.914 INFO EntryPoint [/sast-js/case/completeness/single_app_tracing/control_flow/conditional_stmt/conditional_if_004_F.conditional_if_004_F] is executing
2026-04-16 16:32:51.915 INFO EntryPoint [/sast-js/case/completeness/single_app_tracing/control_flow/conditional_stmt/conditional_if_005_T.conditional_if_005_T] is executing
2026-04-16 16:32:51.916 INFO EntryPoint [/sast-js/case/completeness/single_app_tracing/control_flow/conditional_stmt/conditional_if_006_F.conditional_if_006_F] is executing
2026-04-16 16:32:51.917 INFO EntryPoint [/sast-js/case/completeness/single_app_tracing/control_flow/conditional_stmt/conditional_switch_001_T.conditional_switch_001_T] is executing
2026-04-16 16:32:51.919 INFO EntryPoint [/sast-js/case/completeness/single_app_tracing/control_flow/conditional_stmt/conditional_switch_002_F.conditional_switch_002_F] is executing
2026-04-16 16:32:51.919 INFO EntryPoint [/sast-js/case/completeness/single_app_tracing/control_flow/loop_stmt/dowhile_body_001_T.dowhile_body_001_T] is executing
2026-04-16 16:32:51.922 INFO EntryPoint [/sast-js/case/completeness/single_app_tracing/control_flow/loop_stmt/dowhile_body_002_F.dowhile_body_002_F] is executing
2026-04-16 16:32:51.924 INFO EntryPoint [/sast-js/case/completeness/single_app_tracing/control_flow/loop_stmt/every_001_T.every_001_T] is executing
2026-04-16 16:32:51.927 INFO EntryPoint [/sast-js/case/completeness/single_app_tracing/control_flow/loop_stmt/every_002_F.every_002_F] is executing
2026-04-16 16:32:51.931 INFO EntryPoint [/sast-js/case/completeness/single_app_tracing/control_flow/loop_stmt/filter_001_T.filter_001_T] is executing
2026-04-16 16:32:51.935 INFO EntryPoint [/sast-js/case/completeness/single_app_tracing/control_flow/loop_stmt/filter_002_F.filter_002_F] is executing
2026-04-16 16:32:51.938 INFO EntryPoint [/sast-js/case/completeness/single_app_tracing/control_flow/loop_stmt/find_001_T.find_001_T] is executing
2026-04-16 16:32:51.947 INFO EntryPoint [/sast-js/case/completeness/single_app_tracing/control_flow/loop_stmt/find_002_F.find_002_F] is executing
2026-04-16 16:32:51.949 INFO EntryPoint [/sast-js/case/completeness/single_app_tracing/control_flow/loop_stmt/find_index_001_T.find_index_001_T] is executing
2026-04-16 16:32:51.952 INFO EntryPoint [/sast-js/case/completeness/single_app_tracing/control_flow/loop_stmt/find_index_002_F.find_index_002_F] is executing
2026-04-16 16:32:51.955 INFO EntryPoint [/sast-js/case/completeness/single_app_tracing/control_flow/loop_stmt/for_body_001_T.for_body_001_T] is executing
2026-04-16 16:32:51.956 INFO EntryPoint [/sast-js/case/completeness/single_app_tracing/control_flow/loop_stmt/for_body_002_F.for_body_002_F] is executing
2026-04-16 16:32:51.958 INFO EntryPoint [/sast-js/case/completeness/single_app_tracing/control_flow/loop_stmt/for_init_001_T.for_init_001_T] is executing
2026-04-16 16:32:51.961 INFO EntryPoint [/sast-js/case/completeness/single_app_tracing/control_flow/loop_stmt/for_init_002_F.for_init_002_F] is executing
2026-04-16 16:32:51.962 INFO EntryPoint [/sast-js/case/completeness/single_app_tracing/control_flow/loop_stmt/for_update_001_T.for_update_001_T] is executing
2026-04-16 16:32:51.964 INFO EntryPoint [/sast-js/case/completeness/single_app_tracing/control_flow/loop_stmt/for_update_002_F.for_update_002_F] is executing
2026-04-16 16:32:51.966 INFO EntryPoint [/sast-js/case/completeness/single_app_tracing/control_flow/loop_stmt/foreach_001_T.foreach_001_T] is executing
2026-04-16 16:32:51.969 INFO EntryPoint [/sast-js/case/completeness/single_app_tracing/control_flow/loop_stmt/foreach_002_F.foreach_002_F] is executing
2026-04-16 16:32:51.972 INFO EntryPoint [/sast-js/case/completeness/single_app_tracing/control_flow/loop_stmt/forin_body_001_T.forin_body_001_T] is executing
2026-04-16 16:32:51.974 INFO EntryPoint [/sast-js/case/completeness/single_app_tracing/control_flow/loop_stmt/forin_body_002_F.forin_body_002_F] is executing
2026-04-16 16:32:51.976 INFO EntryPoint [/sast-js/case/completeness/single_app_tracing/control_flow/loop_stmt/forof_body_001_T.forof_body_001_T] is executing
2026-04-16 16:32:51.978 INFO EntryPoint [/sast-js/case/completeness/single_app_tracing/control_flow/loop_stmt/forof_body_002_F.forof_body_002_F] is executing
2026-04-16 16:32:51.981 INFO EntryPoint [/sast-js/case/completeness/single_app_tracing/control_flow/loop_stmt/map_001_T.map_001_T] is executing
2026-04-16 16:32:51.983 INFO EntryPoint [/sast-js/case/completeness/single_app_tracing/control_flow/loop_stmt/map_002_F.map_002_F] is executing
2026-04-16 16:32:51.985 INFO EntryPoint [/sast-js/case/completeness/single_app_tracing/control_flow/loop_stmt/reduce_001_T.reduce_001_T] is executing
2026-04-16 16:32:51.988 INFO EntryPoint [/sast-js/case/completeness/single_app_tracing/control_flow/loop_stmt/reduce_002_F.reduce_002_F] is executing
2026-04-16 16:32:51.990 INFO EntryPoint [/sast-js/case/completeness/single_app_tracing/control_flow/loop_stmt/some_001_T.some_001_T] is executing
2026-04-16 16:32:51.993 INFO EntryPoint [/sast-js/case/completeness/single_app_tracing/control_flow/loop_stmt/some_002_F.some_002_F] is executing
2026-04-16 16:32:51.996 INFO EntryPoint [/sast-js/case/completeness/single_app_tracing/control_flow/loop_stmt/while_body_001_T.while_body_001_T] is executing
2026-04-16 16:32:51.998 INFO EntryPoint [/sast-js/case/completeness/single_app_tracing/control_flow/loop_stmt/while_body_002_F.while_body_002_F] is executing
2026-04-16 16:32:52.000 INFO EntryPoint [/sast-js/case/completeness/single_app_tracing/datatype/array/array_001_T.array_001_T] is executing
2026-04-16 16:32:52.001 INFO EntryPoint [/sast-js/case/completeness/single_app_tracing/datatype/array/array_002_F.array_002_F] is executing
2026-04-16 16:32:52.003 INFO EntryPoint [/sast-js/case/completeness/single_app_tracing/datatype/array/array_003_T.array_003_T] is executing
2026-04-16 16:32:52.004 INFO EntryPoint [/sast-js/case/completeness/single_app_tracing/datatype/array/array_004_F.array_004_F] is executing
2026-04-16 16:32:52.006 INFO EntryPoint [/sast-js/case/completeness/single_app_tracing/datatype/array/array_005_T.array_005_T] is executing
2026-04-16 16:32:52.017 INFO EntryPoint [/sast-js/case/completeness/single_app_tracing/datatype/array/array_006_F.array_006_F] is executing
2026-04-16 16:32:52.019 INFO EntryPoint [/sast-js/case/completeness/single_app_tracing/datatype/array/array_concat_001_T.array_concat_001_T] is executing
2026-04-16 16:32:52.022 INFO EntryPoint [/sast-js/case/completeness/single_app_tracing/datatype/array/array_concat_002_F.array_concat_002_F] is executing
2026-04-16 16:32:52.024 INFO EntryPoint [/sast-js/case/completeness/single_app_tracing/datatype/array/array_fill_001_T.array_fill_001_T] is executing
2026-04-16 16:32:52.025 INFO EntryPoint [/sast-js/case/completeness/single_app_tracing/datatype/array/array_fill_002_F.array_fill_002_F] is executing
2026-04-16 16:32:52.027 INFO EntryPoint [/sast-js/case/completeness/single_app_tracing/datatype/array/array_filter_001_T.array_filter_001_T] is executing
2026-04-16 16:32:52.030 INFO EntryPoint [/sast-js/case/completeness/single_app_tracing/datatype/array/array_filter_002_F.array_filter_002_F] is executing
2026-04-16 16:32:52.033 INFO EntryPoint [/sast-js/case/completeness/single_app_tracing/datatype/array/array_index_001_T.array_index_001_T] is executing
2026-04-16 16:32:52.034 INFO EntryPoint [/sast-js/case/completeness/single_app_tracing/datatype/array/array_index_002_F.array_index_002_F] is executing
2026-04-16 16:32:52.035 INFO EntryPoint [/sast-js/case/completeness/single_app_tracing/datatype/array/array_reverse_001_T.array_reverse_001_T] is executing
2026-04-16 16:32:52.036 INFO EntryPoint [/sast-js/case/completeness/single_app_tracing/datatype/array/array_reverse_002_F.array_reverse_002_F] is executing
2026-04-16 16:32:52.038 INFO EntryPoint [/sast-js/case/completeness/single_app_tracing/datatype/array/array_slice_001_T.array_slice_001_T] is executing
2026-04-16 16:32:52.039 INFO EntryPoint [/sast-js/case/completeness/single_app_tracing/datatype/array/array_slice_002_F.array_slice_002_F] is executing
2026-04-16 16:32:52.041 INFO EntryPoint [/sast-js/case/completeness/single_app_tracing/datatype/array/array_spread_001_T.array_spread_001_T] is executing
2026-04-16 16:32:52.042 INFO EntryPoint [/sast-js/case/completeness/single_app_tracing/datatype/array/array_spread_002_F.array_spread_002_F] is executing
2026-04-16 16:32:52.045 INFO EntryPoint [/sast-js/case/completeness/single_app_tracing/datatype/collections/set_001_T.set_001_T] is executing
2026-04-16 16:32:52.048 INFO EntryPoint [/sast-js/case/completeness/single_app_tracing/datatype/collections/set_002_F.set_002_F] is executing
2026-04-16 16:32:52.050 INFO EntryPoint [/sast-js/case/completeness/single_app_tracing/datatype/collections/set_add_001_T.set_add_001_T] is executing
2026-04-16 16:32:52.052 INFO EntryPoint [/sast-js/case/completeness/single_app_tracing/datatype/collections/set_add_002_F.set_add_002_F] is executing
2026-04-16 16:32:52.053 INFO EntryPoint [/sast-js/case/completeness/single_app_tracing/datatype/collections/set_clear_001_T.set_clear_001_T] is executing
2026-04-16 16:32:52.056 INFO EntryPoint [/sast-js/case/completeness/single_app_tracing/datatype/collections/set_clear_002_F.set_clear_002_F] is executing
2026-04-16 16:32:52.058 INFO EntryPoint [/sast-js/case/completeness/single_app_tracing/datatype/collections/set_delete_001_T.set_delete_001_T] is executing
2026-04-16 16:32:52.060 INFO EntryPoint [/sast-js/case/completeness/single_app_tracing/datatype/collections/set_delete_002_F.set_delete_002_F] is executing
2026-04-16 16:32:52.063 INFO EntryPoint [/sast-js/case/completeness/single_app_tracing/datatype/map/map_001_T.map_001_T] is executing
2026-04-16 16:32:52.065 INFO EntryPoint [/sast-js/case/completeness/single_app_tracing/datatype/map/map_002_F.map_002_F] is executing
2026-04-16 16:32:52.067 INFO EntryPoint [/sast-js/case/completeness/single_app_tracing/datatype/map/map_clear_001_T.map_clear_001_T] is executing
2026-04-16 16:32:52.070 INFO EntryPoint [/sast-js/case/completeness/single_app_tracing/datatype/map/map_clear_002_F.map_clear_002_F] is executing
2026-04-16 16:32:52.073 INFO EntryPoint [/sast-js/case/completeness/single_app_tracing/datatype/map/map_entries_collection_001_T.map_entries_collection_001_T] is executing
2026-04-16 16:32:52.083 INFO EntryPoint [/sast-js/case/completeness/single_app_tracing/datatype/map/map_entries_collection_002_F.map_entries_collection_002_F] is executing
2026-04-16 16:32:52.085 INFO EntryPoint [/sast-js/case/completeness/single_app_tracing/datatype/map/map_key_delete_001_T.map_key_delete_001_T] is executing
2026-04-16 16:32:52.088 INFO EntryPoint [/sast-js/case/completeness/single_app_tracing/datatype/map/map_key_delete_002_F.map_key_delete_002_F] is executing
2026-04-16 16:32:52.091 INFO EntryPoint [/sast-js/case/completeness/single_app_tracing/datatype/map/map_key_read_001_T.map_key_read_001_T] is executing
2026-04-16 16:32:52.092 INFO EntryPoint [/sast-js/case/completeness/single_app_tracing/datatype/map/map_key_read_002_F.map_key_read_002_F] is executing
2026-04-16 16:32:52.095 INFO EntryPoint [/sast-js/case/completeness/single_app_tracing/datatype/map/map_key_update_001_T.map_key_update_001_T] is executing
2026-04-16 16:32:52.097 INFO EntryPoint [/sast-js/case/completeness/single_app_tracing/datatype/map/map_key_update_002_F.map_key_update_002_F] is executing
2026-04-16 16:32:52.099 INFO EntryPoint [/sast-js/case/completeness/single_app_tracing/datatype/map/map_keys_collection_001_T.map_keys_collection_001_T] is executing
2026-04-16 16:32:52.102 INFO EntryPoint [/sast-js/case/completeness/single_app_tracing/datatype/map/map_keys_collection_002_F.map_keys_collection_002_F] is executing
2026-04-16 16:32:52.105 INFO EntryPoint [/sast-js/case/completeness/single_app_tracing/datatype/map/map_values_collection_001_T.map_values_collection_001_T] is executing
2026-04-16 16:32:52.108 INFO EntryPoint [/sast-js/case/completeness/single_app_tracing/datatype/map/map_values_collection_002_F.map_values_collection_002_F] is executing
2026-04-16 16:32:52.110 INFO EntryPoint [/sast-js/case/completeness/single_app_tracing/datatype/primitives/bigint_001_T.bigint_001_T] is executing
2026-04-16 16:32:52.112 INFO EntryPoint [/sast-js/case/completeness/single_app_tracing/datatype/primitives/bigint_002_F.bigint_002_F] is executing
2026-04-16 16:32:52.114 INFO EntryPoint [/sast-js/case/completeness/single_app_tracing/datatype/primitives/boolean_001_T.boolean_001_T] is executing
2026-04-16 16:32:52.115 INFO EntryPoint [/sast-js/case/completeness/single_app_tracing/datatype/primitives/boolean_002_F.boolean_002_F] is executing
2026-04-16 16:32:52.116 INFO EntryPoint [/sast-js/case/completeness/single_app_tracing/datatype/primitives/number_001_T.number_001_T] is executing
2026-04-16 16:32:52.117 INFO EntryPoint [/sast-js/case/completeness/single_app_tracing/datatype/primitives/number_002_F.number_002_F] is executing
2026-04-16 16:32:52.117 INFO EntryPoint [/sast-js/case/completeness/single_app_tracing/datatype/primitives/string_001_T.string_001_T] is executing
2026-04-16 16:32:52.118 INFO EntryPoint [/sast-js/case/completeness/single_app_tracing/datatype/primitives/string_002_F.string_002_F] is executing
2026-04-16 16:32:52.120 INFO EntryPoint [/sast-js/case/completeness/single_app_tracing/datatype/primitives/symbol_001_T.symbol_001_T] is executing
2026-04-16 16:32:52.121 INFO EntryPoint [/sast-js/case/completeness/single_app_tracing/datatype/primitives/symbol_002_F.symbol_002_F] is executing
2026-04-16 16:32:52.122 INFO EntryPoint [/sast-js/case/completeness/single_app_tracing/datatype/string/string_concat_001_T.string_concat_001_T] is executing
2026-04-16 16:32:52.123 INFO EntryPoint [/sast-js/case/completeness/single_app_tracing/datatype/string/string_concat_002_F.string_concat_002_F] is executing
2026-04-16 16:32:52.123 INFO EntryPoint [/sast-js/case/completeness/single_app_tracing/datatype/string/string_create_001_T.string_create_001_T] is executing
2026-04-16 16:32:52.124 INFO EntryPoint [/sast-js/case/completeness/single_app_tracing/datatype/string/string_create_002_F.string_create_002_F] is executing
2026-04-16 16:32:52.124 INFO EntryPoint [/sast-js/case/completeness/single_app_tracing/datatype/string/string_replace_001_T.string_replace_001_T] is executing
2026-04-16 16:32:52.125 INFO EntryPoint [/sast-js/case/completeness/single_app_tracing/datatype/string/string_replace_002_F.string_replace_002_F] is executing
2026-04-16 16:32:52.127 INFO EntryPoint [/sast-js/case/completeness/single_app_tracing/datatype/string/string_substring_001_T.string_substring_001_T] is executing
2026-04-16 16:32:52.129 INFO EntryPoint [/sast-js/case/completeness/single_app_tracing/datatype/string/string_substring_002_F.string_substring_002_F] is executing
2026-04-16 16:32:52.130 INFO EntryPoint [/sast-js/case/completeness/single_app_tracing/exception_error/exception_throw/exception_catch_001_T.exception_catch_001_T] is executing
2026-04-16 16:32:52.132 INFO EntryPoint [/sast-js/case/completeness/single_app_tracing/exception_error/exception_throw/exception_catch_002_F.exception_catch_002_F] is executing
2026-04-16 16:32:52.133 INFO EntryPoint [/sast-js/case/completeness/single_app_tracing/exception_error/exception_throw/exception_catch_003_T.exception_catch_003_T] is executing
2026-04-16 16:32:52.134 INFO EntryPoint [/sast-js/case/completeness/single_app_tracing/exception_error/exception_throw/exception_catch_004_F.exception_catch_004_F] is executing
2026-04-16 16:32:52.135 INFO EntryPoint [/sast-js/case/completeness/single_app_tracing/exception_error/exception_throw/exception_finally_001_T.exception_finally_001_T] is executing
2026-04-16 16:32:52.137 INFO EntryPoint [/sast-js/case/completeness/single_app_tracing/exception_error/exception_throw/exception_finally_002_F.exception_finally_002_F] is executing
2026-04-16 16:32:52.144 INFO EntryPoint [/sast-js/case/completeness/single_app_tracing/exception_error/exception_throw/exception_try_001_T.exception_try_001_T] is executing
2026-04-16 16:32:52.145 INFO EntryPoint [/sast-js/case/completeness/single_app_tracing/exception_error/exception_throw/exception_try_002_F.exception_try_002_F] is executing
2026-04-16 16:32:52.146 INFO EntryPoint [/sast-js/case/completeness/single_app_tracing/expression/basic_expression_operation/assign_expression_001_T.assign_expression_001_T] is executing
2026-04-16 16:32:52.148 INFO EntryPoint [/sast-js/case/completeness/single_app_tracing/expression/basic_expression_operation/assign_expression_002_F.assign_expression_002_F] is executing
2026-04-16 16:32:52.149 INFO EntryPoint [/sast-js/case/completeness/single_app_tracing/expression/basic_expression_operation/binary_expression_add_001_T.binary_expression_add_001_T] is executing
2026-04-16 16:32:52.150 INFO EntryPoint [/sast-js/case/completeness/single_app_tracing/expression/basic_expression_operation/binary_expression_add_002_F.binary_expression_add_002_F] is executing
2026-04-16 16:32:52.150 INFO EntryPoint [/sast-js/case/completeness/single_app_tracing/expression/basic_expression_operation/binary_expression_add_assignment_001_T.binary_expression_add_assignment_001_T] is executing
2026-04-16 16:32:52.151 INFO EntryPoint [/sast-js/case/completeness/single_app_tracing/expression/basic_expression_operation/binary_expression_add_assignment_002_F.binary_expression_add_assignment_002_F] is executing
2026-04-16 16:32:52.152 INFO EntryPoint [/sast-js/case/completeness/single_app_tracing/expression/basic_expression_operation/binary_expression_divide_001_T.binary_expression_divide_001_T] is executing
2026-04-16 16:32:52.153 INFO EntryPoint [/sast-js/case/completeness/single_app_tracing/expression/basic_expression_operation/binary_expression_divide_002_F.binary_expression_divide_002_F] is executing
2026-04-16 16:32:52.155 INFO EntryPoint [/sast-js/case/completeness/single_app_tracing/expression/basic_expression_operation/binary_expression_divide_assignment_001_T.binary_expression_divide_assignment_001_T] is executing
2026-04-16 16:32:52.156 INFO EntryPoint [/sast-js/case/completeness/single_app_tracing/expression/basic_expression_operation/binary_expression_divide_assignment_002_F.binary_expression_divide_assignment_002_F] is executing
2026-04-16 16:32:52.157 INFO EntryPoint [/sast-js/case/completeness/single_app_tracing/expression/basic_expression_operation/binary_expression_exponentiation_001_T.binary_expression_exponentiation_001_T] is executing
2026-04-16 16:32:52.158 INFO EntryPoint [/sast-js/case/completeness/single_app_tracing/expression/basic_expression_operation/binary_expression_exponentiation_002_F.binary_expression_exponentiation_002_F] is executing
2026-04-16 16:32:52.159 INFO EntryPoint [/sast-js/case/completeness/single_app_tracing/expression/basic_expression_operation/binary_expression_modulo_001_T.binary_expression_modulo_001_T] is executing
2026-04-16 16:32:52.160 INFO EntryPoint [/sast-js/case/completeness/single_app_tracing/expression/basic_expression_operation/binary_expression_modulo_002_F.binary_expression_modulo_002_F] is executing
2026-04-16 16:32:52.161 INFO EntryPoint [/sast-js/case/completeness/single_app_tracing/expression/basic_expression_operation/binary_expression_modulo_assignment_001_T.binary_expression_modulo_assignment_001_T] is executing
2026-04-16 16:32:52.162 INFO EntryPoint [/sast-js/case/completeness/single_app_tracing/expression/basic_expression_operation/binary_expression_modulo_assignment_002_F.binary_expression_modulo_assignment_002_F] is executing
2026-04-16 16:32:52.163 INFO EntryPoint [/sast-js/case/completeness/single_app_tracing/expression/basic_expression_operation/binary_expression_multiply_001_T.binary_expression_multiply_001_T] is executing
2026-04-16 16:32:52.165 INFO EntryPoint [/sast-js/case/completeness/single_app_tracing/expression/basic_expression_operation/binary_expression_multiply_002_F.binary_expression_multiply_002_F] is executing
2026-04-16 16:32:52.165 INFO EntryPoint [/sast-js/case/completeness/single_app_tracing/expression/basic_expression_operation/binary_expression_multiply_assignment_001_T.binary_expression_multiply_assignment_001_T] is executing
2026-04-16 16:32:52.166 INFO EntryPoint [/sast-js/case/completeness/single_app_tracing/expression/basic_expression_operation/binary_expression_multiply_assignment_002_F.binary_expression_multiply_assignment_002_F] is executing
2026-04-16 16:32:52.167 INFO EntryPoint [/sast-js/case/completeness/single_app_tracing/expression/basic_expression_operation/binary_expression_subtract_001_T.binary_expression_subtract_001_T] is executing
2026-04-16 16:32:52.169 INFO EntryPoint [/sast-js/case/completeness/single_app_tracing/expression/basic_expression_operation/binary_expression_subtract_002_F.binary_expression_subtract_002_F] is executing
2026-04-16 16:32:52.170 INFO EntryPoint [/sast-js/case/completeness/single_app_tracing/expression/basic_expression_operation/binary_expression_subtract_assignment_001_T.binary_expression_subtract_assignment_001_T] is executing
2026-04-16 16:32:52.171 INFO EntryPoint [/sast-js/case/completeness/single_app_tracing/expression/basic_expression_operation/binary_expression_subtract_assignment_002_F.binary_expression_subtract_assignment_002_F] is executing
2026-04-16 16:32:52.172 INFO EntryPoint [/sast-js/case/completeness/single_app_tracing/expression/basic_expression_operation/bitwise_expression_and_001_T.bitwise_expression_and_001_T] is executing
2026-04-16 16:32:52.174 INFO EntryPoint [/sast-js/case/completeness/single_app_tracing/expression/basic_expression_operation/bitwise_expression_and_002_F.bitwise_expression_and_002_F] is executing
2026-04-16 16:32:52.175 INFO EntryPoint [/sast-js/case/completeness/single_app_tracing/expression/basic_expression_operation/bitwise_expression_lsh_001_T.bitwise_expression_lsh_001_T] is executing
2026-04-16 16:32:52.176 INFO EntryPoint [/sast-js/case/completeness/single_app_tracing/expression/basic_expression_operation/bitwise_expression_lsh_002_F.bitwise_expression_lsh_002_F] is executing
2026-04-16 16:32:52.177 INFO EntryPoint [/sast-js/case/completeness/single_app_tracing/expression/basic_expression_operation/bitwise_expression_not_001_T.bitwise_expression_not_001_T] is executing
2026-04-16 16:32:52.179 INFO EntryPoint [/sast-js/case/completeness/single_app_tracing/expression/basic_expression_operation/bitwise_expression_not_002_F.bitwise_expression_not_002_F] is executing
2026-04-16 16:32:52.180 INFO EntryPoint [/sast-js/case/completeness/single_app_tracing/expression/basic_expression_operation/bitwise_expression_or_001_T.bitwise_expression_or_001_T] is executing
2026-04-16 16:32:52.181 INFO EntryPoint [/sast-js/case/completeness/single_app_tracing/expression/basic_expression_operation/bitwise_expression_or_002_F.bitwise_expression_or_002_F] is executing
2026-04-16 16:32:52.182 INFO EntryPoint [/sast-js/case/completeness/single_app_tracing/expression/basic_expression_operation/bitwise_expression_rsh_001_T.bitwise_expression_rsh_001_T] is executing
2026-04-16 16:32:52.183 INFO EntryPoint [/sast-js/case/completeness/single_app_tracing/expression/basic_expression_operation/bitwise_expression_rsh_002_F.bitwise_expression_rsh_002_F] is executing
2026-04-16 16:32:52.184 INFO EntryPoint [/sast-js/case/completeness/single_app_tracing/expression/basic_expression_operation/bitwise_expression_xor_001_T.bitwise_expression_xor_001_T] is executing
2026-04-16 16:32:52.185 INFO EntryPoint [/sast-js/case/completeness/single_app_tracing/expression/basic_expression_operation/bitwise_expression_xor_002_F.bitwise_expression_xor_002_F] is executing
2026-04-16 16:32:52.185 INFO EntryPoint [/sast-js/case/completeness/single_app_tracing/expression/conditional_expression/conditional_expression_001_T.conditional_expression_001_T] is executing
2026-04-16 16:32:52.187 INFO EntryPoint [/sast-js/case/completeness/single_app_tracing/expression/conditional_expression/conditional_expression_002_F.conditional_expression_002_F] is executing
2026-04-16 16:32:52.189 INFO EntryPoint [/sast-js/case/completeness/single_app_tracing/expression/basic_expression_operation/logic_expression_and_001_F.logic_expression_and_001_F] is executing
2026-04-16 16:32:52.190 INFO EntryPoint [/sast-js/case/completeness/single_app_tracing/expression/basic_expression_operation/logic_expression_and_002_T.logic_expression_and_002_T] is executing
2026-04-16 16:32:52.191 INFO EntryPoint [/sast-js/case/completeness/single_app_tracing/expression/basic_expression_operation/logic_expression_not_001_T.logic_expression_not_001_T] is executing
2026-04-16 16:32:52.193 INFO EntryPoint [/sast-js/case/completeness/single_app_tracing/expression/basic_expression_operation/logic_expression_not_002_F.logic_expression_not_002_F] is executing
2026-04-16 16:32:52.194 INFO EntryPoint [/sast-js/case/completeness/single_app_tracing/expression/basic_expression_operation/logic_expression_or_001_T.logic_expression_or_001_T] is executing
2026-04-16 16:32:52.195 INFO EntryPoint [/sast-js/case/completeness/single_app_tracing/expression/basic_expression_operation/logic_expression_or_002_F.logic_expression_or_002_F] is executing
2026-04-16 16:32:52.197 INFO EntryPoint [/sast-js/case/completeness/single_app_tracing/expression/basic_expression_operation/prefix_expression_001_T.prefix_expression_001_T] is executing
2026-04-16 16:32:52.205 INFO EntryPoint [/sast-js/case/completeness/single_app_tracing/expression/basic_expression_operation/prefix_expression_002_F.prefix_expression_002_F] is executing
2026-04-16 16:32:52.207 INFO EntryPoint [/sast-js/case/completeness/single_app_tracing/expression/basic_expression_operation/relation_expression_equal_001_T.relation_expression_equal_001_T] is executing
2026-04-16 16:32:52.208 INFO EntryPoint [/sast-js/case/completeness/single_app_tracing/expression/basic_expression_operation/relation_expression_equal_002_F.relation_expression_equal_002_F] is executing
2026-04-16 16:32:52.209 INFO EntryPoint [/sast-js/case/completeness/single_app_tracing/expression/basic_expression_operation/relation_expression_greater_001_T.relation_expression_greater_001_T] is executing
2026-04-16 16:32:52.211 INFO EntryPoint [/sast-js/case/completeness/single_app_tracing/expression/basic_expression_operation/relation_expression_greater_002_F.relation_expression_greater_002_F] is executing
2026-04-16 16:32:52.213 INFO EntryPoint [/sast-js/case/completeness/single_app_tracing/expression/basic_expression_operation/relation_expression_greater_equal_001_T.relation_expression_greater_equal_001_T] is executing
2026-04-16 16:32:52.214 INFO EntryPoint [/sast-js/case/completeness/single_app_tracing/expression/basic_expression_operation/relation_expression_greater_equal_002_F.relation_expression_greater_equal_002_F] is executing
2026-04-16 16:32:52.215 INFO EntryPoint [/sast-js/case/completeness/single_app_tracing/expression/basic_expression_operation/relation_expression_less_001_T.relation_expression_less_001_T] is executing
2026-04-16 16:32:52.216 INFO EntryPoint [/sast-js/case/completeness/single_app_tracing/expression/basic_expression_operation/relation_expression_less_002_F.relation_expression_less_002_F] is executing
2026-04-16 16:32:52.218 INFO EntryPoint [/sast-js/case/completeness/single_app_tracing/expression/basic_expression_operation/relation_expression_less_equal_001_T.relation_expression_less_equal_001_T] is executing
2026-04-16 16:32:52.219 INFO EntryPoint [/sast-js/case/completeness/single_app_tracing/expression/basic_expression_operation/relation_expression_less_equal_002_F.relation_expression_less_equal_002_F] is executing
2026-04-16 16:32:52.220 INFO EntryPoint [/sast-js/case/completeness/single_app_tracing/expression/basic_expression_operation/relation_expression_not_equal_001_T.relation_expression_not_equal_001_T] is executing
2026-04-16 16:32:52.221 INFO EntryPoint [/sast-js/case/completeness/single_app_tracing/expression/basic_expression_operation/relation_expression_not_equal_002_F.relation_expression_not_equal_002_F] is executing
2026-04-16 16:32:52.222 INFO EntryPoint [/sast-js/case/completeness/single_app_tracing/expression/basic_expression_operation/relation_expression_strict_not_equal_001_T.relation_expression_strict_not_equal_001_T] is executing
2026-04-16 16:32:52.224 INFO EntryPoint [/sast-js/case/completeness/single_app_tracing/expression/basic_expression_operation/relation_expression_strict_not_equal_002_F.relation_expression_strict_not_equal_002_F] is executing
2026-04-16 16:32:52.225 INFO EntryPoint [/sast-js/case/completeness/single_app_tracing/expression/basic_expression_operation/suffix_expression_001_T.suffix_expression_001_T] is executing
2026-04-16 16:32:52.226 INFO EntryPoint [/sast-js/case/completeness/single_app_tracing/expression/basic_expression_operation/suffix_expression_002_F.suffix_expression_002_F] is executing
2026-04-16 16:32:52.226 INFO EntryPoint [/sast-js/case/completeness/single_app_tracing/expression/lambda_expression/lambda_expression_001_T.lambda_expression_001_T] is executing
2026-04-16 16:32:52.228 INFO EntryPoint [/sast-js/case/completeness/single_app_tracing/expression/lambda_expression/lambda_expression_002_F.lambda_expression_002_F] is executing
2026-04-16 16:32:52.229 INFO EntryPoint [/sast-js/case/completeness/single_app_tracing/expression/special_expression/delete_expression_001_T.delete_expression_001_T] is executing
2026-04-16 16:32:52.230 INFO EntryPoint [/sast-js/case/completeness/single_app_tracing/expression/special_expression/delete_expression_002_F.delete_expression_002_F] is executing
2026-04-16 16:32:52.230 INFO EntryPoint [/sast-js/case/completeness/single_app_tracing/expression/special_expression/delete_expression_003_T.delete_expression_003_T] is executing
2026-04-16 16:32:52.232 INFO EntryPoint [/sast-js/case/completeness/single_app_tracing/expression/special_expression/delete_expression_004_F.delete_expression_004_F] is executing
2026-04-16 16:32:52.233 INFO EntryPoint [/sast-js/case/completeness/single_app_tracing/expression/special_expression/destructuring_assignment_001_T.destructuring_assignment_001_T] is executing
2026-04-16 16:32:52.234 INFO EntryPoint [/sast-js/case/completeness/single_app_tracing/expression/special_expression/destructuring_assignment_002_F.destructuring_assignment_002_F] is executing
2026-04-16 16:32:52.235 INFO EntryPoint [/sast-js/case/completeness/single_app_tracing/expression/special_expression/destructuring_assignment_003_T.destructuring_assignment_003_T] is executing
2026-04-16 16:32:52.237 INFO EntryPoint [/sast-js/case/completeness/single_app_tracing/expression/special_expression/destructuring_assignment_004_F.destructuring_assignment_004_F] is executing
2026-04-16 16:32:52.238 INFO EntryPoint [/sast-js/case/completeness/single_app_tracing/expression/special_expression/destructuring_assignment_005_T.destructuring_assignment_005_T] is executing
2026-04-16 16:32:52.240 INFO EntryPoint [/sast-js/case/completeness/single_app_tracing/expression/special_expression/destructuring_assignment_006_F.destructuring_assignment_006_F] is executing
2026-04-16 16:32:52.242 INFO EntryPoint [/sast-js/case/completeness/single_app_tracing/expression/special_expression/destructuring_assignment_007_T.destructuring_assignment_007_T] is executing
2026-04-16 16:32:52.244 INFO EntryPoint [/sast-js/case/completeness/single_app_tracing/expression/special_expression/destructuring_assignment_008_F.destructuring_assignment_008_F] is executing
2026-04-16 16:32:52.245 INFO EntryPoint [/sast-js/case/completeness/single_app_tracing/expression/special_expression/exponentiation_operator_001_T.exponentiation_operator_001_T] is executing
2026-04-16 16:32:52.246 INFO EntryPoint [/sast-js/case/completeness/single_app_tracing/expression/special_expression/exponentiation_operator_002_F.exponentiation_operator_002_F] is executing
2026-04-16 16:32:52.247 INFO EntryPoint [/sast-js/case/completeness/single_app_tracing/expression/special_expression/nullish_coalescing_operator_001_T.nullish_coalescing_operator_001_T] is executing
2026-04-16 16:32:52.247 INFO EntryPoint [/sast-js/case/completeness/single_app_tracing/expression/special_expression/nullish_coalescing_operator_002_F.nullish_coalescing_operator_002_F] is executing
2026-04-16 16:32:52.248 INFO EntryPoint [/sast-js/case/completeness/single_app_tracing/expression/special_expression/optional_chaining_operator_001_T.optional_chaining_operator_001_T] is executing
2026-04-16 16:32:52.249 INFO EntryPoint [/sast-js/case/completeness/single_app_tracing/expression/special_expression/optional_chaining_operator_002_F.optional_chaining_operator_002_F] is executing
2026-04-16 16:32:52.250 INFO EntryPoint [/sast-js/case/completeness/single_app_tracing/expression/special_expression/rest_parameter_001_T.rest_parameter_001_T] is executing
2026-04-16 16:32:52.251 INFO EntryPoint [/sast-js/case/completeness/single_app_tracing/expression/special_expression/rest_parameter_002_F.rest_parameter_002_F] is executing
2026-04-16 16:32:52.257 INFO EntryPoint [/sast-js/case/completeness/single_app_tracing/expression/special_expression/rest_parameter_003_T.rest_parameter_003_T] is executing
2026-04-16 16:32:52.259 INFO EntryPoint [/sast-js/case/completeness/single_app_tracing/expression/special_expression/rest_parameter_004_F.rest_parameter_004_F] is executing
2026-04-16 16:32:52.260 INFO EntryPoint [/sast-js/case/completeness/single_app_tracing/expression/special_expression/rest_parameter_005_T.rest_parameter_005_T] is executing
2026-04-16 16:32:52.262 INFO EntryPoint [/sast-js/case/completeness/single_app_tracing/expression/special_expression/rest_parameter_006_F.rest_parameter_006_F] is executing
2026-04-16 16:32:52.264 INFO EntryPoint [/sast-js/case/completeness/single_app_tracing/expression/special_expression/spread_operator_001_T.spread_operator_001_T] is executing
2026-04-16 16:32:52.266 INFO EntryPoint [/sast-js/case/completeness/single_app_tracing/expression/special_expression/spread_operator_002_F.spread_operator_002_F] is executing
2026-04-16 16:32:52.268 INFO EntryPoint [/sast-js/case/completeness/single_app_tracing/expression/special_expression/spread_operator_003_T.spread_operator_003_T] is executing
2026-04-16 16:32:52.270 INFO EntryPoint [/sast-js/case/completeness/single_app_tracing/expression/special_expression/spread_operator_004_F.spread_operator_004_F] is executing
2026-04-16 16:32:52.272 INFO EntryPoint [/sast-js/case/completeness/single_app_tracing/expression/special_expression/spread_operator_005_T.spread_operator_005_T] is executing
2026-04-16 16:32:52.274 INFO EntryPoint [/sast-js/case/completeness/single_app_tracing/expression/special_expression/spread_operator_006_F.spread_operator_006_F] is executing
2026-04-16 16:32:52.276 INFO EntryPoint [/sast-js/case/completeness/single_app_tracing/expression/special_expression/template_literal_001_T.template_literal_001_T] is executing
2026-04-16 16:32:52.278 INFO EntryPoint [/sast-js/case/completeness/single_app_tracing/expression/special_expression/template_literal_002_F.template_literal_002_F] is executing
2026-04-16 16:32:52.279 INFO EntryPoint [/sast-js/case/completeness/single_app_tracing/expression/special_expression/template_literal_003_T.template_literal_003_T] is executing
2026-04-16 16:32:52.281 INFO EntryPoint [/sast-js/case/completeness/single_app_tracing/expression/special_expression/template_literal_004_F.template_literal_004_F] is executing
2026-04-16 16:32:52.282 INFO EntryPoint [/sast-js/case/completeness/single_app_tracing/expression/special_expression/template_literal_005_T.template_literal_005_T] is executing
2026-04-16 16:32:52.284 INFO EntryPoint [/sast-js/case/completeness/single_app_tracing/expression/special_expression/template_literal_006_F.template_literal_006_F] is executing
2026-04-16 16:32:52.285 INFO EntryPoint [/sast-js/case/completeness/single_app_tracing/expression/this_expression/this_expression_001_T.this_expression_001_T] is executing
2026-04-16 16:32:52.287 INFO EntryPoint [/sast-js/case/completeness/single_app_tracing/expression/this_expression/this_expression_002_F.this_expression_002_F] is executing
2026-04-16 16:32:52.289 INFO EntryPoint [/sast-js/case/completeness/single_app_tracing/expression/this_expression/this_expression_003_T.this_expression_003_T] is executing
2026-04-16 16:32:52.290 INFO EntryPoint [/sast-js/case/completeness/single_app_tracing/expression/this_expression/this_expression_004_F.this_expression_004_F] is executing
2026-04-16 16:32:52.291 INFO EntryPoint [/sast-js/case/completeness/single_app_tracing/expression/type_cast/type_cast_001_T.type_cast_001_T] is executing
2026-04-16 16:32:52.293 INFO EntryPoint [/sast-js/case/completeness/single_app_tracing/expression/type_cast/type_cast_002_F.type_cast_002_F] is executing
2026-04-16 16:32:52.295 INFO EntryPoint [/sast-js/case/completeness/single_app_tracing/expression/type_cast/type_cast_003_T.type_cast_003_T] is executing
2026-04-16 16:32:52.297 INFO EntryPoint [/sast-js/case/completeness/single_app_tracing/expression/type_cast/type_cast_004_T.type_cast_004_T] is executing
2026-04-16 16:32:52.299 INFO EntryPoint [/sast-js/case/completeness/single_app_tracing/function_call/anonymous_function_closure/anonymous_function_001_F.anonymous_function_001_F] is executing
2026-04-16 16:32:52.300 INFO EntryPoint [/sast-js/case/completeness/single_app_tracing/function_call/anonymous_function_closure/anonymous_function_002_T.anonymous_function_002_T] is executing
2026-04-16 16:32:52.302 INFO EntryPoint [/sast-js/case/completeness/single_app_tracing/function_call/anonymous_function_closure/anonymous_function_003_F.anonymous_function_003_F] is executing
2026-04-16 16:32:52.303 INFO EntryPoint [/sast-js/case/completeness/single_app_tracing/function_call/anonymous_function_closure/anonymous_function_004_T.anonymous_function_004_T] is executing
2026-04-16 16:32:52.304 INFO EntryPoint [/sast-js/case/completeness/single_app_tracing/function_call/anonymous_function_closure/anonymous_function_005_F.anonymous_function_005_F] is executing
2026-04-16 16:32:52.305 INFO EntryPoint [/sast-js/case/completeness/single_app_tracing/function_call/anonymous_function_closure/anonymous_function_006_T.anonymous_function_006_T] is executing
2026-04-16 16:32:52.307 INFO EntryPoint [/sast-js/case/completeness/single_app_tracing/function_call/anonymous_function_closure/closure_function_001_F.closure_function_001_F] is executing
2026-04-16 16:32:52.308 INFO EntryPoint [/sast-js/case/completeness/single_app_tracing/function_call/anonymous_function_closure/closure_function_002_T.closure_function_002_T] is executing
2026-04-16 16:32:52.309 INFO EntryPoint [/sast-js/case/completeness/single_app_tracing/function_call/anonymous_function_closure/closure_function_003_F.closure_function_003_F] is executing
2026-04-16 16:32:52.310 INFO EntryPoint [/sast-js/case/completeness/single_app_tracing/function_call/anonymous_function_closure/closure_function_004_T.closure_function_004_T] is executing
2026-04-16 16:32:52.312 INFO EntryPoint [/sast-js/case/completeness/single_app_tracing/function_call/anonymous_function_closure/closure_function_005_F.closure_function_005_F] is executing
2026-04-16 16:32:52.315 INFO EntryPoint [/sast-js/case/completeness/single_app_tracing/function_call/anonymous_function_closure/closure_function_005_F.<anonymousFunc_14_$17>] is executing
2026-04-16 16:32:52.316 INFO EntryPoint [/sast-js/case/completeness/single_app_tracing/function_call/anonymous_function_closure/closure_function_006_F.closure_function_006_F] is executing
2026-04-16 16:32:52.323 INFO EntryPoint [/sast-js/case/completeness/single_app_tracing/function_call/anonymous_function_closure/closure_function_006_F.<anonymousFunc_14_$17>] is executing
2026-04-16 16:32:52.325 INFO EntryPoint [/sast-js/case/completeness/single_app_tracing/function_call/anonymous_function_closure/closure_function_006_F.<anonymousFunc_18_$20>] is executing
2026-04-16 16:32:52.325 INFO EntryPoint [/sast-js/case/completeness/single_app_tracing/function_call/anonymous_function_closure/closure_function_007_T.closure_function_007_T] is executing
2026-04-16 16:32:52.329 INFO EntryPoint [/sast-js/case/completeness/single_app_tracing/function_call/anonymous_function_closure/closure_function_007_T.<anonymousFunc_18_$20>] is executing
2026-04-16 16:32:52.329 INFO EntryPoint [/sast-js/case/completeness/single_app_tracing/function_call/anonymous_function_closure/closure_function_008_F.closure_function_008_F] is executing
2026-04-16 16:32:52.331 INFO EntryPoint [/sast-js/case/completeness/single_app_tracing/function_call/anonymous_function_closure/closure_function_009_T.closure_function_009_T] is executing
2026-04-16 16:32:52.333 INFO EntryPoint [/sast-js/case/completeness/single_app_tracing/function_call/anonymous_function_closure/closure_function_010_F.closure_function_010_F] is executing
2026-04-16 16:32:52.336 INFO EntryPoint [/sast-js/case/completeness/single_app_tracing/function_call/anonymous_function_closure/closure_function_011_T.closure_function_011_T] is executing
2026-04-16 16:32:52.337 INFO EntryPoint [/sast-js/case/completeness/single_app_tracing/function_call/anonymous_function_closure/closure_function_012_F.closure_function_012_F] is executing
2026-04-16 16:32:52.338 INFO EntryPoint [/sast-js/case/completeness/single_app_tracing/function_call/anonymous_function_closure/closure_function_013_T.closure_function_013_T] is executing
2026-04-16 16:32:52.339 INFO EntryPoint [/sast-js/case/completeness/single_app_tracing/function_call/anonymous_function_closure/closure_function_014_F.closure_function_014_F] is executing
2026-04-16 16:32:52.340 INFO EntryPoint [/sast-js/case/completeness/single_app_tracing/function_call/anonymous_function_closure/closure_function_015_T.closure_function_015_T] is executing
2026-04-16 16:32:52.345 INFO EntryPoint [/sast-js/case/completeness/single_app_tracing/function_call/anonymous_function_closure/closure_function_016_F.closure_function_016_F] is executing
2026-04-16 16:32:52.348 INFO EntryPoint [/sast-js/case/completeness/single_app_tracing/function_call/anonymous_function_closure/closure_function_016_F.<anonymousFunc_13_$15>] is executing
2026-04-16 16:32:52.349 INFO EntryPoint [/sast-js/case/completeness/single_app_tracing/function_call/anonymous_function_closure/closure_function_017_T.closure_function_017_T] is executing
2026-04-16 16:32:52.353 INFO EntryPoint [/sast-js/case/completeness/single_app_tracing/function_call/anonymous_function_closure/closure_function_017_T.<anonymousFunc_13_$15>] is executing
2026-04-16 16:32:52.354 INFO EntryPoint [/sast-js/case/completeness/single_app_tracing/function_call/argument_passing/argument_passing_default_value_001_F.argument_passing_default_value_001_F] is executing
2026-04-16 16:32:52.356 INFO EntryPoint [/sast-js/case/completeness/single_app_tracing/function_call/argument_passing/argument_passing_default_value_002_T.argument_passing_default_value_002_T] is executing
2026-04-16 16:32:52.359 INFO EntryPoint [/sast-js/case/completeness/single_app_tracing/function_call/argument_passing/argument_passing_destruct_params_001_F.argument_passing_destruct_params_001_F] is executing
2026-04-16 16:32:52.361 INFO EntryPoint [/sast-js/case/completeness/single_app_tracing/function_call/argument_passing/argument_passing_destruct_params_002_T.argument_passing_destruct_params_002_T] is executing
2026-04-16 16:32:52.364 INFO EntryPoint [/sast-js/case/completeness/single_app_tracing/function_call/argument_passing/argument_passing_normal_value_001_F.argument_passing_normal_value_001_F] is executing
2026-04-16 16:32:52.366 INFO EntryPoint [/sast-js/case/completeness/single_app_tracing/function_call/argument_passing/argument_passing_normal_value_002_T.argument_passing_normal_value_002_T] is executing
2026-04-16 16:32:52.367 INFO EntryPoint [/sast-js/case/completeness/single_app_tracing/function_call/argument_passing/argument_passing_normal_value_003_F.argument_passing_normal_value_003_F] is executing
2026-04-16 16:32:52.368 INFO EntryPoint [/sast-js/case/completeness/single_app_tracing/function_call/argument_passing/argument_passing_normal_value_004_T.argument_passing_normal_value_004_T] is executing
2026-04-16 16:32:52.369 INFO EntryPoint [/sast-js/case/completeness/single_app_tracing/function_call/argument_passing/argument_passing_normal_value_005_F.argument_passing_normal_value_005_F] is executing
2026-04-16 16:32:52.370 INFO EntryPoint [/sast-js/case/completeness/single_app_tracing/function_call/argument_passing/argument_passing_normal_value_006_T.argument_passing_normal_value_006_T] is executing
2026-04-16 16:32:52.371 INFO EntryPoint [/sast-js/case/completeness/single_app_tracing/function_call/argument_passing/argument_passing_reference_001_F.argument_passing_reference_001_F] is executing
2026-04-16 16:32:52.372 INFO EntryPoint [/sast-js/case/completeness/single_app_tracing/function_call/argument_passing/argument_passing_reference_002_T.argument_passing_reference_002_T] is executing
2026-04-16 16:32:52.374 INFO EntryPoint [/sast-js/case/completeness/single_app_tracing/function_call/argument_passing/argument_passing_reference_003_F.argument_passing_reference_003_F] is executing
2026-04-16 16:32:52.376 INFO EntryPoint [/sast-js/case/completeness/single_app_tracing/function_call/argument_passing/argument_passing_reference_004_T.argument_passing_reference_004_T] is executing
2026-04-16 16:32:52.379 INFO EntryPoint [/sast-js/case/completeness/single_app_tracing/function_call/argument_passing/argument_passing_reference_005_F.argument_passing_reference_005_F] is executing
2026-04-16 16:32:52.381 INFO EntryPoint [/sast-js/case/completeness/single_app_tracing/function_call/argument_passing/argument_passing_reference_006_T.argument_passing_reference_006_T] is executing
2026-04-16 16:32:52.384 INFO EntryPoint [/sast-js/case/completeness/single_app_tracing/function_call/argument_passing/argument_passing_rest_params_001_F.argument_passing_rest_params_001_F] is executing
2026-04-16 16:32:52.391 INFO EntryPoint [/sast-js/case/completeness/single_app_tracing/function_call/argument_passing/argument_passing_rest_params_002_T.argument_passing_rest_params_002_T] is executing
2026-04-16 16:32:52.393 INFO EntryPoint [/sast-js/case/completeness/single_app_tracing/function_call/argument_passing/argument_passing_spread_params_001_F.argument_passing_spread_params_001_F] is executing
2026-04-16 16:32:52.395 INFO EntryPoint [/sast-js/case/completeness/single_app_tracing/function_call/argument_passing/argument_passing_spread_params_002_T.argument_passing_spread_params_002_T] is executing
2026-04-16 16:32:52.396 INFO EntryPoint [/sast-js/case/completeness/single_app_tracing/function_call/argument_passing/argument_passing_this_binding_001_F.argument_passing_this_binding_001_F] is executing
2026-04-16 16:32:52.398 INFO EntryPoint [/sast-js/case/completeness/single_app_tracing/function_call/argument_passing/argument_passing_this_binding_002_T.argument_passing_this_binding_002_T] is executing
2026-04-16 16:32:52.400 INFO EntryPoint [/sast-js/case/completeness/single_app_tracing/function_call/argument_passing/argument_passing_this_binding_003_F.argument_passing_this_binding_003_F] is executing
2026-04-16 16:32:52.402 INFO EntryPoint [/sast-js/case/completeness/single_app_tracing/function_call/argument_passing/argument_passing_this_binding_004_T.argument_passing_this_binding_004_T] is executing
2026-04-16 16:32:52.404 INFO EntryPoint [/sast-js/case/completeness/single_app_tracing/function_call/arrow_function/arrow_function_001_F.arrow_function_001_F] is executing
2026-04-16 16:32:52.405 INFO EntryPoint [/sast-js/case/completeness/single_app_tracing/function_call/arrow_function/arrow_function_002_T.arrow_function_002_T] is executing
2026-04-16 16:32:52.406 INFO EntryPoint [/sast-js/case/completeness/single_app_tracing/function_call/arrow_function/arrow_function_003_F.arrow_function_003_F] is executing
2026-04-16 16:32:52.407 INFO EntryPoint [/sast-js/case/completeness/single_app_tracing/function_call/arrow_function/arrow_function_004_T.arrow_function_004_T] is executing
2026-04-16 16:32:52.409 INFO EntryPoint [/sast-js/case/completeness/single_app_tracing/function_call/arrow_function/arrow_function_005_F.arrow_function_005_F] is executing
2026-04-16 16:32:52.411 INFO EntryPoint [/sast-js/case/completeness/single_app_tracing/function_call/arrow_function/arrow_function_006_T.arrow_function_006_T] is executing
2026-04-16 16:32:52.414 INFO EntryPoint [/sast-js/case/completeness/single_app_tracing/function_call/arrow_function/arrow_function_007_F.arrow_function_007_F] is executing
2026-04-16 16:32:52.416 INFO EntryPoint [/sast-js/case/completeness/single_app_tracing/function_call/arrow_function/arrow_function_008_T.arrow_function_008_T] is executing
2026-04-16 16:32:52.419 INFO EntryPoint [/sast-js/case/completeness/single_app_tracing/function_call/arrow_function/arrow_function_009_F.arrow_function_009_F] is executing
2026-04-16 16:32:52.421 INFO EntryPoint [/sast-js/case/completeness/single_app_tracing/function_call/arrow_function/arrow_function_009_F.<anonymousFunc_14_$14>] is executing
2026-04-16 16:32:52.422 INFO EntryPoint [/sast-js/case/completeness/single_app_tracing/function_call/arrow_function/arrow_function_010_T.arrow_function_010_T] is executing
2026-04-16 16:32:52.425 INFO EntryPoint [/sast-js/case/completeness/single_app_tracing/function_call/arrow_function/arrow_function_010_T.<anonymousFunc_14_$14>] is executing
2026-04-16 16:32:52.426 INFO EntryPoint [/sast-js/case/completeness/single_app_tracing/function_call/chained_call/chained_call_001_F.chained_call_001_F] is executing
2026-04-16 16:32:52.432 INFO EntryPoint [/sast-js/case/completeness/single_app_tracing/function_call/chained_call/chained_call_001_F.process] is executing
2026-04-16 16:32:52.433 INFO EntryPoint [/sast-js/case/completeness/single_app_tracing/function_call/chained_call/chained_call_002_T.chained_call_002_T] is executing
2026-04-16 16:32:52.437 INFO EntryPoint [/sast-js/case/completeness/single_app_tracing/function_call/chained_call/chained_call_002_T.process] is executing
2026-04-16 16:32:52.438 INFO EntryPoint [/sast-js/case/completeness/single_app_tracing/function_call/decorator_function/class_decorator_001_F.class_decorator_001_F] is executing
2026-04-16 16:32:52.439 INFO EntryPoint [/sast-js/case/completeness/single_app_tracing/function_call/decorator_function/class_decorator_001_F.addVersion] is executing
2026-04-16 16:32:52.440 INFO EntryPoint [/sast-js/case/completeness/single_app_tracing/function_call/decorator_function/class_decorator_002_T.class_decorator_002_T] is executing
2026-04-16 16:32:52.441 INFO EntryPoint [/sast-js/case/completeness/single_app_tracing/function_call/decorator_function/class_decorator_002_T.addVersion] is executing
2026-04-16 16:32:52.442 INFO EntryPoint [/sast-js/case/completeness/single_app_tracing/function_call/decorator_function/class_decorator_003_F.class_decorator_003_F] is executing
2026-04-16 16:32:52.442 INFO EntryPoint [/sast-js/case/completeness/single_app_tracing/function_call/decorator_function/class_decorator_003_F.classDecorator] is executing
2026-04-16 16:32:52.443 INFO EntryPoint [/sast-js/case/completeness/single_app_tracing/function_call/decorator_function/class_decorator_003_F.__taint_sink] is executing
2026-04-16 16:32:52.443 INFO EntryPoint [/sast-js/case/completeness/single_app_tracing/function_call/decorator_function/class_decorator_004_T.class_decorator_004_T] is executing
2026-04-16 16:32:52.444 INFO EntryPoint [/sast-js/case/completeness/single_app_tracing/function_call/decorator_function/class_decorator_004_T.classDecorator] is executing
2026-04-16 16:32:52.444 INFO EntryPoint [/sast-js/case/completeness/single_app_tracing/function_call/decorator_function/class_decorator_004_T.__taint_sink] is executing
2026-04-16 16:32:52.445 INFO EntryPoint [/sast-js/case/completeness/single_app_tracing/function_call/decorator_function/class_member_decorator_001_F.class_member_decorator_001_F] is executing
2026-04-16 16:32:52.447 INFO EntryPoint [/sast-js/case/completeness/single_app_tracing/function_call/decorator_function/class_member_decorator_001_F.<anonymousFunc_16_$20>] is executing
2026-04-16 16:32:52.454 INFO EntryPoint [/sast-js/case/completeness/single_app_tracing/function_call/decorator_function/class_member_decorator_002_T.class_member_decorator_002_T] is executing
2026-04-16 16:32:52.456 INFO EntryPoint [/sast-js/case/completeness/single_app_tracing/function_call/decorator_function/class_member_decorator_002_T.<anonymousFunc_16_$20>] is executing
2026-04-16 16:32:52.458 INFO EntryPoint [/sast-js/case/completeness/single_app_tracing/function_call/decorator_function/function_decorator_001_F.function_decorator_001_F] is executing
2026-04-16 16:32:52.461 INFO EntryPoint [/sast-js/case/completeness/single_app_tracing/function_call/decorator_function/function_decorator_002_T.function_decorator_002_T] is executing
2026-04-16 16:32:52.465 INFO EntryPoint [/sast-js/case/completeness/single_app_tracing/function_call/decorator_function/function_decorator_003_F.function_decorator_003_F] is executing
2026-04-16 16:32:52.467 INFO EntryPoint [/sast-js/case/completeness/single_app_tracing/function_call/decorator_function/function_decorator_004_T.function_decorator_004_T] is executing
2026-04-16 16:32:52.470 INFO EntryPoint [/sast-js/case/completeness/single_app_tracing/function_call/generator_function/generator_function_001_F.generator_function_001_F] is executing
2026-04-16 16:32:52.471 INFO EntryPoint [/sast-js/case/completeness/single_app_tracing/function_call/generator_function/generator_function_002_T.generator_function_002_T] is executing
2026-04-16 16:32:52.473 INFO EntryPoint [/sast-js/case/completeness/single_app_tracing/function_call/generator_function/generator_function_003_F.generator_function_003_F] is executing
2026-04-16 16:32:52.475 INFO EntryPoint [/sast-js/case/completeness/single_app_tracing/function_call/generator_function/generator_function_004_T.generator_function_004_T] is executing
2026-04-16 16:32:52.477 INFO EntryPoint [/sast-js/case/completeness/single_app_tracing/function_call/higher_order_function/higher_order_function_001_F.higher_order_function_001_F] is executing
2026-04-16 16:32:52.478 INFO EntryPoint [/sast-js/case/completeness/single_app_tracing/function_call/higher_order_function/higher_order_function_002_T.higher_order_function_002_T] is executing
2026-04-16 16:32:52.481 INFO EntryPoint [/sast-js/case/completeness/single_app_tracing/function_call/higher_order_function/higher_order_function_003_F.higher_order_function_003_F] is executing
2026-04-16 16:32:52.483 INFO EntryPoint [/sast-js/case/completeness/single_app_tracing/function_call/higher_order_function/higher_order_function_004_T.higher_order_function_004_T] is executing
2026-04-16 16:32:52.485 INFO EntryPoint [/sast-js/case/completeness/single_app_tracing/function_call/higher_order_function/higher_order_function_005_F.higher_order_function_005_F] is executing
2026-04-16 16:32:52.487 INFO EntryPoint [/sast-js/case/completeness/single_app_tracing/function_call/higher_order_function/higher_order_function_006_T.higher_order_function_006_T] is executing
2026-04-16 16:32:52.490 INFO EntryPoint [/sast-js/case/completeness/single_app_tracing/function_call/higher_order_function/higher_order_function_007_F.higher_order_function_007_F] is executing
2026-04-16 16:32:52.491 INFO EntryPoint [/sast-js/case/completeness/single_app_tracing/function_call/higher_order_function/higher_order_function_008_T.higher_order_function_008_T] is executing
2026-04-16 16:32:52.492 INFO EntryPoint [/sast-js/case/completeness/single_app_tracing/function_call/higher_order_function/higher_order_function_009_F.higher_order_function_009_F] is executing
2026-04-16 16:32:52.494 INFO EntryPoint [/sast-js/case/completeness/single_app_tracing/function_call/higher_order_function/higher_order_function_010_T.higher_order_function_010_T] is executing
2026-04-16 16:32:52.497 INFO EntryPoint [/sast-js/case/completeness/single_app_tracing/function_call/library_function/json_001_T.json_001_T] is executing
2026-04-16 16:32:52.499 INFO EntryPoint [/sast-js/case/completeness/single_app_tracing/function_call/library_function/json_002_F.json_002_F] is executing
2026-04-16 16:32:52.501 INFO EntryPoint [/sast-js/case/completeness/single_app_tracing/function_call/library_function/string_001_T.string_001_T] is executing
2026-04-16 16:32:52.502 INFO EntryPoint [/sast-js/case/completeness/single_app_tracing/function_call/library_function/string_002_F.string_002_F] is executing
2026-04-16 16:32:52.508 INFO EntryPoint [/sast-js/case/completeness/single_app_tracing/function_call/override/constructor_extends_001_T.constructor_extends_001_T] is executing
2026-04-16 16:32:52.512 INFO EntryPoint [/sast-js/case/completeness/single_app_tracing/function_call/override/constructor_extends_001_T.constructor] is executing
2026-04-16 16:32:52.512 INFO EntryPoint [/sast-js/case/completeness/single_app_tracing/function_call/override/constructor_extends_001_T.process] is executing
2026-04-16 16:32:52.513 INFO EntryPoint [/sast-js/case/completeness/single_app_tracing/function_call/override/constructor_extends_002_F.constructor_extends_002_F] is executing
2026-04-16 16:32:52.516 INFO EntryPoint [/sast-js/case/completeness/single_app_tracing/function_call/override/constructor_extends_002_F.constructor] is executing
2026-04-16 16:32:52.516 INFO EntryPoint [/sast-js/case/completeness/single_app_tracing/function_call/override/constructor_extends_002_F.process] is executing
2026-04-16 16:32:52.517 INFO EntryPoint [/sast-js/case/completeness/single_app_tracing/function_call/override/constructor_extends_003_T.constructor_extends_003_T] is executing
2026-04-16 16:32:52.521 INFO EntryPoint [/sast-js/case/completeness/single_app_tracing/function_call/override/constructor_extends_003_T.constructor] is executing
2026-04-16 16:32:52.521 INFO EntryPoint [/sast-js/case/completeness/single_app_tracing/function_call/override/constructor_extends_003_T.process] is executing
2026-04-16 16:32:52.522 INFO EntryPoint [/sast-js/case/completeness/single_app_tracing/function_call/override/constructor_extends_004_F.constructor_extends_004_F] is executing
2026-04-16 16:32:52.524 INFO EntryPoint [/sast-js/case/completeness/single_app_tracing/function_call/override/constructor_extends_004_F.constructor] is executing
2026-04-16 16:32:52.525 INFO EntryPoint [/sast-js/case/completeness/single_app_tracing/function_call/override/constructor_extends_004_F.process] is executing
2026-04-16 16:32:52.525 INFO EntryPoint [/sast-js/case/completeness/single_app_tracing/function_call/override/polymorphism_override_001_T.polymorphism_override_001_T] is executing
2026-04-16 16:32:52.527 INFO EntryPoint [/sast-js/case/completeness/single_app_tracing/function_call/override/polymorphism_override_001_T.call] is executing
2026-04-16 16:32:52.527 INFO EntryPoint [/sast-js/case/completeness/single_app_tracing/function_call/override/polymorphism_override_002_F.polymorphism_override_002_F] is executing
2026-04-16 16:32:52.529 INFO EntryPoint [/sast-js/case/completeness/single_app_tracing/function_call/override/polymorphism_override_002_F.call] is executing
2026-04-16 16:32:52.529 INFO EntryPoint [/sast-js/case/completeness/single_app_tracing/function_call/override/prototype_extends_001_T.prototype_extends_001_T] is executing
2026-04-16 16:32:52.534 INFO EntryPoint [/sast-js/case/completeness/single_app_tracing/function_call/override/prototype_extends_001_T.<anonymousFunc_14_$16>] is executing
2026-04-16 16:32:52.535 INFO EntryPoint [/sast-js/case/completeness/single_app_tracing/function_call/override/prototype_extends_002_F.prototype_extends_002_F] is executing
2026-04-16 16:32:52.539 INFO EntryPoint [/sast-js/case/completeness/single_app_tracing/function_call/override/prototype_extends_002_F.<anonymousFunc_22_$24>] is executing
2026-04-16 16:32:52.540 INFO EntryPoint [/sast-js/case/completeness/single_app_tracing/function_call/return_value_passing/return_array_method_001_F.return_array_method_001_F] is executing
2026-04-16 16:32:52.542 INFO EntryPoint [/sast-js/case/completeness/single_app_tracing/function_call/return_value_passing/return_array_method_002_T.return_array_method_002_T] is executing
2026-04-16 16:32:52.544 INFO EntryPoint [/sast-js/case/completeness/single_app_tracing/function_call/return_value_passing/return_destruct_001_F.return_destruct_001_F] is executing
2026-04-16 16:32:52.546 INFO EntryPoint [/sast-js/case/completeness/single_app_tracing/function_call/return_value_passing/return_destruct_002_T.return_destruct_002_T] is executing
2026-04-16 16:32:52.549 INFO EntryPoint [/sast-js/case/completeness/single_app_tracing/function_call/return_value_passing/return_normal_value_passing_001_F.return_normal_value_passing_001_F] is executing
2026-04-16 16:32:52.550 INFO EntryPoint [/sast-js/case/completeness/single_app_tracing/function_call/return_value_passing/return_normal_value_passing_002_T.return_normal_value_passing_002_T] is executing
2026-04-16 16:32:52.551 INFO EntryPoint [/sast-js/case/completeness/single_app_tracing/function_call/static_method/static_method_001_T.static_method_001_T] is executing
2026-04-16 16:32:52.552 INFO EntryPoint [/sast-js/case/completeness/single_app_tracing/function_call/static_method/static_method_002_F.static_method_002_F] is executing
2026-04-16 16:32:52.553 INFO EntryPoint [/sast-js/case/completeness/single_app_tracing/function_call/tagged_template_literals/tagged_template_literal_001_F.tagged_template_literal_001_F] is executing
2026-04-16 16:32:52.554 INFO EntryPoint [/sast-js/case/completeness/single_app_tracing/function_call/tagged_template_literals/tagged_template_literal_001_F.myTag] is executing
2026-04-16 16:32:52.555 INFO EntryPoint [/sast-js/case/completeness/single_app_tracing/function_call/tagged_template_literals/tagged_template_literal_002_T.tagged_template_literal_002_T] is executing
2026-04-16 16:32:52.556 INFO EntryPoint [/sast-js/case/completeness/single_app_tracing/function_call/tagged_template_literals/tagged_template_literal_002_T.myTag] is executing
2026-04-16 16:32:52.557 INFO EntryPoint [/sast-js/case/completeness/single_app_tracing/interface_class/anonymous_object/anonymous_object_001_T.anonymous_object_001_T] is executing
2026-04-16 16:32:52.559 INFO EntryPoint [/sast-js/case/completeness/single_app_tracing/interface_class/anonymous_object/anonymous_object_002_F.anonymous_object_002_F] is executing
2026-04-16 16:32:52.561 INFO EntryPoint [/sast-js/case/completeness/single_app_tracing/interface_class/anonymous_object/anonymous_object_003_T.anonymous_object_003_T] is executing
2026-04-16 16:32:52.562 INFO EntryPoint [/sast-js/case/completeness/single_app_tracing/interface_class/anonymous_object/anonymous_object_004_F.anonymous_object_004_F] is executing
2026-04-16 16:32:52.563 INFO EntryPoint [/sast-js/case/completeness/single_app_tracing/interface_class/anonymous_object/anonymous_object_005_T.anonymous_object_005_T] is executing
2026-04-16 16:32:52.571 INFO EntryPoint [/sast-js/case/completeness/single_app_tracing/interface_class/anonymous_object/anonymous_object_006_F.anonymous_object_006_F] is executing
2026-04-16 16:32:52.573 INFO EntryPoint [/sast-js/case/completeness/single_app_tracing/interface_class/complex_object/cross_class_001_T.cross_class_001_T] is executing
2026-04-16 16:32:52.579 INFO EntryPoint [/sast-js/case/completeness/single_app_tracing/interface_class/complex_object/cross_class_001_T.constructor] is executing
2026-04-16 16:32:52.580 INFO EntryPoint [/sast-js/case/completeness/single_app_tracing/interface_class/complex_object/cross_class_001_T.getData] is executing
2026-04-16 16:32:52.580 INFO EntryPoint [/sast-js/case/completeness/single_app_tracing/interface_class/complex_object/cross_class_002_F.cross_class_002_F] is executing
2026-04-16 16:32:52.583 INFO EntryPoint [/sast-js/case/completeness/single_app_tracing/interface_class/complex_object/cross_class_002_F.constructor] is executing
2026-04-16 16:32:52.584 INFO EntryPoint [/sast-js/case/completeness/single_app_tracing/interface_class/complex_object/cross_class_002_F.getData] is executing
2026-04-16 16:32:52.584 INFO EntryPoint [/sast-js/case/completeness/single_app_tracing/interface_class/complex_object/cross_class_003_T.cross_class_003_T] is executing
2026-04-16 16:32:52.588 INFO EntryPoint [/sast-js/case/completeness/single_app_tracing/interface_class/complex_object/cross_class_004_F.cross_class_004_F] is executing
2026-04-16 16:32:52.592 INFO EntryPoint [/sast-js/case/completeness/single_app_tracing/interface_class/complex_object/cross_class_005_T.cross_class_005_T] is executing
2026-04-16 16:32:52.593 INFO EntryPoint [/sast-js/case/completeness/single_app_tracing/interface_class/complex_object/cross_class_006_F.cross_class_006_F] is executing
2026-04-16 16:32:52.595 INFO EntryPoint [/sast-js/case/completeness/single_app_tracing/interface_class/complex_object/cross_class_007_T.cross_class_007_T] is executing
2026-04-16 16:32:52.597 INFO EntryPoint [/sast-js/case/completeness/single_app_tracing/interface_class/complex_object/cross_class_007_T.B] is executing
2026-04-16 16:32:52.597 INFO EntryPoint [/sast-js/case/completeness/single_app_tracing/interface_class/complex_object/cross_class_008_F.cross_class_008_F] is executing
2026-04-16 16:32:52.599 INFO EntryPoint [/sast-js/case/completeness/single_app_tracing/interface_class/complex_object/cross_class_008_F.B] is executing
2026-04-16 16:32:52.600 INFO EntryPoint [/sast-js/case/completeness/single_app_tracing/interface_class/simple_object/simple_object_001_T.simple_object_001_T] is executing
2026-04-16 16:32:52.601 INFO EntryPoint [/sast-js/case/completeness/single_app_tracing/interface_class/simple_object/simple_object_002_F.simple_object_002_F] is executing
2026-04-16 16:32:52.603 INFO EntryPoint [/sast-js/case/completeness/single_app_tracing/interface_class/simple_object/simple_object_003_T.simple_object_003_T] is executing
2026-04-16 16:32:52.605 INFO EntryPoint [/sast-js/case/completeness/single_app_tracing/interface_class/simple_object/simple_object_004_F.simple_object_004_F] is executing
2026-04-16 16:32:52.607 INFO EntryPoint [/sast-js/case/completeness/single_app_tracing/interface_class/simple_object/simple_object_005_T.simple_object_005_T] is executing
2026-04-16 16:32:52.608 INFO EntryPoint [/sast-js/case/completeness/single_app_tracing/interface_class/simple_object/simple_object_006_F.simple_object_006_F] is executing
2026-04-16 16:32:52.609 INFO EntryPoint [/sast-js/case/completeness/single_app_tracing/interface_class/subclass/inheritance_parent_property_001_T.inheritance_parent_property_001_T] is executing
2026-04-16 16:32:52.613 INFO EntryPoint [/sast-js/case/completeness/single_app_tracing/interface_class/subclass/inheritance_parent_property_001_T.constructor] is executing
2026-04-16 16:32:52.614 INFO EntryPoint [/sast-js/case/completeness/single_app_tracing/interface_class/subclass/inheritance_parent_property_002_F.inheritance_parent_property_002_F] is executing
2026-04-16 16:32:52.616 INFO EntryPoint [/sast-js/case/completeness/single_app_tracing/interface_class/subclass/inheritance_parent_property_002_F.constructor] is executing
2026-04-16 16:32:52.617 INFO EntryPoint [/sast-js/case/completeness/single_app_tracing/interface_class/subclass/inheritance_super_call_001_T.inheritance_super_call_001_T] is executing
2026-04-16 16:32:52.622 INFO EntryPoint [/sast-js/case/completeness/single_app_tracing/interface_class/subclass/inheritance_super_call_001_T.constructor] is executing
2026-04-16 16:32:52.622 INFO EntryPoint [/sast-js/case/completeness/single_app_tracing/interface_class/subclass/inheritance_super_call_002_F.inheritance_super_call_002_F] is executing
2026-04-16 16:32:52.633 INFO EntryPoint [/sast-js/case/completeness/single_app_tracing/interface_class/subclass/inheritance_super_call_002_F.constructor] is executing
2026-04-16 16:32:52.634 INFO EntryPoint [/sast-js/case/completeness/single_app_tracing/interface_class/subclass/method_override_001_T.method_override_001_T] is executing
2026-04-16 16:32:52.637 INFO EntryPoint [/sast-js/case/completeness/single_app_tracing/interface_class/subclass/method_override_001_T.getData] is executing
2026-04-16 16:32:52.637 INFO EntryPoint [/sast-js/case/completeness/single_app_tracing/interface_class/subclass/method_override_002_F.method_override_002_F] is executing
2026-04-16 16:32:52.639 INFO EntryPoint [/sast-js/case/completeness/single_app_tracing/interface_class/subclass/method_override_002_F.getData] is executing
2026-04-16 16:32:52.640 INFO EntryPoint [/sast-js/case/completeness/single_app_tracing/variable_scope/private_variable/private_variable_001_T.private_variable_001_T] is executing
2026-04-16 16:32:52.643 INFO EntryPoint [/sast-js/case/completeness/single_app_tracing/variable_scope/private_variable/private_variable_001_T.SetData] is executing
2026-04-16 16:32:52.644 INFO EntryPoint [/sast-js/case/completeness/single_app_tracing/variable_scope/private_variable/private_variable_002_F.private_variable_002_F] is executing
2026-04-16 16:32:52.648 INFO EntryPoint [/sast-js/case/completeness/single_app_tracing/variable_scope/static_variable/static_variable_001_T.static_variable_001_T] is executing
2026-04-16 16:32:52.649 INFO EntryPoint [/sast-js/case/completeness/single_app_tracing/variable_scope/static_variable/static_variable_002_F.static_variable_002_F] is executing
2026-04-16 16:32:52.650 INFO EntryPoint [/sast-js/case/completeness/single_app_tracing/variable_scope/static_variable/static_variable_003_T.static_variable_003_T] is executing
2026-04-16 16:32:52.653 INFO EntryPoint [/sast-js/case/completeness/single_app_tracing/variable_scope/static_variable/static_variable_004_F.static_variable_004_F] is executing
2026-04-16 16:32:52.656 INFO EntryPoint [/sast-js/case/completeness/single_app_tracing/cross_file_package_namespace/cross_module/cross_module_001_T/B/cross_module_001_T_b.cross_module_001_T_b] is executing
2026-04-16 16:32:52.657 INFO EntryPoint [/sast-js/case/completeness/single_app_tracing/cross_file_package_namespace/cross_module/cross_module_002_F/B/cross_module_002_F_b.cross_module_002_F_b] is executing
2026-04-16 16:32:52.658 INFO EntryPoint [/sast-js/case/completeness/single_app_tracing/cross_file_package_namespace/cross_module/cross_module_003_T/B/cross_module_003_T_b.cross_module_003_T_b] is executing
2026-04-16 16:32:52.659 INFO EntryPoint [/sast-js/case/completeness/single_app_tracing/cross_file_package_namespace/cross_module/cross_module_004_F/B/cross_module_004_F_b.cross_module_004_F_b] is executing
2026-04-16 16:32:52.660 INFO EntryPoint [/sast-js/case/completeness/single_app_tracing/cross_file_package_namespace/cross_module/cross_module_005_T/B/cross_module_005_T_b.cross_module_005_T_b] is executing
2026-04-16 16:32:52.661 INFO EntryPoint [/sast-js/case/completeness/single_app_tracing/cross_file_package_namespace/cross_module/cross_module_006_F/B/cross_module_006_F_b.cross_module_006_F_b] is executing
2026-04-16 16:32:52.662 INFO EntryPoint [/sast-js/case/completeness/single_app_tracing/cross_file_package_namespace/cross_module/cross_module_007_T/B/cross_module_007_T_b.cross_module_007_T_b] is executing
2026-04-16 16:32:52.663 INFO EntryPoint [/sast-js/case/completeness/single_app_tracing/cross_file_package_namespace/cross_module/cross_module_008_F/B/cross_module_008_F_b.cross_module_008_F_b] is executing
2026-04-16 16:32:52.664 INFO EntryPoint [/sast-js/case/completeness/single_app_tracing/cross_file_package_namespace/cross_module/cross_module_009_T/A/cross_module_009_T_a.exportString] is executing
2026-04-16 16:32:52.664 INFO EntryPoint [/sast-js/case/completeness/single_app_tracing/cross_file_package_namespace/cross_module/cross_module_009_T/B/cross_module_009_T_b.cross_module_009_T_b] is executing
2026-04-16 16:32:52.665 INFO EntryPoint [/sast-js/case/completeness/single_app_tracing/cross_file_package_namespace/cross_module/cross_module_010_F/A/cross_module_010_F_a.exportString] is executing
2026-04-16 16:32:52.666 INFO EntryPoint [/sast-js/case/completeness/single_app_tracing/cross_file_package_namespace/cross_module/cross_module_010_F/B/cross_module_010_F_b.cross_module_010_F_b] is executing
2026-04-16 16:32:52.666 INFO EntryPoint [/sast-js/case/completeness/single_app_tracing/cross_file_package_namespace/cross_module/cross_module_011_T/B/cross_module_011_T_b.cross_module_011_T_b] is executing
2026-04-16 16:32:52.667 INFO EntryPoint [/sast-js/case/completeness/single_app_tracing/cross_file_package_namespace/cross_module/cross_module_012_F/B/cross_module_012_F_b.cross_module_012_F_b] is executing
2026-04-16 16:32:52.668 INFO EntryPoint [/tools/plugin/src/main/resources/scorecard/content/js/bootstrap.<anonymousFunc_11_$17>] is executing
2026-04-16 16:32:52.672 INFO EntryPoint [/tools/plugin/src/main/resources/scorecard/content/js/bootstrap.<anonymousFunc_28_$77>] is executing
2026-04-16 16:32:52.686 INFO EntryPoint [/tools/plugin/src/main/resources/scorecard/content/js/bootstrap.<anonymousFunc_54_$61>] is executing
2026-04-16 16:32:52.699 INFO EntryPoint [/tools/plugin/src/main/resources/scorecard/content/js/bootstrap.<anonymousFunc_71_$73>] is executing
2026-04-16 16:32:52.703 INFO EntryPoint [/tools/plugin/src/main/resources/scorecard/content/js/bootstrap.<anonymousFunc_88_$172>] is executing
2026-04-16 16:32:52.717 INFO EntryPoint [/tools/plugin/src/main/resources/scorecard/content/js/bootstrap.Plugin] is executing
2026-04-16 16:32:52.742 INFO EntryPoint [/tools/plugin/src/main/resources/scorecard/content/js/bootstrap.<anonymousFunc_161_$164>] is executing
2026-04-16 16:32:52.743 INFO EntryPoint [/tools/plugin/src/main/resources/scorecard/content/js/bootstrap.<anonymousFunc_183_$289>] is executing
2026-04-16 16:32:52.792 INFO EntryPoint [/tools/plugin/src/main/resources/scorecard/content/js/bootstrap.<anonymousFunc_269_$272>] is executing
2026-04-16 16:32:52.792 INFO EntryPoint [/tools/plugin/src/main/resources/scorecard/content/js/bootstrap.<anonymousFunc_300_$527>] is executing
2026-04-16 16:32:54.564 INFO EntryPoint [/tools/plugin/src/main/resources/scorecard/content/js/bootstrap.<anonymousFunc_334_$343>] is executing
2026-04-16 16:32:54.572 INFO EntryPoint [/tools/plugin/src/main/resources/scorecard/content/js/bootstrap.<anonymousFunc_489_$492>] is executing
2026-04-16 16:32:54.572 INFO EntryPoint [/tools/plugin/src/main/resources/scorecard/content/js/bootstrap.<anonymousFunc_538_$739>] is executing
2026-04-16 16:32:54.714 INFO EntryPoint [/tools/plugin/src/main/resources/scorecard/content/js/bootstrap.<anonymousFunc_666_$674>] is executing
2026-04-16 16:32:54.721 INFO EntryPoint [/tools/plugin/src/main/resources/scorecard/content/js/bootstrap.<anonymousFunc_718_$721>] is executing
2026-04-16 16:32:54.721 INFO EntryPoint [/tools/plugin/src/main/resources/scorecard/content/js/bootstrap.<anonymousFunc_750_$901>] is executing
2026-04-16 16:32:54.846 INFO EntryPoint [/tools/plugin/src/main/resources/scorecard/content/js/bootstrap.Plugin] is executing
2026-04-16 16:32:54.901 INFO EntryPoint [/tools/plugin/src/main/resources/scorecard/content/js/bootstrap.<anonymousFunc_884_$887>] is executing
2026-04-16 16:32:54.902 INFO EntryPoint [/tools/plugin/src/main/resources/scorecard/content/js/bootstrap.<anonymousFunc_912_$1241>] is executing
2026-04-16 16:32:55.536 INFO EntryPoint [/tools/plugin/src/main/resources/scorecard/content/js/bootstrap.<anonymousFunc_1141_$1143>] is executing
2026-04-16 16:32:55.537 INFO EntryPoint [/tools/plugin/src/main/resources/scorecard/content/js/bootstrap.<anonymousFunc_1215_$1218>] is executing
2026-04-16 16:32:55.538 INFO EntryPoint [/tools/plugin/src/main/resources/scorecard/content/js/bootstrap.<anonymousFunc_932_$934>] is executing
2026-04-16 16:32:55.539 INFO EntryPoint [/tools/plugin/src/main/resources/scorecard/content/js/bootstrap.<anonymousFunc_1056_$1058>] is executing
2026-04-16 16:32:55.599 INFO EntryPoint [/tools/plugin/src/main/resources/scorecard/content/js/bootstrap.<anonymousFunc_978_$1010>] is executing
2026-04-16 16:32:55.622 INFO EntryPoint [/tools/plugin/src/main/resources/scorecard/content/js/bootstrap.<anonymousFunc_1253_$1718>] is executing
2026-04-16 16:32:55.634 INFO EntryPoint [/tools/plugin/src/main/resources/scorecard/content/js/bootstrap.Plugin] is executing
2026-04-16 16:32:55.847 INFO EntryPoint [/tools/plugin/src/main/resources/scorecard/content/js/bootstrap.<anonymousFunc_1290_$1320>] is executing
2026-04-16 16:32:55.871 INFO EntryPoint [/tools/plugin/src/main/resources/scorecard/content/js/bootstrap.<anonymousFunc_1322_$1324>] is executing
2026-04-16 16:32:55.871 INFO EntryPoint [/tools/plugin/src/main/resources/scorecard/content/js/bootstrap.<anonymousFunc_1326_$1337>] is executing
2026-04-16 16:32:55.878 INFO EntryPoint [/tools/plugin/src/main/resources/scorecard/content/js/bootstrap.<anonymousFunc_1339_$1348>] is executing
2026-04-16 16:32:55.884 INFO EntryPoint [/tools/plugin/src/main/resources/scorecard/content/js/bootstrap.<anonymousFunc_1350_$1373>] is executing
2026-04-16 16:32:55.908 INFO EntryPoint [/tools/plugin/src/main/resources/scorecard/content/js/bootstrap.<anonymousFunc_1375_$1393>] is executing
2026-04-16 16:32:55.923 INFO EntryPoint [/tools/plugin/src/main/resources/scorecard/content/js/bootstrap.<anonymousFunc_1395_$1469>] is executing
2026-04-16 16:32:55.986 INFO EntryPoint [/tools/plugin/src/main/resources/scorecard/content/js/bootstrap.<anonymousFunc_1471_$1519>] is executing
2026-04-16 16:32:56.005 INFO EntryPoint [/tools/plugin/src/main/resources/scorecard/content/js/bootstrap.<anonymousFunc_1521_$1525>] is executing
2026-04-16 16:32:56.007 INFO EntryPoint [/tools/plugin/src/main/resources/scorecard/content/js/bootstrap.<anonymousFunc_1527_$1533>] is executing
2026-04-16 16:32:56.013 INFO EntryPoint [/tools/plugin/src/main/resources/scorecard/content/js/bootstrap.<anonymousFunc_1535_$1563>] is executing
2026-04-16 16:32:56.029 INFO EntryPoint [/tools/plugin/src/main/resources/scorecard/content/js/bootstrap.<anonymousFunc_1565_$1570>] is executing
2026-04-16 16:32:56.035 INFO EntryPoint [/tools/plugin/src/main/resources/scorecard/content/js/bootstrap.<anonymousFunc_1572_$1574>] is executing
2026-04-16 16:32:56.036 INFO EntryPoint [/tools/plugin/src/main/resources/scorecard/content/js/bootstrap.<anonymousFunc_1576_$1592>] is executing
2026-04-16 16:32:56.046 INFO EntryPoint [/tools/plugin/src/main/resources/scorecard/content/js/bootstrap.<anonymousFunc_1594_$1600>] is executing
2026-04-16 16:32:56.050 INFO EntryPoint [/tools/plugin/src/main/resources/scorecard/content/js/bootstrap.<anonymousFunc_1602_$1628>] is executing
2026-04-16 16:32:56.073 INFO EntryPoint [/tools/plugin/src/main/resources/scorecard/content/js/bootstrap.<anonymousFunc_1630_$1639>] is executing
2026-04-16 16:32:56.082 INFO EntryPoint [/tools/plugin/src/main/resources/scorecard/content/js/bootstrap.<anonymousFunc_1641_$1645>] is executing
2026-04-16 16:32:56.084 INFO EntryPoint [/tools/plugin/src/main/resources/scorecard/content/js/bootstrap.<anonymousFunc_1647_$1649>] is executing
2026-04-16 16:32:56.085 INFO EntryPoint [/tools/plugin/src/main/resources/scorecard/content/js/bootstrap.<anonymousFunc_1651_$1653>] is executing
2026-04-16 16:32:56.086 INFO EntryPoint [/tools/plugin/src/main/resources/scorecard/content/js/bootstrap.<anonymousFunc_1655_$1657>] is executing
2026-04-16 16:32:56.087 INFO EntryPoint [/tools/plugin/src/main/resources/scorecard/content/js/bootstrap.<anonymousFunc_1659_$1661>] is executing
2026-04-16 16:32:56.087 INFO EntryPoint [/tools/plugin/src/main/resources/scorecard/content/js/bootstrap.<anonymousFunc_1663_$1665>] is executing
2026-04-16 16:32:56.088 INFO EntryPoint [/tools/plugin/src/main/resources/scorecard/content/js/bootstrap.<anonymousFunc_1667_$1678>] is executing
2026-04-16 16:32:56.104 INFO EntryPoint [/tools/plugin/src/main/resources/scorecard/content/js/bootstrap.<anonymousFunc_1680_$1686>] is executing
2026-04-16 16:32:56.106 INFO EntryPoint [/tools/plugin/src/main/resources/scorecard/content/js/bootstrap.<anonymousFunc_1713_$1716>] is executing
2026-04-16 16:32:56.107 INFO EntryPoint [/tools/plugin/src/main/resources/scorecard/content/js/bootstrap.<anonymousFunc_1729_$1827>] is executing
2026-04-16 16:32:56.114 INFO EntryPoint [/tools/plugin/src/main/resources/scorecard/content/js/bootstrap.Plugin] is executing
2026-04-16 16:32:56.126 INFO EntryPoint [/tools/plugin/src/main/resources/scorecard/content/js/bootstrap.<anonymousFunc_1758_$1760>] is executing
2026-04-16 16:32:56.126 INFO EntryPoint [/tools/plugin/src/main/resources/scorecard/content/js/bootstrap.<anonymousFunc_1762_$1777>] is executing
2026-04-16 16:32:56.138 INFO EntryPoint [/tools/plugin/src/main/resources/scorecard/content/js/bootstrap.<anonymousFunc_1779_$1781>] is executing
2026-04-16 16:32:56.138 INFO EntryPoint [/tools/plugin/src/main/resources/scorecard/content/js/bootstrap.<anonymousFunc_1783_$1791>] is executing
2026-04-16 16:32:56.139 INFO EntryPoint [/tools/plugin/src/main/resources/scorecard/content/js/bootstrap.<anonymousFunc_1793_$1795>] is executing
2026-04-16 16:32:56.140 INFO EntryPoint [/tools/plugin/src/main/resources/scorecard/content/js/bootstrap.<anonymousFunc_1822_$1825>] is executing
2026-04-16 16:32:56.140 INFO EntryPoint [/tools/plugin/src/main/resources/scorecard/content/js/bootstrap.<anonymousFunc_1838_$2000>] is executing
2026-04-16 16:32:56.367 INFO EntryPoint [/tools/plugin/src/main/resources/scorecard/content/js/bootstrap.<anonymousFunc_1902_$1930>] is executing
2026-04-16 16:32:56.382 INFO EntryPoint [/tools/plugin/src/main/resources/scorecard/content/js/bootstrap.<anonymousFunc_1984_$1987>] is executing
2026-04-16 16:32:56.383 INFO EntryPoint [/tools/plugin/src/main/resources/scorecard/content/js/bootstrap.<anonymousFunc_2011_$2154>] is executing
2026-04-16 16:32:56.508 INFO EntryPoint [/tools/plugin/src/main/resources/scorecard/content/js/bootstrap.<anonymousFunc_2136_$2139>] is executing
2026-04-16 16:32:56.509 INFO EntryPoint [/tools/plugin/src/main/resources/scorecard/content/js/bootstrap.<anonymousFunc_2053_$2062>] is executing
2026-04-16 16:32:56.510 INFO EntryPoint [/tools/plugin/src/main/resources/scorecard/content/js/bootstrap.<anonymousFunc_2165_$2317>] is executing
2026-04-16 16:32:56.734 INFO EntryPoint [/tools/plugin/src/main/resources/scorecard/content/js/bootstrap.<anonymousFunc_2225_$2227>] is executing
2026-04-16 16:32:56.739 INFO EntryPoint [/tools/plugin/src/main/resources/scorecard/content/js/bootstrap.<anonymousFunc_2294_$2297>] is executing
2026-04-16 16:32:56.739 INFO EntryPoint [/tools/plugin/src/main/resources/scorecard/content/js/bootstrap.min.<anonymousFunc_6_$7>] is executing
2026-04-16 16:32:56.820 INFO EntryPoint [/tools/plugin/src/main/resources/scorecard/content/js/bootstrap.min.<anonymousFunc_6_$7>] is executing
2026-04-16 16:32:56.829 INFO [YASA] Completed symbolInterpret, cost: 23501ms, heap: 773.64/811.97 MB, rss: 524.88 MB, arrayBuffers: 0.27 MB
2026-04-16 16:32:56.857 INFO Found 4 potential output strategy files
2026-04-16 16:32:56.859 INFO Registered strategy: callchain from callchain-output-strategy.js
2026-04-16 16:32:56.859 INFO Registered strategy: callgraph from callgraph-output-strategy.js
2026-04-16 16:32:56.859 INFO Registered strategy: interactive from interactive-output-strategy.js
2026-04-16 16:32:56.860 INFO Registered strategy: taintflow from taint-output-strategy.js
2026-04-16 16:32:56.860 INFO Successfully registered 4 output strategies
2026-04-16 16:32:56.861 INFO 
======================== Findings ======================== 
2026-04-16 16:32:56.861 INFO 
-------------  1 :  taint_flow_test ------------- 
2026-04-16 16:32:56.861 INFO Description: taint_flow_test，回归测试使用，不推荐外部使用
2026-04-16 16:32:56.861 INFO File: /sast-js/case/completeness/single_app_tracing/datatype/primitives/symbol_001_T.js
2026-04-16 16:32:56.861 INFO Line 14: __taint_sink(sym.toString())
2026-04-16 16:32:56.861 INFO SINK RULE: __taint_sink
2026-04-16 16:32:56.861 INFO entrypoint: 
2026-04-16 16:32:56.861 INFO {
  filePath: '/sast-js/case/completeness/single_app_tracing/datatype/primitives/symbol_001_T.js',
  functionName: undefined,
  attribute: 'fullfileManagerMade',
  type: 'fileBegin',
  packageName: undefined,
  funcReceiverType: ''
}
2026-04-16 16:32:56.862 INFO Trace: 
2026-04-16 16:32:56.862 INFO  /sast-js/case/completeness/single_app_tracing/datatype/primitives/symbol_001_T.js
  AffectedNodeName: __taint_src
  13:  SOURCE:    let sym = __taint_src;
 /sast-js/case/completeness/single_app_tracing/datatype/primitives/symbol_001_T.js
  AffectedNodeName: sym
  13:  Var Pass:    let sym = __taint_src;
 /sast-js/case/completeness/single_app_tracing/datatype/primitives/symbol_001_T.js
  AffectedNodeName: __taint_sink
  14:  SINK:    __taint_sink(sym.toString());
2026-04-16 16:32:56.862 INFO 
-------------  2 :  taint_flow_test ------------- 
2026-04-16 16:32:56.862 INFO Description: taint_flow_test，回归测试使用，不推荐外部使用
2026-04-16 16:32:56.862 INFO File: /sast-js/case/accuracy/context_sensitive/argument_return_value_passing/argument_passing_value_001_T.js
2026-04-16 16:32:56.862 INFO Line 14: __taint_sink(arg)
2026-04-16 16:32:56.862 INFO SINK RULE: __taint_sink
2026-04-16 16:32:56.862 INFO entrypoint: 
2026-04-16 16:32:56.862 INFO {
  filePath: '/sast-js/case/accuracy/context_sensitive/argument_return_value_passing/argument_passing_value_001_T.js',
  functionName: 'argument_passing_value_001_T',
  attribute: 'fullCallGraphMade',
  type: 'functionCall',
  packageName: undefined,
  funcReceiverType: ''
}
2026-04-16 16:32:56.862 INFO Trace: 
2026-04-16 16:32:56.862 INFO  /sast-js/case/accuracy/context_sensitive/argument_return_value_passing/argument_passing_value_001_T.js
  AffectedNodeName: __taint_src
  10:  SOURCE:  function argument_passing_value_001_T(__taint_src) {
 /sast-js/case/accuracy/context_sensitive/argument_return_value_passing/argument_passing_value_001_T.js
  AffectedNodeName: process
  11:  CALL:    process(__taint_src);
 /sast-js/case/accuracy/context_sensitive/argument_return_value_passing/argument_passing_value_001_T.js
  AffectedNodeName: arg
  13:  ARG PASS:    function process(arg) {
 /sast-js/case/accuracy/context_sensitive/argument_return_value_passing/argument_passing_value_001_T.js
  AffectedNodeName: __taint_sink
  14:  SINK:      __taint_sink(arg);
2026-04-16 16:32:56.863 INFO 
-------------  3 :  taint_flow_test ------------- 
2026-04-16 16:32:56.863 INFO Description: taint_flow_test，回归测试使用，不推荐外部使用
2026-04-16 16:32:56.863 INFO File: /sast-js/case/accuracy/context_sensitive/argument_return_value_passing/argument_passing_value_003_T.js
2026-04-16 16:32:56.863 INFO Line 15: __taint_sink(arg1)
2026-04-16 16:32:56.863 INFO SINK RULE: __taint_sink
2026-04-16 16:32:56.863 INFO entrypoint: 
2026-04-16 16:32:56.863 INFO {
  filePath: '/sast-js/case/accuracy/context_sensitive/argument_return_value_passing/argument_passing_value_003_T.js',
  functionName: 'argument_passing_value_003_T',
  attribute: 'fullCallGraphMade',
  type: 'functionCall',
  packageName: undefined,
  funcReceiverType: ''
}
2026-04-16 16:32:56.864 INFO Trace: 
2026-04-16 16:32:56.864 INFO  /sast-js/case/accuracy/context_sensitive/argument_return_value_passing/argument_passing_value_003_T.js
  AffectedNodeName: __taint_src
  11:  SOURCE:  function argument_passing_value_003_T(__taint_src) {
 /sast-js/case/accuracy/context_sensitive/argument_return_value_passing/argument_passing_value_003_T.js
  AffectedNodeName: process
  12:  CALL:    process(__taint_src, "_");
 /sast-js/case/accuracy/context_sensitive/argument_return_value_passing/argument_passing_value_003_T.js
  AffectedNodeName: arg1
  14:  ARG PASS:    function process(arg1, arg2) {
 /sast-js/case/accuracy/context_sensitive/argument_return_value_passing/argument_passing_value_003_T.js
  AffectedNodeName: __taint_sink
  15:  SINK:      __taint_sink(arg1);
2026-04-16 16:32:56.864 INFO 
-------------  4 :  taint_flow_test ------------- 
2026-04-16 16:32:56.864 INFO Description: taint_flow_test，回归测试使用，不推荐外部使用
2026-04-16 16:32:56.864 INFO File: /sast-js/case/accuracy/context_sensitive/argument_return_value_passing/return_value_passing_001_T.js
2026-04-16 16:32:56.864 INFO Line 12: __taint_sink(data)
2026-04-16 16:32:56.864 INFO SINK RULE: __taint_sink
2026-04-16 16:32:56.864 INFO entrypoint: 
2026-04-16 16:32:56.864 INFO {
  filePath: '/sast-js/case/accuracy/context_sensitive/argument_return_value_passing/return_value_passing_001_T.js',
  functionName: 'return_value_passing_001_T',
  attribute: 'fullCallGraphMade',
  type: 'functionCall',
  packageName: undefined,
  funcReceiverType: ''
}
2026-04-16 16:32:56.864 INFO Trace: 
2026-04-16 16:32:56.864 INFO  /sast-js/case/accuracy/context_sensitive/argument_return_value_passing/return_value_passing_001_T.js
  AffectedNodeName: __taint_src
  10:  SOURCE:  function return_value_passing_001_T(__taint_src) {
 /sast-js/case/accuracy/context_sensitive/argument_return_value_passing/return_value_passing_001_T.js
  AffectedNodeName: [return value]
  15:  Return Value:      return __taint_src;
 /sast-js/case/accuracy/context_sensitive/argument_return_value_passing/return_value_passing_001_T.js
  AffectedNodeName: process
  11:  CALL RETURN:   let data = process();
 /sast-js/case/accuracy/context_sensitive/argument_return_value_passing/return_value_passing_001_T.js
  AffectedNodeName: data
  11:  Var Pass:    let data = process();
 /sast-js/case/accuracy/context_sensitive/argument_return_value_passing/return_value_passing_001_T.js
  AffectedNodeName: __taint_sink
  12:  SINK:    __taint_sink(data);
2026-04-16 16:32:56.865 INFO 
-------------  5 :  taint_flow_test ------------- 
2026-04-16 16:32:56.865 INFO Description: taint_flow_test，回归测试使用，不推荐外部使用
2026-04-16 16:32:56.865 INFO File: /sast-js/case/accuracy/context_sensitive/multi_invoke/chain_invoke_001_T.js
2026-04-16 16:32:56.865 INFO Line 21: __taint_sink(obj.data)
2026-04-16 16:32:56.865 INFO SINK RULE: __taint_sink
2026-04-16 16:32:56.865 INFO entrypoint: 
2026-04-16 16:32:56.865 INFO {
  filePath: '/sast-js/case/accuracy/context_sensitive/multi_invoke/chain_invoke_001_T.js',
  functionName: 'chain_invoke_001_T',
  attribute: 'fullCallGraphMade',
  type: 'functionCall',
  packageName: undefined,
  funcReceiverType: ''
}
2026-04-16 16:32:56.865 INFO Trace: 
2026-04-16 16:32:56.865 INFO  /sast-js/case/accuracy/context_sensitive/multi_invoke/chain_invoke_001_T.js
  AffectedNodeName: __taint_src
  11:  SOURCE:  function chain_invoke_001_T(__taint_src) {
 /sast-js/case/accuracy/context_sensitive/multi_invoke/chain_invoke_001_T.js
  AffectedNodeName: process
  20:  CALL:    obj.process("safe_value").process(__taint_src);
 /sast-js/case/accuracy/context_sensitive/multi_invoke/chain_invoke_001_T.js
  AffectedNodeName: arg
  14:  ARG PASS:      process(arg) {
 /sast-js/case/accuracy/context_sensitive/multi_invoke/chain_invoke_001_T.js
  AffectedNodeName: this.data
  15:  Var Pass:       this.data = arg;
 /sast-js/case/accuracy/context_sensitive/multi_invoke/chain_invoke_001_T.js
  AffectedNodeName: [return value]
  16:  Return Value:        return this;
 /sast-js/case/accuracy/context_sensitive/multi_invoke/chain_invoke_001_T.js
  AffectedNodeName: process
  20:  CALL RETURN:   obj.process("safe_value").process(__taint_src);
 /sast-js/case/accuracy/context_sensitive/multi_invoke/chain_invoke_001_T.js
  AffectedNodeName: __taint_sink
  21:  SINK:    __taint_sink(obj.data);
2026-04-16 16:32:56.865 INFO 
-------------  6 :  taint_flow_test ------------- 
2026-04-16 16:32:56.865 INFO Description: taint_flow_test，回归测试使用，不推荐外部使用
2026-04-16 16:32:56.865 INFO File: /sast-js/case/accuracy/context_sensitive/multi_invoke/multi_invoke_001_T.js
2026-04-16 16:32:56.865 INFO Line 13: __taint_sink(a)
2026-04-16 16:32:56.865 INFO SINK RULE: __taint_sink
2026-04-16 16:32:56.865 INFO entrypoint: 
2026-04-16 16:32:56.866 INFO {
  filePath: '/sast-js/case/accuracy/context_sensitive/multi_invoke/multi_invoke_001_T.js',
  functionName: 'multi_invoke_001_T',
  attribute: 'fullCallGraphMade',
  type: 'functionCall',
  packageName: undefined,
  funcReceiverType: ''
}
2026-04-16 16:32:56.866 INFO Trace: 
2026-04-16 16:32:56.866 INFO  /sast-js/case/accuracy/context_sensitive/multi_invoke/multi_invoke_001_T.js
  AffectedNodeName: __taint_src
  10:  SOURCE:  function multi_invoke_001_T(__taint_src) {
 /sast-js/case/accuracy/context_sensitive/multi_invoke/multi_invoke_001_T.js
  AffectedNodeName: process
  11:  CALL:    let a = process(__taint_src);
 /sast-js/case/accuracy/context_sensitive/multi_invoke/multi_invoke_001_T.js
  AffectedNodeName: arg
  15:  ARG PASS:    function process(arg) {
 /sast-js/case/accuracy/context_sensitive/multi_invoke/multi_invoke_001_T.js
  AffectedNodeName: [return value]
  16:  Return Value:      return arg;
 /sast-js/case/accuracy/context_sensitive/multi_invoke/multi_invoke_001_T.js
  AffectedNodeName: process
  11:  CALL RETURN:   let a = process(__taint_src);
 /sast-js/case/accuracy/context_sensitive/multi_invoke/multi_invoke_001_T.js
  AffectedNodeName: a
  11:  Var Pass:    let a = process(__taint_src);
 /sast-js/case/accuracy/context_sensitive/multi_invoke/multi_invoke_001_T.js
  AffectedNodeName: __taint_sink
  13:  SINK:    __taint_sink(a);
2026-04-16 16:32:56.866 INFO 
-------------  7 :  taint_flow_test ------------- 
2026-04-16 16:32:56.866 INFO Description: taint_flow_test，回归测试使用，不推荐外部使用
2026-04-16 16:32:56.866 INFO File: /sast-js/case/accuracy/context_sensitive/polymorphism/polymorphism_003_T.js
2026-04-16 16:32:56.866 INFO Line 26: __taint_sink(sub.call())
2026-04-16 16:32:56.866 INFO SINK RULE: __taint_sink
2026-04-16 16:32:56.866 INFO entrypoint: 
2026-04-16 16:32:56.866 INFO {
  filePath: '/sast-js/case/accuracy/context_sensitive/polymorphism/polymorphism_003_T.js',
  functionName: 'polymorphism_003_T',
  attribute: 'fullCallGraphMade',
  type: 'functionCall',
  packageName: undefined,
  funcReceiverType: ''
}
2026-04-16 16:32:56.867 INFO Trace: 
2026-04-16 16:32:56.867 INFO  /sast-js/case/accuracy/context_sensitive/polymorphism/polymorphism_003_T.js
  AffectedNodeName: __taint_src
  10:  SOURCE:  function polymorphism_003_T(__taint_src) {
 /sast-js/case/accuracy/context_sensitive/polymorphism/polymorphism_003_T.js
  AffectedNodeName: [return value]
  15:  Return Value:        return __taint_src;
 /sast-js/case/accuracy/context_sensitive/polymorphism/polymorphism_003_T.js
  AffectedNodeName: call
  26:  CALL RETURN:   __taint_sink(sub.call());
 /sast-js/case/accuracy/context_sensitive/polymorphism/polymorphism_003_T.js
  AffectedNodeName: __taint_sink
  26:  SINK:    __taint_sink(sub.call());
2026-04-16 16:32:56.867 INFO 
-------------  8 :  taint_flow_test ------------- 
2026-04-16 16:32:56.867 INFO Description: taint_flow_test，回归测试使用，不推荐外部使用
2026-04-16 16:32:56.867 INFO File: /sast-js/case/accuracy/flow_sensitive/asynchronous/promise_defer_001_T.js
2026-04-16 16:32:56.867 INFO Line 16: __taint_sink(result)
2026-04-16 16:32:56.867 INFO SINK RULE: __taint_sink
2026-04-16 16:32:56.867 INFO entrypoint: 
2026-04-16 16:32:56.867 INFO {
  filePath: '/sast-js/case/accuracy/flow_sensitive/asynchronous/promise_defer_001_T.js',
  functionName: 'promise_defer_001_T',
  attribute: 'fullCallGraphMade',
  type: 'functionCall',
  packageName: undefined,
  funcReceiverType: ''
}
2026-04-16 16:32:56.867 INFO Trace: 
2026-04-16 16:32:56.867 INFO  /sast-js/case/accuracy/flow_sensitive/asynchronous/promise_defer_001_T.js
  AffectedNodeName: __taint_src
  11:  SOURCE:  function promise_defer_001_T(__taint_src) {
 /sast-js/case/accuracy/flow_sensitive/asynchronous/promise_defer_001_T.js
  AffectedNodeName: result
  15:  Var Pass:     result = __taint_src;
 /sast-js/case/accuracy/flow_sensitive/asynchronous/promise_defer_001_T.js
  AffectedNodeName: __taint_sink
  16:  SINK:      __taint_sink(result);
2026-04-16 16:32:56.867 INFO 
-------------  9 :  taint_flow_test ------------- 
2026-04-16 16:32:56.867 INFO Description: taint_flow_test，回归测试使用，不推荐外部使用
2026-04-16 16:32:56.867 INFO File: /sast-js/case/accuracy/flow_sensitive/defer_exectution/queuemicrotask_delay_001_T.js
2026-04-16 16:32:56.867 INFO Line 18: __taint_sink(result)
2026-04-16 16:32:56.867 INFO SINK RULE: __taint_sink
2026-04-16 16:32:56.867 INFO entrypoint: 
2026-04-16 16:32:56.867 INFO {
  filePath: '/sast-js/case/accuracy/flow_sensitive/defer_exectution/queuemicrotask_delay_001_T.js',
  functionName: 'queuemicrotask_delay_001_T',
  attribute: 'fullCallGraphMade',
  type: 'functionCall',
  packageName: undefined,
  funcReceiverType: ''
}
2026-04-16 16:32:56.867 INFO Trace: 
2026-04-16 16:32:56.867 INFO  /sast-js/case/accuracy/flow_sensitive/defer_exectution/queuemicrotask_delay_001_T.js
  AffectedNodeName: __taint_src
  11:  SOURCE:  function queuemicrotask_delay_001_T(__taint_src) {
 /sast-js/case/accuracy/flow_sensitive/defer_exectution/queuemicrotask_delay_001_T.js
  AffectedNodeName: result
  17:  Var Pass:   result = __taint_src;
 /sast-js/case/accuracy/flow_sensitive/defer_exectution/queuemicrotask_delay_001_T.js
  AffectedNodeName: __taint_sink
  18:  SINK:    __taint_sink(result);
2026-04-16 16:32:56.867 INFO 
-------------  10 :  taint_flow_test ------------- 
2026-04-16 16:32:56.867 INFO Description: taint_flow_test，回归测试使用，不推荐外部使用
2026-04-16 16:32:56.868 INFO File: /sast-js/case/accuracy/flow_sensitive/defer_exectution/setinterval_defer_001_T.js
2026-04-16 16:32:56.868 INFO Line 19: __taint_sink(result)
2026-04-16 16:32:56.868 INFO SINK RULE: __taint_sink
2026-04-16 16:32:56.868 INFO entrypoint: 
2026-04-16 16:32:56.868 INFO {
  filePath: '/sast-js/case/accuracy/flow_sensitive/defer_exectution/setinterval_defer_001_T.js',
  functionName: 'setinterval_defer_001_T',
  attribute: 'fullCallGraphMade',
  type: 'functionCall',
  packageName: undefined,
  funcReceiverType: ''
}
2026-04-16 16:32:56.868 INFO Trace: 
2026-04-16 16:32:56.868 INFO  /sast-js/case/accuracy/flow_sensitive/defer_exectution/setinterval_defer_001_T.js
  AffectedNodeName: __taint_src
  11:  SOURCE:  function setinterval_defer_001_T(__taint_src) {
 /sast-js/case/accuracy/flow_sensitive/defer_exectution/setinterval_defer_001_T.js
  AffectedNodeName: result
  18:  Var Pass:   result = __taint_src;
 /sast-js/case/accuracy/flow_sensitive/defer_exectution/setinterval_defer_001_T.js
  AffectedNodeName: __taint_sink
  19:  SINK:    __taint_sink(result);
2026-04-16 16:32:56.868 INFO 
-------------  11 :  taint_flow_test ------------- 
2026-04-16 16:32:56.868 INFO Description: taint_flow_test，回归测试使用，不推荐外部使用
2026-04-16 16:32:56.868 INFO File: /sast-js/case/accuracy/flow_sensitive/defer_exectution/settimeout_defer_001_T.js
2026-04-16 16:32:56.868 INFO Line 18: __taint_sink(result)
2026-04-16 16:32:56.868 INFO SINK RULE: __taint_sink
2026-04-16 16:32:56.868 INFO entrypoint: 
2026-04-16 16:32:56.868 INFO {
  filePath: '/sast-js/case/accuracy/flow_sensitive/defer_exectution/settimeout_defer_001_T.js',
  functionName: 'settimeout_defer_001_T',
  attribute: 'fullCallGraphMade',
  type: 'functionCall',
  packageName: undefined,
  funcReceiverType: ''
}
2026-04-16 16:32:56.868 INFO Trace: 
2026-04-16 16:32:56.868 INFO  /sast-js/case/accuracy/flow_sensitive/defer_exectution/settimeout_defer_001_T.js
  AffectedNodeName: __taint_src
  11:  SOURCE:  function settimeout_defer_001_T(__taint_src) {
 /sast-js/case/accuracy/flow_sensitive/defer_exectution/settimeout_defer_001_T.js
  AffectedNodeName: result
  17:  Var Pass:   result = __taint_src;
 /sast-js/case/accuracy/flow_sensitive/defer_exectution/settimeout_defer_001_T.js
  AffectedNodeName: __taint_sink
  18:  SINK:    __taint_sink(result);
2026-04-16 16:32:56.868 INFO 
-------------  12 :  taint_flow_test ------------- 
2026-04-16 16:32:56.868 INFO Description: taint_flow_test，回归测试使用，不推荐外部使用
2026-04-16 16:32:56.868 INFO File: /sast-js/case/accuracy/flow_sensitive/loop_stmt/dowhile_body_loop_stmt_001_T.js
2026-04-16 16:32:56.868 INFO Line 15: __taint_sink(res)
2026-04-16 16:32:56.869 INFO SINK RULE: __taint_sink
2026-04-16 16:32:56.869 INFO entrypoint: 
2026-04-16 16:32:56.869 INFO {
  filePath: '/sast-js/case/accuracy/flow_sensitive/loop_stmt/dowhile_body_loop_stmt_001_T.js',
  functionName: 'dowhile_body_loop_stmt_001_T',
  attribute: 'fullCallGraphMade',
  type: 'functionCall',
  packageName: undefined,
  funcReceiverType: ''
}
2026-04-16 16:32:56.869 INFO Trace: 
2026-04-16 16:32:56.869 INFO  /sast-js/case/accuracy/flow_sensitive/loop_stmt/dowhile_body_loop_stmt_001_T.js
  AffectedNodeName: __taint_src
  11:  SOURCE:  function dowhile_body_loop_stmt_001_T(__taint_src) {
 /sast-js/case/accuracy/flow_sensitive/loop_stmt/dowhile_body_loop_stmt_001_T.js
  AffectedNodeName: res
  14:  Var Pass:     res = __taint_src;
 /sast-js/case/accuracy/flow_sensitive/loop_stmt/dowhile_body_loop_stmt_001_T.js
  AffectedNodeName: __taint_sink
  15:  SINK:      __taint_sink(res);
2026-04-16 16:32:56.869 INFO 
-------------  13 :  taint_flow_test ------------- 
2026-04-16 16:32:56.869 INFO Description: taint_flow_test，回归测试使用，不推荐外部使用
2026-04-16 16:32:56.869 INFO File: /sast-js/case/accuracy/flow_sensitive/loop_stmt/dowhile_body_loop_stmt_002_F.js
2026-04-16 16:32:56.869 INFO Line 14: __taint_sink(res)
2026-04-16 16:32:56.869 INFO SINK RULE: __taint_sink
2026-04-16 16:32:56.870 INFO entrypoint: 
2026-04-16 16:32:56.870 INFO {
  filePath: '/sast-js/case/accuracy/flow_sensitive/loop_stmt/dowhile_body_loop_stmt_002_F.js',
  functionName: 'dowhile_body_loop_stmt_002_F',
  attribute: 'fullCallGraphMade',
  type: 'functionCall',
  packageName: undefined,
  funcReceiverType: ''
}
2026-04-16 16:32:56.870 INFO Trace: 
2026-04-16 16:32:56.870 INFO  /sast-js/case/accuracy/flow_sensitive/loop_stmt/dowhile_body_loop_stmt_002_F.js
  AffectedNodeName: __taint_src
  11:  SOURCE:  function dowhile_body_loop_stmt_002_F(__taint_src) {
 /sast-js/case/accuracy/flow_sensitive/loop_stmt/dowhile_body_loop_stmt_002_F.js
  AffectedNodeName: res
  15:  Var Pass:     res = __taint_src;
 /sast-js/case/accuracy/flow_sensitive/loop_stmt/dowhile_body_loop_stmt_002_F.js
  AffectedNodeName: __taint_sink
  14:  SINK:      __taint_sink(res);
2026-04-16 16:32:56.870 INFO 
-------------  14 :  taint_flow_test ------------- 
2026-04-16 16:32:56.870 INFO Description: taint_flow_test，回归测试使用，不推荐外部使用
2026-04-16 16:32:56.870 INFO File: /sast-js/case/accuracy/flow_sensitive/loop_stmt/for_001_T.js
2026-04-16 16:32:56.870 INFO Line 16: __taint_sink(res)
2026-04-16 16:32:56.870 INFO SINK RULE: __taint_sink
2026-04-16 16:32:56.870 INFO entrypoint: 
2026-04-16 16:32:56.870 INFO {
  filePath: '/sast-js/case/accuracy/flow_sensitive/loop_stmt/for_001_T.js',
  functionName: 'for_001_T',
  attribute: 'fullCallGraphMade',
  type: 'functionCall',
  packageName: undefined,
  funcReceiverType: ''
}
2026-04-16 16:32:56.870 INFO Trace: 
2026-04-16 16:32:56.870 INFO  /sast-js/case/accuracy/flow_sensitive/loop_stmt/for_001_T.js
  AffectedNodeName: __taint_src
  11:  SOURCE:  function for_001_T(__taint_src) {
 /sast-js/case/accuracy/flow_sensitive/loop_stmt/for_001_T.js
  AffectedNodeName: res
  15:  Var Pass:     res = __taint_src;
 /sast-js/case/accuracy/flow_sensitive/loop_stmt/for_001_T.js
  AffectedNodeName: __taint_sink
  16:  SINK:      __taint_sink(res);
2026-04-16 16:32:56.870 INFO 
-------------  15 :  taint_flow_test ------------- 
2026-04-16 16:32:56.870 INFO Description: taint_flow_test，回归测试使用，不推荐外部使用
2026-04-16 16:32:56.870 INFO File: /sast-js/case/accuracy/flow_sensitive/loop_stmt/for_002_F.js
2026-04-16 16:32:56.870 INFO Line 15: __taint_sink(res)
2026-04-16 16:32:56.870 INFO SINK RULE: __taint_sink
2026-04-16 16:32:56.870 INFO entrypoint: 
2026-04-16 16:32:56.870 INFO {
  filePath: '/sast-js/case/accuracy/flow_sensitive/loop_stmt/for_002_F.js',
  functionName: 'for_002_F',
  attribute: 'fullCallGraphMade',
  type: 'functionCall',
  packageName: undefined,
  funcReceiverType: ''
}
2026-04-16 16:32:56.870 INFO Trace: 
2026-04-16 16:32:56.870 INFO  /sast-js/case/accuracy/flow_sensitive/loop_stmt/for_002_F.js
  AffectedNodeName: __taint_src
  11:  SOURCE:  function for_002_F(__taint_src) {
 /sast-js/case/accuracy/flow_sensitive/loop_stmt/for_002_F.js
  AffectedNodeName: res
  16:  Var Pass:     res = __taint_src;
 /sast-js/case/accuracy/flow_sensitive/loop_stmt/for_002_F.js
  AffectedNodeName: __taint_sink
  15:  SINK:      __taint_sink(res);
2026-04-16 16:32:56.870 INFO 
-------------  16 :  taint_flow_test ------------- 
2026-04-16 16:32:56.870 INFO Description: taint_flow_test，回归测试使用，不推荐外部使用
2026-04-16 16:32:56.870 INFO File: /sast-js/case/accuracy/flow_sensitive/loop_stmt/for_003_T.js
2026-04-16 16:32:56.870 INFO Line 15: __taint_sink(res)
2026-04-16 16:32:56.870 INFO SINK RULE: __taint_sink
2026-04-16 16:32:56.870 INFO entrypoint: 
2026-04-16 16:32:56.870 INFO {
  filePath: '/sast-js/case/accuracy/flow_sensitive/loop_stmt/for_003_T.js',
  functionName: 'for_003_T',
  attribute: 'fullCallGraphMade',
  type: 'functionCall',
  packageName: undefined,
  funcReceiverType: ''
}
2026-04-16 16:32:56.870 INFO Trace: 
2026-04-16 16:32:56.871 INFO  /sast-js/case/accuracy/flow_sensitive/loop_stmt/for_003_T.js
  AffectedNodeName: __taint_src
  11:  SOURCE:  function for_003_T(__taint_src) {
 /sast-js/case/accuracy/flow_sensitive/loop_stmt/for_003_T.js
  AffectedNodeName: res
  14:  Var Pass:   for (res = __taint_src; i < 1; i++) {
 /sast-js/case/accuracy/flow_sensitive/loop_stmt/for_003_T.js
  AffectedNodeName: __taint_sink
  15:  SINK:      __taint_sink(res);
2026-04-16 16:32:56.871 INFO 
-------------  17 :  taint_flow_test ------------- 
2026-04-16 16:32:56.871 INFO Description: taint_flow_test，回归测试使用，不推荐外部使用
2026-04-16 16:32:56.871 INFO File: /sast-js/case/accuracy/flow_sensitive/loop_stmt/forin_body_loop_stmt_001_T.js
2026-04-16 16:32:56.871 INFO Line 16: __taint_sink(obj.key)
2026-04-16 16:32:56.871 INFO SINK RULE: __taint_sink
2026-04-16 16:32:56.871 INFO entrypoint: 
2026-04-16 16:32:56.871 INFO {
  filePath: '/sast-js/case/accuracy/flow_sensitive/loop_stmt/forin_body_loop_stmt_001_T.js',
  functionName: 'forin_body_loop_stmt_001_T',
  attribute: 'fullCallGraphMade',
  type: 'functionCall',
  packageName: undefined,
  funcReceiverType: ''
}
2026-04-16 16:32:56.871 INFO Trace: 
2026-04-16 16:32:56.871 INFO  /sast-js/case/accuracy/flow_sensitive/loop_stmt/forin_body_loop_stmt_001_T.js
  AffectedNodeName: __taint_src
  11:  SOURCE:  function forin_body_loop_stmt_001_T(__taint_src) {
 /sast-js/case/accuracy/flow_sensitive/loop_stmt/forin_body_loop_stmt_001_T.js
  AffectedNodeName: obj
  12:  Var Pass:    let obj = { key: __taint_src };
 /sast-js/case/accuracy/flow_sensitive/loop_stmt/forin_body_loop_stmt_001_T.js
  AffectedNodeName: __taint_sink
  16:  SINK:      __taint_sink(obj[key]);
2026-04-16 16:32:56.871 INFO 
-------------  18 :  taint_flow_test ------------- 
2026-04-16 16:32:56.871 INFO Description: taint_flow_test，回归测试使用，不推荐外部使用
2026-04-16 16:32:56.871 INFO File: /sast-js/case/accuracy/flow_sensitive/loop_stmt/forof_body_loop_stmt_001_T.js
2026-04-16 16:32:56.871 INFO Line 16: __taint_sink(item)
2026-04-16 16:32:56.871 INFO SINK RULE: __taint_sink
2026-04-16 16:32:56.871 INFO entrypoint: 
2026-04-16 16:32:56.871 INFO {
  filePath: '/sast-js/case/accuracy/flow_sensitive/loop_stmt/forof_body_loop_stmt_001_T.js',
  functionName: 'forof_body_loop_stmt_001_T',
  attribute: 'fullCallGraphMade',
  type: 'functionCall',
  packageName: undefined,
  funcReceiverType: ''
}
2026-04-16 16:32:56.871 INFO Trace: 
2026-04-16 16:32:56.871 INFO  /sast-js/case/accuracy/flow_sensitive/loop_stmt/forof_body_loop_stmt_001_T.js
  AffectedNodeName: __taint_src
  11:  SOURCE:  function forof_body_loop_stmt_001_T(__taint_src) {
 /sast-js/case/accuracy/flow_sensitive/loop_stmt/forof_body_loop_stmt_001_T.js
  AffectedNodeName: arr
  12:  Var Pass:    let arr = [__taint_src];
 /sast-js/case/accuracy/flow_sensitive/loop_stmt/forof_body_loop_stmt_001_T.js
  AffectedNodeName: item
  15:  Var Pass:    for (let item of arr) {
  16:  Var Pass:      __taint_sink(item);
  17:  Var Pass:    }
 /sast-js/case/accuracy/flow_sensitive/loop_stmt/forof_body_loop_stmt_001_T.js
  AffectedNodeName: __taint_sink
  16:  SINK:      __taint_sink(item);
2026-04-16 16:32:56.871 INFO 
-------------  19 :  taint_flow_test ------------- 
2026-04-16 16:32:56.871 INFO Description: taint_flow_test，回归测试使用，不推荐外部使用
2026-04-16 16:32:56.871 INFO File: /sast-js/case/accuracy/flow_sensitive/loop_stmt/while_body_loop_stmt_001_T.js
2026-04-16 16:32:56.871 INFO Line 18: __taint_sink(res)
2026-04-16 16:32:56.871 INFO SINK RULE: __taint_sink
2026-04-16 16:32:56.871 INFO entrypoint: 
2026-04-16 16:32:56.871 INFO {
  filePath: '/sast-js/case/accuracy/flow_sensitive/loop_stmt/while_body_loop_stmt_001_T.js',
  functionName: 'while_body_loop_stmt_001_T',
  attribute: 'fullCallGraphMade',
  type: 'functionCall',
  packageName: undefined,
  funcReceiverType: ''
}
2026-04-16 16:32:56.871 INFO Trace: 
2026-04-16 16:32:56.871 INFO  /sast-js/case/accuracy/flow_sensitive/loop_stmt/while_body_loop_stmt_001_T.js
  AffectedNodeName: __taint_src
  11:  SOURCE:  function while_body_loop_stmt_001_T(__taint_src) {
 /sast-js/case/accuracy/flow_sensitive/loop_stmt/while_body_loop_stmt_001_T.js
  AffectedNodeName: res
  17:  Var Pass:     res = __taint_src;
 /sast-js/case/accuracy/flow_sensitive/loop_stmt/while_body_loop_stmt_001_T.js
  AffectedNodeName: __taint_sink
  18:  SINK:      __taint_sink(res);
2026-04-16 16:32:56.871 INFO 
-------------  20 :  taint_flow_test ------------- 
2026-04-16 16:32:56.871 INFO Description: taint_flow_test，回归测试使用，不推荐外部使用
2026-04-16 16:32:56.871 INFO File: /sast-js/case/accuracy/flow_sensitive/normal_stmt/assign_expression_stmt_001_T.js
2026-04-16 16:32:56.871 INFO Line 13: __taint_sink(result)
2026-04-16 16:32:56.871 INFO SINK RULE: __taint_sink
2026-04-16 16:32:56.871 INFO entrypoint: 
2026-04-16 16:32:56.871 INFO {
  filePath: '/sast-js/case/accuracy/flow_sensitive/normal_stmt/assign_expression_stmt_001_T.js',
  functionName: 'assign_expression_stmt_001_T',
  attribute: 'fullCallGraphMade',
  type: 'functionCall',
  packageName: undefined,
  funcReceiverType: ''
}
2026-04-16 16:32:56.871 INFO Trace: 
2026-04-16 16:32:56.871 INFO  /sast-js/case/accuracy/flow_sensitive/normal_stmt/assign_expression_stmt_001_T.js
  AffectedNodeName: __taint_src
  11:  SOURCE:  function assign_expression_stmt_001_T(__taint_src) {
 /sast-js/case/accuracy/flow_sensitive/normal_stmt/assign_expression_stmt_001_T.js
  AffectedNodeName: result
  12:  Var Pass:    let result = __taint_src;
 /sast-js/case/accuracy/flow_sensitive/normal_stmt/assign_expression_stmt_001_T.js
  AffectedNodeName: __taint_sink
  13:  SINK:    __taint_sink(result);
2026-04-16 16:32:56.872 INFO 
-------------  21 :  taint_flow_test ------------- 
2026-04-16 16:32:56.872 INFO Description: taint_flow_test，回归测试使用，不推荐外部使用
2026-04-16 16:32:56.872 INFO File: /sast-js/case/accuracy/object_field_sensitive/field_sensitive_interface_class/constructor_field_001_T.js
2026-04-16 16:32:56.872 INFO Line 20: __taint_sink(obj1.data)
2026-04-16 16:32:56.872 INFO SINK RULE: __taint_sink
2026-04-16 16:32:56.872 INFO entrypoint: 
2026-04-16 16:32:56.872 INFO {
  filePath: '/sast-js/case/accuracy/object_field_sensitive/field_sensitive_interface_class/constructor_field_001_T.js',
  functionName: 'constructor_field_001_T',
  attribute: 'fullCallGraphMade',
  type: 'functionCall',
  packageName: undefined,
  funcReceiverType: ''
}
2026-04-16 16:32:56.872 INFO Trace: 
2026-04-16 16:32:56.872 INFO  /sast-js/case/accuracy/object_field_sensitive/field_sensitive_interface_class/constructor_field_001_T.js
  AffectedNodeName: __taint_src
  10:  SOURCE:  function constructor_field_001_T(__taint_src) {
 /sast-js/case/accuracy/object_field_sensitive/field_sensitive_interface_class/constructor_field_001_T.js
  AffectedNodeName: this.data
  13:  Var Pass:       this.data = __taint_src;
 /sast-js/case/accuracy/object_field_sensitive/field_sensitive_interface_class/constructor_field_001_T.js
  AffectedNodeName: obj1
  18:  Var Pass:    let obj1 = new A();
 /sast-js/case/accuracy/object_field_sensitive/field_sensitive_interface_class/constructor_field_001_T.js
  AffectedNodeName: __taint_sink
  20:  SINK:    __taint_sink(obj1.data);
2026-04-16 16:32:56.872 INFO 
-------------  22 :  taint_flow_test ------------- 
2026-04-16 16:32:56.872 INFO Description: taint_flow_test，回归测试使用，不推荐外部使用
2026-04-16 16:32:56.872 INFO File: /sast-js/case/accuracy/object_field_sensitive/field_sensitive_interface_class/constructor_field_003_T.js
2026-04-16 16:32:56.872 INFO Line 19: __taint_sink(obj1.data)
2026-04-16 16:32:56.872 INFO SINK RULE: __taint_sink
2026-04-16 16:32:56.872 INFO entrypoint: 
2026-04-16 16:32:56.872 INFO {
  filePath: '/sast-js/case/accuracy/object_field_sensitive/field_sensitive_interface_class/constructor_field_003_T.js',
  functionName: 'constructor_field_003_T',
  attribute: 'fullCallGraphMade',
  type: 'functionCall',
  packageName: undefined,
  funcReceiverType: ''
}
2026-04-16 16:32:56.872 INFO Trace: 
2026-04-16 16:32:56.872 INFO  /sast-js/case/accuracy/object_field_sensitive/field_sensitive_interface_class/constructor_field_003_T.js
  AffectedNodeName: __taint_src
  10:  SOURCE:  function constructor_field_003_T(__taint_src) {
 /sast-js/case/accuracy/object_field_sensitive/field_sensitive_interface_class/constructor_field_003_T.js
  AffectedNodeName: constructor
  17:  CALL:    let obj1 = new A(__taint_src);
 /sast-js/case/accuracy/object_field_sensitive/field_sensitive_interface_class/constructor_field_003_T.js
  AffectedNodeName: param
  12:  ARG PASS:      constructor(param) {
 /sast-js/case/accuracy/object_field_sensitive/field_sensitive_interface_class/constructor_field_003_T.js
  AffectedNodeName: this.data
  13:  Var Pass:       this.data = param;
 /sast-js/case/accuracy/object_field_sensitive/field_sensitive_interface_class/constructor_field_003_T.js
  AffectedNodeName: obj1
  17:  Var Pass:    let obj1 = new A(__taint_src);
 /sast-js/case/accuracy/object_field_sensitive/field_sensitive_interface_class/constructor_field_003_T.js
  AffectedNodeName: __taint_sink
  19:  SINK:    __taint_sink(obj1.data);
2026-04-16 16:32:56.872 INFO 
-------------  23 :  taint_flow_test ------------- 
2026-04-16 16:32:56.872 INFO Description: taint_flow_test，回归测试使用，不推荐外部使用
2026-04-16 16:32:56.872 INFO File: /sast-js/case/accuracy/object_field_sensitive/field_sensitive_interface_class/field_len_001_T.js
2026-04-16 16:32:56.872 INFO Line 32: __taint_sink(a.b.c.data)
2026-04-16 16:32:56.872 INFO SINK RULE: __taint_sink
2026-04-16 16:32:56.872 INFO entrypoint: 
2026-04-16 16:32:56.872 INFO {
  filePath: '/sast-js/case/accuracy/object_field_sensitive/field_sensitive_interface_class/field_len_001_T.js',
  functionName: 'field_len_001_T',
  attribute: 'fullCallGraphMade',
  type: 'functionCall',
  packageName: undefined,
  funcReceiverType: ''
}
2026-04-16 16:32:56.872 INFO Trace: 
2026-04-16 16:32:56.872 INFO  /sast-js/case/accuracy/object_field_sensitive/field_sensitive_interface_class/field_len_001_T.js
  AffectedNodeName: __taint_src
  11:  SOURCE:  function field_len_001_T(__taint_src) {
 /sast-js/case/accuracy/object_field_sensitive/field_sensitive_interface_class/field_len_001_T.js
  AffectedNodeName: this.data
  26:  Var Pass:       this.data = __taint_src;
 /sast-js/case/accuracy/object_field_sensitive/field_sensitive_interface_class/field_len_001_T.js
  AffectedNodeName: this.c
  20:  Var Pass:       this.c = new C();
 /sast-js/case/accuracy/object_field_sensitive/field_sensitive_interface_class/field_len_001_T.js
  AffectedNodeName: this.b
  14:  Var Pass:       this.b = new B();
 /sast-js/case/accuracy/object_field_sensitive/field_sensitive_interface_class/field_len_001_T.js
  AffectedNodeName: a
  31:  Var Pass:    const a = new A();
 /sast-js/case/accuracy/object_field_sensitive/field_sensitive_interface_class/field_len_001_T.js
  AffectedNodeName: __taint_sink
  32:  SINK:    __taint_sink(a.b.c.data);
2026-04-16 16:32:56.873 INFO 
-------------  24 :  taint_flow_test ------------- 
2026-04-16 16:32:56.873 INFO Description: taint_flow_test，回归测试使用，不推荐外部使用
2026-04-16 16:32:56.873 INFO File: /sast-js/case/accuracy/object_field_sensitive/field_sensitive_interface_class/field_len_003_T.js
2026-04-16 16:32:56.873 INFO Line 52: __taint_sink(s1)
2026-04-16 16:32:56.873 INFO SINK RULE: __taint_sink
2026-04-16 16:32:56.873 INFO entrypoint: 
2026-04-16 16:32:56.873 INFO {
  filePath: '/sast-js/case/accuracy/object_field_sensitive/field_sensitive_interface_class/field_len_003_T.js',
  functionName: 'field_len_003_T',
  attribute: 'fullCallGraphMade',
  type: 'functionCall',
  packageName: undefined,
  funcReceiverType: ''
}
2026-04-16 16:32:56.873 INFO Trace: 
2026-04-16 16:32:56.873 INFO  /sast-js/case/accuracy/object_field_sensitive/field_sensitive_interface_class/field_len_003_T.js
  AffectedNodeName: __taint_src
  11:  SOURCE:  function field_len_003_T(__taint_src) {
 /sast-js/case/accuracy/object_field_sensitive/field_sensitive_interface_class/field_len_003_T.js
  AffectedNodeName: this.data
  44:  Var Pass:       this.data = __taint_src;
 /sast-js/case/accuracy/object_field_sensitive/field_sensitive_interface_class/field_len_003_T.js
  AffectedNodeName: this.f
  38:  Var Pass:       this.f = new F();
 /sast-js/case/accuracy/object_field_sensitive/field_sensitive_interface_class/field_len_003_T.js
  AffectedNodeName: this.e
  32:  Var Pass:       this.e = new E();
 /sast-js/case/accuracy/object_field_sensitive/field_sensitive_interface_class/field_len_003_T.js
  AffectedNodeName: this.d
  26:  Var Pass:       this.d = new D();
 /sast-js/case/accuracy/object_field_sensitive/field_sensitive_interface_class/field_len_003_T.js
  AffectedNodeName: this.c
  20:  Var Pass:       this.c = new C();
 /sast-js/case/accuracy/object_field_sensitive/field_sensitive_interface_class/field_len_003_T.js
  AffectedNodeName: this.b
  14:  Var Pass:       this.b = new B();
 /sast-js/case/accuracy/object_field_sensitive/field_sensitive_interface_class/field_len_003_T.js
  AffectedNodeName: a
  49:  Var Pass:    const a = new A();
 /sast-js/case/accuracy/object_field_sensitive/field_sensitive_interface_class/field_len_003_T.js
  AffectedNodeName: s
  50:  Var Pass:    const s = a.b.c;
 /sast-js/case/accuracy/object_field_sensitive/field_sensitive_interface_class/field_len_003_T.js
  AffectedNodeName: s1
  51:  Var Pass:    const s1 = s.d.e.f.data;
 /sast-js/case/accuracy/object_field_sensitive/field_sensitive_interface_class/field_len_003_T.js
  AffectedNodeName: __taint_sink
  52:  SINK:    __taint_sink(s1);
2026-04-16 16:32:56.873 INFO 
-------------  25 :  taint_flow_test ------------- 
2026-04-16 16:32:56.873 INFO Description: taint_flow_test，回归测试使用，不推荐外部使用
2026-04-16 16:32:56.873 INFO File: /sast-js/case/accuracy/object_field_sensitive/field_sensitive_interface_class/field_len_005_T.js
2026-04-16 16:32:56.873 INFO Line 86: __taint_sink(a.b.c.d.e.f.g.h.i.j.k.l.data)
2026-04-16 16:32:56.873 INFO SINK RULE: __taint_sink
2026-04-16 16:32:56.873 INFO entrypoint: 
2026-04-16 16:32:56.873 INFO {
  filePath: '/sast-js/case/accuracy/object_field_sensitive/field_sensitive_interface_class/field_len_005_T.js',
  functionName: 'field_len_005_T',
  attribute: 'fullCallGraphMade',
  type: 'functionCall',
  packageName: undefined,
  funcReceiverType: ''
}
2026-04-16 16:32:56.873 INFO Trace: 
2026-04-16 16:32:56.873 INFO  /sast-js/case/accuracy/object_field_sensitive/field_sensitive_interface_class/field_len_005_T.js
  AffectedNodeName: __taint_src
  11:  SOURCE:  function field_len_005_T(__taint_src) {
 /sast-js/case/accuracy/object_field_sensitive/field_sensitive_interface_class/field_len_005_T.js
  AffectedNodeName: this.data
  80:  Var Pass:       this.data = __taint_src;
 /sast-js/case/accuracy/object_field_sensitive/field_sensitive_interface_class/field_len_005_T.js
  AffectedNodeName: this.l
  74:  Var Pass:       this.l = new L();
 /sast-js/case/accuracy/object_field_sensitive/field_sensitive_interface_class/field_len_005_T.js
  AffectedNodeName: this.k
  68:  Var Pass:       this.k = new K();
 /sast-js/case/accuracy/object_field_sensitive/field_sensitive_interface_class/field_len_005_T.js
  AffectedNodeName: this.j
  62:  Var Pass:       this.j = new J();
 /sast-js/case/accuracy/object_field_sensitive/field_sensitive_interface_class/field_len_005_T.js
  AffectedNodeName: this.i
  56:  Var Pass:       this.i = new I();
 /sast-js/case/accuracy/object_field_sensitive/field_sensitive_interface_class/field_len_005_T.js
  AffectedNodeName: this.h
  50:  Var Pass:       this.h = new H();
 /sast-js/case/accuracy/object_field_sensitive/field_sensitive_interface_class/field_len_005_T.js
  AffectedNodeName: this.g
  44:  Var Pass:       this.g = new G();
 /sast-js/case/accuracy/object_field_sensitive/field_sensitive_interface_class/field_len_005_T.js
  AffectedNodeName: this.f
  38:  Var Pass:       this.f = new F();
 /sast-js/case/accuracy/object_field_sensitive/field_sensitive_interface_class/field_len_005_T.js
  AffectedNodeName: this.e
  32:  Var Pass:       this.e = new E();
 /sast-js/case/accuracy/object_field_sensitive/field_sensitive_interface_class/field_len_005_T.js
  AffectedNodeName: this.d
  26:  Var Pass:       this.d = new D();
 /sast-js/case/accuracy/object_field_sensitive/field_sensitive_interface_class/field_len_005_T.js
  AffectedNodeName: this.c
  20:  Var Pass:       this.c = new C();
 /sast-js/case/accuracy/object_field_sensitive/field_sensitive_interface_class/field_len_005_T.js
  AffectedNodeName: this.b
  14:  Var Pass:       this.b = new B();
 /sast-js/case/accuracy/object_field_sensitive/field_sensitive_interface_class/field_len_005_T.js
  AffectedNodeName: a
  85:  Var Pass:    const a = new A();
 /sast-js/case/accuracy/object_field_sensitive/field_sensitive_interface_class/field_len_005_T.js
  AffectedNodeName: __taint_sink
  86:  SINK:    __taint_sink(a.b.c.d.e.f.g.h.i.j.k.l.data);
2026-04-16 16:32:56.873 INFO 
-------------  26 :  taint_flow_test ------------- 
2026-04-16 16:32:56.873 INFO Description: taint_flow_test，回归测试使用，不推荐外部使用
2026-04-16 16:32:56.873 INFO File: /sast-js/case/accuracy/object_field_sensitive/field_sensitive_mult_collection/array_multidimensional_collection_001_T.js
2026-04-16 16:32:56.873 INFO Line 13: __taint_sink(s.0.0)
2026-04-16 16:32:56.873 INFO SINK RULE: __taint_sink
2026-04-16 16:32:56.873 INFO entrypoint: 
2026-04-16 16:32:56.873 INFO {
  filePath: '/sast-js/case/accuracy/object_field_sensitive/field_sensitive_mult_collection/array_multidimensional_collection_001_T.js',
  functionName: 'array_multidimensional_collection_001_T',
  attribute: 'fullCallGraphMade',
  type: 'functionCall',
  packageName: undefined,
  funcReceiverType: ''
}
2026-04-16 16:32:56.873 INFO Trace: 
2026-04-16 16:32:56.873 INFO  /sast-js/case/accuracy/object_field_sensitive/field_sensitive_mult_collection/array_multidimensional_collection_001_T.js
  AffectedNodeName: __taint_src
  11:  SOURCE:  function array_multidimensional_collection_001_T(__taint_src) {
 /sast-js/case/accuracy/object_field_sensitive/field_sensitive_mult_collection/array_multidimensional_collection_001_T.js
  AffectedNodeName: s
  12:  Var Pass:    let s = [[__taint_src], ["b"], "c"];
 /sast-js/case/accuracy/object_field_sensitive/field_sensitive_mult_collection/array_multidimensional_collection_001_T.js
  AffectedNodeName: __taint_sink
  13:  SINK:    __taint_sink(s[0][0]);
2026-04-16 16:32:56.874 INFO 
-------------  27 :  taint_flow_test ------------- 
2026-04-16 16:32:56.874 INFO Description: taint_flow_test，回归测试使用，不推荐外部使用
2026-04-16 16:32:56.874 INFO File: /sast-js/case/accuracy/object_field_sensitive/object_sensitive/array_object_sensitive_001_T.js
2026-04-16 16:32:56.874 INFO Line 14: __taint_sink(s)
2026-04-16 16:32:56.874 INFO SINK RULE: __taint_sink
2026-04-16 16:32:56.874 INFO entrypoint: 
2026-04-16 16:32:56.874 INFO {
  filePath: '/sast-js/case/accuracy/object_field_sensitive/object_sensitive/array_object_sensitive_001_T.js',
  functionName: 'array_object_sensitive_001_T',
  attribute: 'fullCallGraphMade',
  type: 'functionCall',
  packageName: undefined,
  funcReceiverType: ''
}
2026-04-16 16:32:56.874 INFO Trace: 
2026-04-16 16:32:56.874 INFO  /sast-js/case/accuracy/object_field_sensitive/object_sensitive/array_object_sensitive_001_T.js
  AffectedNodeName: __taint_src
  11:  SOURCE:  function array_object_sensitive_001_T(__taint_src) {
 /sast-js/case/accuracy/object_field_sensitive/object_sensitive/array_object_sensitive_001_T.js
  AffectedNodeName: s
  12:  Var Pass:    let s = [__taint_src, "b", "c"];
 /sast-js/case/accuracy/object_field_sensitive/object_sensitive/array_object_sensitive_001_T.js
  AffectedNodeName: __taint_sink
  14:  SINK:    __taint_sink(s);
2026-04-16 16:32:56.874 INFO 
-------------  28 :  taint_flow_test ------------- 
2026-04-16 16:32:56.874 INFO Description: taint_flow_test，回归测试使用，不推荐外部使用
2026-04-16 16:32:56.874 INFO File: /sast-js/case/accuracy/object_field_sensitive/object_sensitive/array_object_sensitive_003_T.js
2026-04-16 16:32:56.874 INFO Line 14: __taint_sink(s)
2026-04-16 16:32:56.874 INFO SINK RULE: __taint_sink
2026-04-16 16:32:56.874 INFO entrypoint: 
2026-04-16 16:32:56.874 INFO {
  filePath: '/sast-js/case/accuracy/object_field_sensitive/object_sensitive/array_object_sensitive_003_T.js',
  functionName: 'array_object_sensitive_003_T',
  attribute: 'fullCallGraphMade',
  type: 'functionCall',
  packageName: undefined,
  funcReceiverType: ''
}
2026-04-16 16:32:56.874 INFO Trace: 
2026-04-16 16:32:56.874 INFO  /sast-js/case/accuracy/object_field_sensitive/object_sensitive/array_object_sensitive_003_T.js
  AffectedNodeName: __taint_src
  11:  SOURCE:  function array_object_sensitive_003_T(__taint_src) {
 /sast-js/case/accuracy/object_field_sensitive/object_sensitive/array_object_sensitive_003_T.js
  AffectedNodeName: s
  12:  Var Pass:    let s = [[__taint_src], ["b"], "c"];
 /sast-js/case/accuracy/object_field_sensitive/object_sensitive/array_object_sensitive_003_T.js
  AffectedNodeName: __taint_sink
  14:  SINK:    __taint_sink(s);
2026-04-16 16:32:56.874 INFO 
-------------  29 :  taint_flow_test ------------- 
2026-04-16 16:32:56.874 INFO Description: taint_flow_test，回归测试使用，不推荐外部使用
2026-04-16 16:32:56.874 INFO File: /sast-js/case/accuracy/object_field_sensitive/object_sensitive/array_object_sensitive_005_T.js
2026-04-16 16:32:56.874 INFO Line 16: __taint_sink(s)
2026-04-16 16:32:56.874 INFO SINK RULE: __taint_sink
2026-04-16 16:32:56.874 INFO entrypoint: 
2026-04-16 16:32:56.874 INFO {
  filePath: '/sast-js/case/accuracy/object_field_sensitive/object_sensitive/array_object_sensitive_005_T.js',
  functionName: 'array_object_sensitive_005_T',
  attribute: 'fullCallGraphMade',
  type: 'functionCall',
  packageName: undefined,
  funcReceiverType: ''
}
2026-04-16 16:32:56.874 INFO Trace: 
2026-04-16 16:32:56.874 INFO  /sast-js/case/accuracy/object_field_sensitive/object_sensitive/array_object_sensitive_005_T.js
  AffectedNodeName: __taint_src
  11:  SOURCE:  function array_object_sensitive_005_T(__taint_src) {
 /sast-js/case/accuracy/object_field_sensitive/object_sensitive/array_object_sensitive_005_T.js
  AffectedNodeName: push
  13:  CALL:      s.push(__taint_src);
 /sast-js/case/accuracy/object_field_sensitive/object_sensitive/array_object_sensitive_005_T.js
  AffectedNodeName: __taint_sink
  16:  SINK:      __taint_sink(s);
2026-04-16 16:32:56.874 INFO 
-------------  30 :  taint_flow_test ------------- 
2026-04-16 16:32:56.874 INFO Description: taint_flow_test，回归测试使用，不推荐外部使用
2026-04-16 16:32:56.874 INFO File: /sast-js/case/accuracy/object_field_sensitive/object_sensitive/constructor_obj_001_T.js
2026-04-16 16:32:56.874 INFO Line 20: __taint_sink(obj)
2026-04-16 16:32:56.874 INFO SINK RULE: __taint_sink
2026-04-16 16:32:56.875 INFO entrypoint: 
2026-04-16 16:32:56.875 INFO {
  filePath: '/sast-js/case/accuracy/object_field_sensitive/object_sensitive/constructor_obj_001_T.js',
  functionName: 'constructor_obj_001_T',
  attribute: 'fullCallGraphMade',
  type: 'functionCall',
  packageName: undefined,
  funcReceiverType: ''
}
2026-04-16 16:32:56.875 INFO Trace: 
2026-04-16 16:32:56.875 INFO  /sast-js/case/accuracy/object_field_sensitive/object_sensitive/constructor_obj_001_T.js
  AffectedNodeName: __taint_src
  11:  SOURCE:  function constructor_obj_001_T(__taint_src) {
 /sast-js/case/accuracy/object_field_sensitive/object_sensitive/constructor_obj_001_T.js
  AffectedNodeName: constructor
  18:  CALL:    let obj = new A(__taint_src);
 /sast-js/case/accuracy/object_field_sensitive/object_sensitive/constructor_obj_001_T.js
  AffectedNodeName: data
  13:  ARG PASS:      constructor(data) {
 /sast-js/case/accuracy/object_field_sensitive/object_sensitive/constructor_obj_001_T.js
  AffectedNodeName: this.data
  14:  Var Pass:       this.data = data;
 /sast-js/case/accuracy/object_field_sensitive/object_sensitive/constructor_obj_001_T.js
  AffectedNodeName: obj
  18:  Var Pass:    let obj = new A(__taint_src);
 /sast-js/case/accuracy/object_field_sensitive/object_sensitive/constructor_obj_001_T.js
  AffectedNodeName: __taint_sink
  20:  SINK:    __taint_sink(obj);
2026-04-16 16:32:56.875 INFO 
-------------  31 :  taint_flow_test ------------- 
2026-04-16 16:32:56.875 INFO Description: taint_flow_test，回归测试使用，不推荐外部使用
2026-04-16 16:32:56.875 INFO File: /sast-js/case/accuracy/object_field_sensitive/object_sensitive/map_object_sensitive_001_T.js
2026-04-16 16:32:56.875 INFO Line 16: __taint_sink(map)
2026-04-16 16:32:56.875 INFO SINK RULE: __taint_sink
2026-04-16 16:32:56.875 INFO entrypoint: 
2026-04-16 16:32:56.875 INFO {
  filePath: '/sast-js/case/accuracy/object_field_sensitive/object_sensitive/map_object_sensitive_001_T.js',
  functionName: 'map_object_sensitive_001_T',
  attribute: 'fullCallGraphMade',
  type: 'functionCall',
  packageName: undefined,
  funcReceiverType: ''
}
2026-04-16 16:32:56.875 INFO Trace: 
2026-04-16 16:32:56.875 INFO  /sast-js/case/accuracy/object_field_sensitive/object_sensitive/map_object_sensitive_001_T.js
  AffectedNodeName: __taint_src
  11:  SOURCE:  function map_object_sensitive_001_T(__taint_src) {
 /sast-js/case/accuracy/object_field_sensitive/object_sensitive/map_object_sensitive_001_T.js
  AffectedNodeName: set
  13:  CALL:    map.set("key1", __taint_src);
 /sast-js/case/accuracy/object_field_sensitive/object_sensitive/map_object_sensitive_001_T.js
  AffectedNodeName: __taint_sink
  16:  SINK:    __taint_sink(map);
2026-04-16 16:32:56.875 INFO 
-------------  32 :  taint_flow_test ------------- 
2026-04-16 16:32:56.875 INFO Description: taint_flow_test，回归测试使用，不推荐外部使用
2026-04-16 16:32:56.875 INFO File: /sast-js/case/accuracy/object_field_sensitive/object_sensitive/map_object_sensitive_003_T.js
2026-04-16 16:32:56.875 INFO Line 16: __taint_sink(map)
2026-04-16 16:32:56.875 INFO SINK RULE: __taint_sink
2026-04-16 16:32:56.875 INFO entrypoint: 
2026-04-16 16:32:56.875 INFO {
  filePath: '/sast-js/case/accuracy/object_field_sensitive/object_sensitive/map_object_sensitive_003_T.js',
  functionName: 'map_object_sensitive_003_T',
  attribute: 'fullCallGraphMade',
  type: 'functionCall',
  packageName: undefined,
  funcReceiverType: ''
}
2026-04-16 16:32:56.875 INFO Trace: 
2026-04-16 16:32:56.875 INFO  /sast-js/case/accuracy/object_field_sensitive/object_sensitive/map_object_sensitive_003_T.js
  AffectedNodeName: __taint_src
  11:  SOURCE:  function map_object_sensitive_003_T(__taint_src) {
 /sast-js/case/accuracy/object_field_sensitive/object_sensitive/map_object_sensitive_003_T.js
  AffectedNodeName: set
  13:  CALL:    map.set(__taint_src, "value");
 /sast-js/case/accuracy/object_field_sensitive/object_sensitive/map_object_sensitive_003_T.js
  AffectedNodeName: __taint_sink
  16:  SINK:    __taint_sink(map);
2026-04-16 16:32:56.875 INFO 
-------------  33 :  taint_flow_test ------------- 
2026-04-16 16:32:56.875 INFO Description: taint_flow_test，回归测试使用，不推荐外部使用
2026-04-16 16:32:56.875 INFO File: /sast-js/case/accuracy/object_field_sensitive/object_sensitive/map_object_sensitive_005_T.js
2026-04-16 16:32:56.875 INFO Line 16: __taint_sink(map)
2026-04-16 16:32:56.875 INFO SINK RULE: __taint_sink
2026-04-16 16:32:56.875 INFO entrypoint: 
2026-04-16 16:32:56.875 INFO {
  filePath: '/sast-js/case/accuracy/object_field_sensitive/object_sensitive/map_object_sensitive_005_T.js',
  functionName: 'map_object_sensitive_005_T',
  attribute: 'fullCallGraphMade',
  type: 'functionCall',
  packageName: undefined,
  funcReceiverType: ''
}
2026-04-16 16:32:56.876 INFO Trace: 
2026-04-16 16:32:56.876 INFO  /sast-js/case/accuracy/object_field_sensitive/object_sensitive/map_object_sensitive_005_T.js
  AffectedNodeName: __taint_src
  11:  SOURCE:  function map_object_sensitive_005_T(__taint_src) {
 /sast-js/case/accuracy/object_field_sensitive/object_sensitive/map_object_sensitive_005_T.js
  AffectedNodeName: __taint_sink
  16:  SINK:    __taint_sink(map);
2026-04-16 16:32:56.876 INFO 
-------------  34 :  taint_flow_test ------------- 
2026-04-16 16:32:56.876 INFO Description: taint_flow_test，回归测试使用，不推荐外部使用
2026-04-16 16:32:56.876 INFO File: /sast-js/case/accuracy/object_field_sensitive/object_sensitive/set_object_sensitive_001_T.js
2026-04-16 16:32:56.876 INFO Line 14: __taint_sink(set)
2026-04-16 16:32:56.876 INFO SINK RULE: __taint_sink
2026-04-16 16:32:56.876 INFO entrypoint: 
2026-04-16 16:32:56.876 INFO {
  filePath: '/sast-js/case/accuracy/object_field_sensitive/object_sensitive/set_object_sensitive_001_T.js',
  functionName: 'set_object_sensitive_001_T',
  attribute: 'fullCallGraphMade',
  type: 'functionCall',
  packageName: undefined,
  funcReceiverType: ''
}
2026-04-16 16:32:56.876 INFO Trace: 
2026-04-16 16:32:56.876 INFO  /sast-js/case/accuracy/object_field_sensitive/object_sensitive/set_object_sensitive_001_T.js
  AffectedNodeName: __taint_src
  11:  SOURCE:  function set_object_sensitive_001_T(__taint_src) {
 /sast-js/case/accuracy/object_field_sensitive/object_sensitive/set_object_sensitive_001_T.js
  AffectedNodeName: set
  12:  Var Pass:    let set = new Set(__taint_src);
 /sast-js/case/accuracy/object_field_sensitive/object_sensitive/set_object_sensitive_001_T.js
  AffectedNodeName: __taint_sink
  14:  SINK:    __taint_sink(set);
2026-04-16 16:32:56.876 INFO 
-------------  35 :  taint_flow_test ------------- 
2026-04-16 16:32:56.876 INFO Description: taint_flow_test，回归测试使用，不推荐外部使用
2026-04-16 16:32:56.876 INFO File: /sast-js/case/accuracy/object_field_sensitive/object_sensitive/set_object_sensitive_003_T.js
2026-04-16 16:32:56.876 INFO Line 15: __taint_sink(set)
2026-04-16 16:32:56.876 INFO SINK RULE: __taint_sink
2026-04-16 16:32:56.876 INFO entrypoint: 
2026-04-16 16:32:56.876 INFO {
  filePath: '/sast-js/case/accuracy/object_field_sensitive/object_sensitive/set_object_sensitive_003_T.js',
  functionName: 'set_object_sensitive_003_T',
  attribute: 'fullCallGraphMade',
  type: 'functionCall',
  packageName: undefined,
  funcReceiverType: ''
}
2026-04-16 16:32:56.876 INFO Trace: 
2026-04-16 16:32:56.876 INFO  /sast-js/case/accuracy/object_field_sensitive/object_sensitive/set_object_sensitive_003_T.js
  AffectedNodeName: __taint_src
  11:  SOURCE:  function set_object_sensitive_003_T(__taint_src) {
 /sast-js/case/accuracy/object_field_sensitive/object_sensitive/set_object_sensitive_003_T.js
  AffectedNodeName: add
  13:  CALL:    set.add(__taint_src);
 /sast-js/case/accuracy/object_field_sensitive/object_sensitive/set_object_sensitive_003_T.js
  AffectedNodeName: __taint_sink
  15:  SINK:    __taint_sink(set);
2026-04-16 16:32:56.876 INFO 
-------------  36 :  taint_flow_test ------------- 
2026-04-16 16:32:56.876 INFO Description: taint_flow_test，回归测试使用，不推荐外部使用
2026-04-16 16:32:56.876 INFO File: /sast-js/case/accuracy/path_sensitive/exception_throw/exception_throw_001_T.js
2026-04-16 16:32:56.876 INFO Line 13: __taint_sink(__taint_src)
2026-04-16 16:32:56.876 INFO SINK RULE: __taint_sink
2026-04-16 16:32:56.876 INFO entrypoint: 
2026-04-16 16:32:56.876 INFO {
  filePath: '/sast-js/case/accuracy/path_sensitive/exception_throw/exception_throw_001_T.js',
  functionName: 'exception_throw_001_T',
  attribute: 'fullCallGraphMade',
  type: 'functionCall',
  packageName: undefined,
  funcReceiverType: ''
}
2026-04-16 16:32:56.876 INFO Trace: 
2026-04-16 16:32:56.876 INFO  /sast-js/case/accuracy/path_sensitive/exception_throw/exception_throw_001_T.js
  AffectedNodeName: __taint_src
  11:  SOURCE:  function exception_throw_001_T(__taint_src) {
 /sast-js/case/accuracy/path_sensitive/exception_throw/exception_throw_001_T.js
  AffectedNodeName: __taint_sink
  13:  SINK:      __taint_sink(__taint_src);
2026-04-16 16:32:56.876 INFO 
-------------  37 :  taint_flow_test ------------- 
2026-04-16 16:32:56.876 INFO Description: taint_flow_test，回归测试使用，不推荐外部使用
2026-04-16 16:32:56.876 INFO File: /sast-js/case/accuracy/path_sensitive/exception_throw/exception_throw_002_F.js
2026-04-16 16:32:56.876 INFO Line 14: __taint_sink(__taint_src)
2026-04-16 16:32:56.876 INFO SINK RULE: __taint_sink
2026-04-16 16:32:56.876 INFO entrypoint: 
2026-04-16 16:32:56.877 INFO {
  filePath: '/sast-js/case/accuracy/path_sensitive/exception_throw/exception_throw_002_F.js',
  functionName: 'exception_throw_002_F',
  attribute: 'fullCallGraphMade',
  type: 'functionCall',
  packageName: undefined,
  funcReceiverType: ''
}
2026-04-16 16:32:56.877 INFO Trace: 
2026-04-16 16:32:56.877 INFO  /sast-js/case/accuracy/path_sensitive/exception_throw/exception_throw_002_F.js
  AffectedNodeName: __taint_src
  11:  SOURCE:  function exception_throw_002_F(__taint_src) {
 /sast-js/case/accuracy/path_sensitive/exception_throw/exception_throw_002_F.js
  AffectedNodeName: __taint_sink
  14:  SINK:      __taint_sink(__taint_src);
2026-04-16 16:32:56.877 INFO 
-------------  38 :  taint_flow_test ------------- 
2026-04-16 16:32:56.877 INFO Description: taint_flow_test，回归测试使用，不推荐外部使用
2026-04-16 16:32:56.877 INFO File: /sast-js/case/accuracy/path_sensitive/exception_throw/exception_throw_003_T.js
2026-04-16 16:32:56.877 INFO Line 15: __taint_sink(e)
2026-04-16 16:32:56.877 INFO SINK RULE: __taint_sink
2026-04-16 16:32:56.877 INFO entrypoint: 
2026-04-16 16:32:56.877 INFO {
  filePath: '/sast-js/case/accuracy/path_sensitive/exception_throw/exception_throw_003_T.js',
  functionName: 'exception_throw_003_T',
  attribute: 'fullCallGraphMade',
  type: 'functionCall',
  packageName: undefined,
  funcReceiverType: ''
}
2026-04-16 16:32:56.877 INFO Trace: 
2026-04-16 16:32:56.877 INFO  /sast-js/case/accuracy/path_sensitive/exception_throw/exception_throw_003_T.js
  AffectedNodeName: __taint_src
  11:  SOURCE:  function exception_throw_003_T(__taint_src) {
 /sast-js/case/accuracy/path_sensitive/exception_throw/exception_throw_003_T.js
  AffectedNodeName: __taint_src
  13:  Throw Pass:      throw __taint_src;
 /sast-js/case/accuracy/path_sensitive/exception_throw/exception_throw_003_T.js
  AffectedNodeName: e
  14:  Var Pass:    } catch (e) {
 /sast-js/case/accuracy/path_sensitive/exception_throw/exception_throw_003_T.js
  AffectedNodeName: __taint_sink
  15:  SINK:      __taint_sink(e);
2026-04-16 16:32:56.877 INFO 
-------------  39 :  taint_flow_test ------------- 
2026-04-16 16:32:56.877 INFO Description: taint_flow_test，回归测试使用，不推荐外部使用
2026-04-16 16:32:56.877 INFO File: /sast-js/case/accuracy/path_sensitive/explicit_jump_control/break_001_F.js
2026-04-16 16:32:56.877 INFO Line 18: __taint_sink(res)
2026-04-16 16:32:56.877 INFO SINK RULE: __taint_sink
2026-04-16 16:32:56.877 INFO entrypoint: 
2026-04-16 16:32:56.877 INFO {
  filePath: '/sast-js/case/accuracy/path_sensitive/explicit_jump_control/break_001_F.js',
  functionName: 'break_001_F',
  attribute: 'fullCallGraphMade',
  type: 'functionCall',
  packageName: undefined,
  funcReceiverType: ''
}
2026-04-16 16:32:56.877 INFO Trace: 
2026-04-16 16:32:56.877 INFO  /sast-js/case/accuracy/path_sensitive/explicit_jump_control/break_001_F.js
  AffectedNodeName: __taint_src
  11:  SOURCE:  function break_001_F(__taint_src) {
 /sast-js/case/accuracy/path_sensitive/explicit_jump_control/break_001_F.js
  AffectedNodeName: res
  15:  Var Pass:       res = __taint_src;
 /sast-js/case/accuracy/path_sensitive/explicit_jump_control/break_001_F.js
  AffectedNodeName: __taint_sink
  18:  SINK:      __taint_sink(res);
2026-04-16 16:32:56.877 INFO 
-------------  40 :  taint_flow_test ------------- 
2026-04-16 16:32:56.877 INFO Description: taint_flow_test，回归测试使用，不推荐外部使用
2026-04-16 16:32:56.877 INFO File: /sast-js/case/accuracy/path_sensitive/explicit_jump_control/break_001_F.js
2026-04-16 16:32:56.877 INFO Line 18: __taint_sink(res)
2026-04-16 16:32:56.877 INFO SINK RULE: __taint_sink
2026-04-16 16:32:56.877 INFO entrypoint: 
2026-04-16 16:32:56.877 INFO {
  filePath: '/sast-js/case/accuracy/path_sensitive/explicit_jump_control/break_001_F.js',
  functionName: 'break_001_F',
  attribute: 'fullCallGraphMade',
  type: 'functionCall',
  packageName: undefined,
  funcReceiverType: ''
}
2026-04-16 16:32:56.877 INFO Trace: 
2026-04-16 16:32:56.877 INFO  /sast-js/case/accuracy/path_sensitive/explicit_jump_control/break_001_F.js
  AffectedNodeName: __taint_src
  11:  SOURCE:  function break_001_F(__taint_src) {
 /sast-js/case/accuracy/path_sensitive/explicit_jump_control/break_001_F.js
  AffectedNodeName: res
  15:  Var Pass:       res = __taint_src;
 /sast-js/case/accuracy/path_sensitive/explicit_jump_control/break_001_F.js
  AffectedNodeName: __taint_sink
  18:  CALL:      __taint_sink(res);
 /sast-js/case/accuracy/path_sensitive/explicit_jump_control/break_001_F.js
  AffectedNodeName: __taint_sink
  18:  SINK:      __taint_sink(res);
2026-04-16 16:32:56.878 INFO 
-------------  41 :  taint_flow_test ------------- 
2026-04-16 16:32:56.878 INFO Description: taint_flow_test，回归测试使用，不推荐外部使用
2026-04-16 16:32:56.878 INFO File: /sast-js/case/accuracy/path_sensitive/explicit_jump_control/break_002_T.js
2026-04-16 16:32:56.878 INFO Line 17: __taint_sink(res)
2026-04-16 16:32:56.878 INFO SINK RULE: __taint_sink
2026-04-16 16:32:56.878 INFO entrypoint: 
2026-04-16 16:32:56.878 INFO {
  filePath: '/sast-js/case/accuracy/path_sensitive/explicit_jump_control/break_002_T.js',
  functionName: 'break_002_T',
  attribute: 'fullCallGraphMade',
  type: 'functionCall',
  packageName: undefined,
  funcReceiverType: ''
}
2026-04-16 16:32:56.878 INFO Trace: 
2026-04-16 16:32:56.878 INFO  /sast-js/case/accuracy/path_sensitive/explicit_jump_control/break_002_T.js
  AffectedNodeName: __taint_src
  11:  SOURCE:  function break_002_T(__taint_src) {
 /sast-js/case/accuracy/path_sensitive/explicit_jump_control/break_002_T.js
  AffectedNodeName: res
  15:  Var Pass:       res = __taint_src;
 /sast-js/case/accuracy/path_sensitive/explicit_jump_control/break_002_T.js
  AffectedNodeName: __taint_sink
  17:  SINK:      __taint_sink(res);
2026-04-16 16:32:56.878 INFO 
-------------  42 :  taint_flow_test ------------- 
2026-04-16 16:32:56.878 INFO Description: taint_flow_test，回归测试使用，不推荐外部使用
2026-04-16 16:32:56.878 INFO File: /sast-js/case/accuracy/path_sensitive/explicit_jump_control/break_002_T.js
2026-04-16 16:32:56.878 INFO Line 17: __taint_sink(res)
2026-04-16 16:32:56.878 INFO SINK RULE: __taint_sink
2026-04-16 16:32:56.878 INFO entrypoint: 
2026-04-16 16:32:56.878 INFO {
  filePath: '/sast-js/case/accuracy/path_sensitive/explicit_jump_control/break_002_T.js',
  functionName: 'break_002_T',
  attribute: 'fullCallGraphMade',
  type: 'functionCall',
  packageName: undefined,
  funcReceiverType: ''
}
2026-04-16 16:32:56.878 INFO Trace: 
2026-04-16 16:32:56.878 INFO  /sast-js/case/accuracy/path_sensitive/explicit_jump_control/break_002_T.js
  AffectedNodeName: __taint_src
  11:  SOURCE:  function break_002_T(__taint_src) {
 /sast-js/case/accuracy/path_sensitive/explicit_jump_control/break_002_T.js
  AffectedNodeName: res
  15:  Var Pass:       res = __taint_src;
 /sast-js/case/accuracy/path_sensitive/explicit_jump_control/break_002_T.js
  AffectedNodeName: __taint_sink
  17:  CALL:      __taint_sink(res);
 /sast-js/case/accuracy/path_sensitive/explicit_jump_control/break_002_T.js
  AffectedNodeName: __taint_sink
  17:  SINK:      __taint_sink(res);
2026-04-16 16:32:56.879 INFO 
-------------  43 :  taint_flow_test ------------- 
2026-04-16 16:32:56.879 INFO Description: taint_flow_test，回归测试使用，不推荐外部使用
2026-04-16 16:32:56.879 INFO File: /sast-js/case/accuracy/path_sensitive/explicit_jump_control/continue_001_T.js
2026-04-16 16:32:56.879 INFO Line 18: __taint_sink(res)
2026-04-16 16:32:56.879 INFO SINK RULE: __taint_sink
2026-04-16 16:32:56.879 INFO entrypoint: 
2026-04-16 16:32:56.879 INFO {
  filePath: '/sast-js/case/accuracy/path_sensitive/explicit_jump_control/continue_001_T.js',
  functionName: 'continue_001_T',
  attribute: 'fullCallGraphMade',
  type: 'functionCall',
  packageName: undefined,
  funcReceiverType: ''
}
2026-04-16 16:32:56.879 INFO Trace: 
2026-04-16 16:32:56.879 INFO  /sast-js/case/accuracy/path_sensitive/explicit_jump_control/continue_001_T.js
  AffectedNodeName: __taint_src
  11:  SOURCE:  function continue_001_T(__taint_src) {
 /sast-js/case/accuracy/path_sensitive/explicit_jump_control/continue_001_T.js
  AffectedNodeName: res
  15:  Var Pass:       res = __taint_src;
 /sast-js/case/accuracy/path_sensitive/explicit_jump_control/continue_001_T.js
  AffectedNodeName: __taint_sink
  18:  SINK:      __taint_sink(res);
2026-04-16 16:32:56.879 INFO 
-------------  44 :  taint_flow_test ------------- 
2026-04-16 16:32:56.879 INFO Description: taint_flow_test，回归测试使用，不推荐外部使用
2026-04-16 16:32:56.879 INFO File: /sast-js/case/accuracy/path_sensitive/explicit_jump_control/continue_001_T.js
2026-04-16 16:32:56.879 INFO Line 18: __taint_sink(res)
2026-04-16 16:32:56.879 INFO SINK RULE: __taint_sink
2026-04-16 16:32:56.879 INFO entrypoint: 
2026-04-16 16:32:56.879 INFO {
  filePath: '/sast-js/case/accuracy/path_sensitive/explicit_jump_control/continue_001_T.js',
  functionName: 'continue_001_T',
  attribute: 'fullCallGraphMade',
  type: 'functionCall',
  packageName: undefined,
  funcReceiverType: ''
}
2026-04-16 16:32:56.879 INFO Trace: 
2026-04-16 16:32:56.879 INFO  /sast-js/case/accuracy/path_sensitive/explicit_jump_control/continue_001_T.js
  AffectedNodeName: __taint_src
  11:  SOURCE:  function continue_001_T(__taint_src) {
 /sast-js/case/accuracy/path_sensitive/explicit_jump_control/continue_001_T.js
  AffectedNodeName: res
  15:  Var Pass:       res = __taint_src;
 /sast-js/case/accuracy/path_sensitive/explicit_jump_control/continue_001_T.js
  AffectedNodeName: __taint_sink
  18:  CALL:      __taint_sink(res);
 /sast-js/case/accuracy/path_sensitive/explicit_jump_control/continue_001_T.js
  AffectedNodeName: __taint_sink
  18:  SINK:      __taint_sink(res);
2026-04-16 16:32:56.879 INFO 
-------------  45 :  taint_flow_test ------------- 
2026-04-16 16:32:56.879 INFO Description: taint_flow_test，回归测试使用，不推荐外部使用
2026-04-16 16:32:56.879 INFO File: /sast-js/case/accuracy/path_sensitive/explicit_jump_control/continue_002_F.js
2026-04-16 16:32:56.880 INFO Line 15: __taint_sink(res)
2026-04-16 16:32:56.880 INFO SINK RULE: __taint_sink
2026-04-16 16:32:56.880 INFO entrypoint: 
2026-04-16 16:32:56.880 INFO {
  filePath: '/sast-js/case/accuracy/path_sensitive/explicit_jump_control/continue_002_F.js',
  functionName: 'continue_002_F',
  attribute: 'fullCallGraphMade',
  type: 'functionCall',
  packageName: undefined,
  funcReceiverType: ''
}
2026-04-16 16:32:56.880 INFO Trace: 
2026-04-16 16:32:56.880 INFO  /sast-js/case/accuracy/path_sensitive/explicit_jump_control/continue_002_F.js
  AffectedNodeName: __taint_src
  11:  SOURCE:  function continue_002_F(__taint_src) {
 /sast-js/case/accuracy/path_sensitive/explicit_jump_control/continue_002_F.js
  AffectedNodeName: res
  16:  Var Pass:       res = __taint_src;
 /sast-js/case/accuracy/path_sensitive/explicit_jump_control/continue_002_F.js
  AffectedNodeName: __taint_sink
  15:  SINK:         __taint_sink(res);
2026-04-16 16:32:56.880 INFO 
-------------  46 :  taint_flow_test ------------- 
2026-04-16 16:32:56.880 INFO Description: taint_flow_test，回归测试使用，不推荐外部使用
2026-04-16 16:32:56.880 INFO File: /sast-js/case/accuracy/path_sensitive/explicit_jump_control/return_001_T.js
2026-04-16 16:32:56.880 INFO Line 16: __taint_sink(arg1)
2026-04-16 16:32:56.880 INFO SINK RULE: __taint_sink
2026-04-16 16:32:56.880 INFO entrypoint: 
2026-04-16 16:32:56.880 INFO {
  filePath: '/sast-js/case/accuracy/path_sensitive/explicit_jump_control/return_001_T.js',
  functionName: 'return_001_T',
  attribute: 'fullCallGraphMade',
  type: 'functionCall',
  packageName: undefined,
  funcReceiverType: ''
}
2026-04-16 16:32:56.880 INFO Trace: 
2026-04-16 16:32:56.880 INFO  /sast-js/case/accuracy/path_sensitive/explicit_jump_control/return_001_T.js
  AffectedNodeName: __taint_src
  11:  SOURCE:  function return_001_T(__taint_src) {
 /sast-js/case/accuracy/path_sensitive/explicit_jump_control/return_001_T.js
  AffectedNodeName: process
  12:  CALL:    process(__taint_src, "some_condition");
 /sast-js/case/accuracy/path_sensitive/explicit_jump_control/return_001_T.js
  AffectedNodeName: arg1
  14:  ARG PASS:    function process(arg1, arg2) {
 /sast-js/case/accuracy/path_sensitive/explicit_jump_control/return_001_T.js
  AffectedNodeName: __taint_sink
  16:  SINK:        __taint_sink(arg1);
2026-04-16 16:32:56.880 INFO 
-------------  47 :  taint_flow_test ------------- 
2026-04-16 16:32:56.880 INFO Description: taint_flow_test，回归测试使用，不推荐外部使用
2026-04-16 16:32:56.880 INFO File: /sast-js/case/completeness/dynamic_tracing/dynamic_call/dynamic_call_reflect_002_T.js
2026-04-16 16:32:56.880 INFO Line 16: __taint_sink(Reflect.get(obj, name))
2026-04-16 16:32:56.880 INFO SINK RULE: __taint_sink
2026-04-16 16:32:56.880 INFO entrypoint: 
2026-04-16 16:32:56.880 INFO {
  filePath: '/sast-js/case/completeness/dynamic_tracing/dynamic_call/dynamic_call_reflect_002_T.js',
  functionName: 'dynamic_call_reflect_002_T',
  attribute: 'fullCallGraphMade',
  type: 'functionCall',
  packageName: undefined,
  funcReceiverType: ''
}
2026-04-16 16:32:56.880 INFO Trace: 
2026-04-16 16:32:56.880 INFO  /sast-js/case/completeness/dynamic_tracing/dynamic_call/dynamic_call_reflect_002_T.js
  AffectedNodeName: __taint_src
  11:  SOURCE:  function dynamic_call_reflect_002_T(__taint_src) {
 /sast-js/case/completeness/dynamic_tracing/dynamic_call/dynamic_call_reflect_002_T.js
  AffectedNodeName: obj
  12:  Var Pass:    let obj = {
  13:  Var Pass:      name: __taint_src,
  14:  Var Pass:    };
 /sast-js/case/completeness/dynamic_tracing/dynamic_call/dynamic_call_reflect_002_T.js
  AffectedNodeName: get
  16:  CALL:    __taint_sink(Reflect.get(obj, "name"));
 /sast-js/case/completeness/dynamic_tracing/dynamic_call/dynamic_call_reflect_002_T.js
  AffectedNodeName: __taint_sink
  16:  SINK:    __taint_sink(Reflect.get(obj, "name"));
2026-04-16 16:32:56.880 INFO 
-------------  48 :  taint_flow_test ------------- 
2026-04-16 16:32:56.880 INFO Description: taint_flow_test，回归测试使用，不推荐外部使用
2026-04-16 16:32:56.880 INFO File: /sast-js/case/completeness/dynamic_tracing/dynamic_call/dynamic_call_reflect_003_T.js
2026-04-16 16:32:56.880 INFO Line 17: __taint_sink(obj.foo)
2026-04-16 16:32:56.880 INFO SINK RULE: __taint_sink
2026-04-16 16:32:56.880 INFO entrypoint: 
2026-04-16 16:32:56.880 INFO {
  filePath: '/sast-js/case/completeness/dynamic_tracing/dynamic_call/dynamic_call_reflect_003_T.js',
  functionName: 'dynamic_call_reflect_003_T',
  attribute: 'fullCallGraphMade',
  type: 'functionCall',
  packageName: undefined,
  funcReceiverType: ''
}
2026-04-16 16:32:56.880 INFO Trace: 
2026-04-16 16:32:56.881 INFO  /sast-js/case/completeness/dynamic_tracing/dynamic_call/dynamic_call_reflect_003_T.js
  AffectedNodeName: __taint_src
  11:  SOURCE:  function dynamic_call_reflect_003_T(__taint_src) {
 /sast-js/case/completeness/dynamic_tracing/dynamic_call/dynamic_call_reflect_003_T.js
  AffectedNodeName: set
  16:  CALL:    Reflect.set(obj, "foo", __taint_src);
 /sast-js/case/completeness/dynamic_tracing/dynamic_call/dynamic_call_reflect_003_T.js
  AffectedNodeName: <object_12_14>
  16:  Reflect.set Pass:    Reflect.set(obj, "foo", __taint_src);
 /sast-js/case/completeness/dynamic_tracing/dynamic_call/dynamic_call_reflect_003_T.js
  AffectedNodeName: __taint_sink
  17:  SINK:    __taint_sink(obj.foo);
2026-04-16 16:32:56.881 INFO 
-------------  49 :  taint_flow_test ------------- 
2026-04-16 16:32:56.881 INFO Description: taint_flow_test，回归测试使用，不推荐外部使用
2026-04-16 16:32:56.881 INFO File: /sast-js/case/completeness/dynamic_tracing/dynamic_call/dynamic_call_reflect_005_T.js
2026-04-16 16:32:56.881 INFO Line 18: __taint_sink(obj.data)
2026-04-16 16:32:56.881 INFO SINK RULE: __taint_sink
2026-04-16 16:32:56.881 INFO entrypoint: 
2026-04-16 16:32:56.881 INFO {
  filePath: '/sast-js/case/completeness/dynamic_tracing/dynamic_call/dynamic_call_reflect_005_T.js',
  functionName: 'dynamic_call_reflect_005_T',
  attribute: 'fullCallGraphMade',
  type: 'functionCall',
  packageName: undefined,
  funcReceiverType: ''
}
2026-04-16 16:32:56.881 INFO Trace: 
2026-04-16 16:32:56.881 INFO  /sast-js/case/completeness/dynamic_tracing/dynamic_call/dynamic_call_reflect_005_T.js
  AffectedNodeName: __taint_src
  11:  SOURCE:  function dynamic_call_reflect_005_T(__taint_src) {
 /sast-js/case/completeness/dynamic_tracing/dynamic_call/dynamic_call_reflect_005_T.js
  AffectedNodeName: obj
  12:  Var Pass:    let obj = {
  13:  Var Pass:      data: __taint_src,
  14:  Var Pass:      data1: "aaa",
  15:  Var Pass:    };
 /sast-js/case/completeness/dynamic_tracing/dynamic_call/dynamic_call_reflect_005_T.js
  AffectedNodeName: deleteProperty
  17:  CALL:    Reflect.deleteProperty(obj, "data1");
 /sast-js/case/completeness/dynamic_tracing/dynamic_call/dynamic_call_reflect_005_T.js
  AffectedNodeName: __taint_sink
  18:  SINK:    __taint_sink(obj.data);
2026-04-16 16:32:56.881 INFO 
-------------  50 :  taint_flow_test ------------- 
2026-04-16 16:32:56.881 INFO Description: taint_flow_test，回归测试使用，不推荐外部使用
2026-04-16 16:32:56.881 INFO File: /sast-js/case/completeness/dynamic_tracing/dynamic_call/dynamic_call_reflect_007_T.js
2026-04-16 16:32:56.881 INFO Line 18: __taint_sink(result)
2026-04-16 16:32:56.881 INFO SINK RULE: __taint_sink
2026-04-16 16:32:56.881 INFO entrypoint: 
2026-04-16 16:32:56.881 INFO {
  filePath: '/sast-js/case/completeness/dynamic_tracing/dynamic_call/dynamic_call_reflect_007_T.js',
  functionName: 'dynamic_call_reflect_007_T',
  attribute: 'fullCallGraphMade',
  type: 'functionCall',
  packageName: undefined,
  funcReceiverType: ''
}
2026-04-16 16:32:56.881 INFO Trace: 
2026-04-16 16:32:56.881 INFO  /sast-js/case/completeness/dynamic_tracing/dynamic_call/dynamic_call_reflect_007_T.js
  AffectedNodeName: __taint_src
  11:  SOURCE:  function dynamic_call_reflect_007_T(__taint_src) {
 /sast-js/case/completeness/dynamic_tracing/dynamic_call/dynamic_call_reflect_007_T.js
  AffectedNodeName: result
  17:  Var Pass:    let result = Reflect.apply(targetFunc, null, [__taint_src]);
 /sast-js/case/completeness/dynamic_tracing/dynamic_call/dynamic_call_reflect_007_T.js
  AffectedNodeName: __taint_sink
  18:  SINK:    __taint_sink(result);
2026-04-16 16:32:56.881 INFO 
-------------  51 :  taint_flow_test ------------- 
2026-04-16 16:32:56.881 INFO Description: taint_flow_test，回归测试使用，不推荐外部使用
2026-04-16 16:32:56.881 INFO File: /sast-js/case/completeness/dynamic_tracing/dynamic_call/dynamic_call_reflect_008_F.js
2026-04-16 16:32:56.881 INFO Line 18: __taint_sink(result)
2026-04-16 16:32:56.881 INFO SINK RULE: __taint_sink
2026-04-16 16:32:56.881 INFO entrypoint: 
2026-04-16 16:32:56.881 INFO {
  filePath: '/sast-js/case/completeness/dynamic_tracing/dynamic_call/dynamic_call_reflect_008_F.js',
  functionName: 'dynamic_call_reflect_008_F',
  attribute: 'fullCallGraphMade',
  type: 'functionCall',
  packageName: undefined,
  funcReceiverType: ''
}
2026-04-16 16:32:56.881 INFO Trace: 
2026-04-16 16:32:56.882 INFO  /sast-js/case/completeness/dynamic_tracing/dynamic_call/dynamic_call_reflect_008_F.js
  AffectedNodeName: __taint_src
  11:  SOURCE:  function dynamic_call_reflect_008_F(__taint_src) {
 /sast-js/case/completeness/dynamic_tracing/dynamic_call/dynamic_call_reflect_008_F.js
  AffectedNodeName: result
  17:  Var Pass:    let result = Reflect.apply(targetFunc, null, [__taint_src]);
 /sast-js/case/completeness/dynamic_tracing/dynamic_call/dynamic_call_reflect_008_F.js
  AffectedNodeName: __taint_sink
  18:  SINK:    __taint_sink(result);
2026-04-16 16:32:56.882 INFO 
-------------  52 :  taint_flow_test ------------- 
2026-04-16 16:32:56.882 INFO Description: taint_flow_test，回归测试使用，不推荐外部使用
2026-04-16 16:32:56.882 INFO File: /sast-js/case/completeness/single_app_tracing/alias/alias_003_T.js
2026-04-16 16:32:56.882 INFO Line 15: __taint_sink(a.value)
2026-04-16 16:32:56.882 INFO SINK RULE: __taint_sink
2026-04-16 16:32:56.882 INFO entrypoint: 
2026-04-16 16:32:56.882 INFO {
  filePath: '/sast-js/case/completeness/single_app_tracing/alias/alias_003_T.js',
  functionName: 'alias_003_T',
  attribute: 'fullCallGraphMade',
  type: 'functionCall',
  packageName: undefined,
  funcReceiverType: ''
}
2026-04-16 16:32:56.882 INFO Trace: 
2026-04-16 16:32:56.882 INFO  /sast-js/case/completeness/single_app_tracing/alias/alias_003_T.js
  AffectedNodeName: __taint_src
  11:  SOURCE:  function alias_003_T(__taint_src) {
 /sast-js/case/completeness/single_app_tracing/alias/alias_003_T.js
  AffectedNodeName: b.value
  14:  Var Pass:   b.value = __taint_src;
 /sast-js/case/completeness/single_app_tracing/alias/alias_003_T.js
  AffectedNodeName: __taint_sink
  15:  SINK:    __taint_sink(a.value);
2026-04-16 16:32:56.882 INFO 
-------------  53 :  taint_flow_test ------------- 
2026-04-16 16:32:56.882 INFO Description: taint_flow_test，回归测试使用，不推荐外部使用
2026-04-16 16:32:56.882 INFO File: /sast-js/case/completeness/single_app_tracing/alias/alias_005_T.js
2026-04-16 16:32:56.882 INFO Line 17: __taint_sink(a)
2026-04-16 16:32:56.882 INFO SINK RULE: __taint_sink
2026-04-16 16:32:56.882 INFO entrypoint: 
2026-04-16 16:32:56.882 INFO {
  filePath: '/sast-js/case/completeness/single_app_tracing/alias/alias_005_T.js',
  functionName: 'alias_005_T',
  attribute: 'fullCallGraphMade',
  type: 'functionCall',
  packageName: undefined,
  funcReceiverType: ''
}
2026-04-16 16:32:56.882 INFO Trace: 
2026-04-16 16:32:56.882 INFO  /sast-js/case/completeness/single_app_tracing/alias/alias_005_T.js
  AffectedNodeName: __taint_src
  12:  SOURCE:  function alias_005_T(__taint_src) {
 /sast-js/case/completeness/single_app_tracing/alias/alias_005_T.js
  AffectedNodeName: arr
  13:  Var Pass:    const arr = [__taint_src, "save_value"];
 /sast-js/case/completeness/single_app_tracing/alias/alias_005_T.js
  AffectedNodeName: a
  15:  Var Pass:    const [a, b] = arr;
 /sast-js/case/completeness/single_app_tracing/alias/alias_005_T.js
  AffectedNodeName: __taint_sink
  17:  SINK:    __taint_sink(a);
2026-04-16 16:32:56.882 INFO 
-------------  54 :  taint_flow_test ------------- 
2026-04-16 16:32:56.882 INFO Description: taint_flow_test，回归测试使用，不推荐外部使用
2026-04-16 16:32:56.882 INFO File: /sast-js/case/completeness/single_app_tracing/alias/alias_007_T.js
2026-04-16 16:32:56.882 INFO Line 17: __taint_sink(result)
2026-04-16 16:32:56.882 INFO SINK RULE: __taint_sink
2026-04-16 16:32:56.882 INFO entrypoint: 
2026-04-16 16:32:56.882 INFO {
  filePath: '/sast-js/case/completeness/single_app_tracing/alias/alias_007_T.js',
  functionName: 'alias_007_T',
  attribute: 'fullCallGraphMade',
  type: 'functionCall',
  packageName: undefined,
  funcReceiverType: ''
}
2026-04-16 16:32:56.882 INFO Trace: 
2026-04-16 16:32:56.882 INFO  /sast-js/case/completeness/single_app_tracing/alias/alias_007_T.js
  AffectedNodeName: __taint_src
  12:  SOURCE:  function alias_007_T(__taint_src) {
 /sast-js/case/completeness/single_app_tracing/alias/alias_007_T.js
  AffectedNodeName: obj
  13:  Var Pass:    const obj = { a: __taint_src, b: "save_value" };
 /sast-js/case/completeness/single_app_tracing/alias/alias_007_T.js
  AffectedNodeName: result
  15:  Var Pass:    const { a: result, b } = obj;
 /sast-js/case/completeness/single_app_tracing/alias/alias_007_T.js
  AffectedNodeName: __taint_sink
  17:  SINK:    __taint_sink(result);
2026-04-16 16:32:56.882 INFO 
-------------  55 :  taint_flow_test ------------- 
2026-04-16 16:32:56.882 INFO Description: taint_flow_test，回归测试使用，不推荐外部使用
2026-04-16 16:32:56.882 INFO File: /sast-js/case/accuracy/object_field_sensitive/field_sensitive_one_collection/numeric_index_state_no_solver/array_no_solver_001_T.js
2026-04-16 16:32:56.883 INFO Line 13: __taint_sink(s.0)
2026-04-16 16:32:56.883 INFO SINK RULE: __taint_sink
2026-04-16 16:32:56.883 INFO entrypoint: 
2026-04-16 16:32:56.883 INFO {
  filePath: '/sast-js/case/accuracy/object_field_sensitive/field_sensitive_one_collection/numeric_index_state_no_solver/array_no_solver_001_T.js',
  functionName: 'array_no_solver_001_T',
  attribute: 'fullCallGraphMade',
  type: 'functionCall',
  packageName: undefined,
  funcReceiverType: ''
}
2026-04-16 16:32:56.883 INFO Trace: 
2026-04-16 16:32:56.883 INFO  /sast-js/case/accuracy/object_field_sensitive/field_sensitive_one_collection/numeric_index_state_no_solver/array_no_solver_001_T.js
  AffectedNodeName: __taint_src
  11:  SOURCE:  function array_no_solver_001_T(__taint_src) {
 /sast-js/case/accuracy/object_field_sensitive/field_sensitive_one_collection/numeric_index_state_no_solver/array_no_solver_001_T.js
  AffectedNodeName: s
  12:  Var Pass:    let s = [__taint_src, "b", "c"];
 /sast-js/case/accuracy/object_field_sensitive/field_sensitive_one_collection/numeric_index_state_no_solver/array_no_solver_001_T.js
  AffectedNodeName: __taint_sink
  13:  SINK:    __taint_sink(s[0]);
2026-04-16 16:32:56.883 INFO 
-------------  56 :  taint_flow_test ------------- 
2026-04-16 16:32:56.883 INFO Description: taint_flow_test，回归测试使用，不推荐外部使用
2026-04-16 16:32:56.883 INFO File: /sast-js/case/accuracy/object_field_sensitive/field_sensitive_one_collection/numeric_index_state_no_solver/array_no_solver_003_T.js
2026-04-16 16:32:56.883 INFO Line 14: __taint_sink(s)
2026-04-16 16:32:56.883 INFO SINK RULE: __taint_sink
2026-04-16 16:32:56.883 INFO entrypoint: 
2026-04-16 16:32:56.883 INFO {
  filePath: '/sast-js/case/accuracy/object_field_sensitive/field_sensitive_one_collection/numeric_index_state_no_solver/array_no_solver_003_T.js',
  functionName: 'array_no_solver_003_T',
  attribute: 'fullCallGraphMade',
  type: 'functionCall',
  packageName: undefined,
  funcReceiverType: ''
}
2026-04-16 16:32:56.883 INFO Trace: 
2026-04-16 16:32:56.883 INFO  /sast-js/case/accuracy/object_field_sensitive/field_sensitive_one_collection/numeric_index_state_no_solver/array_no_solver_003_T.js
  AffectedNodeName: __taint_src
  11:  SOURCE:  function array_no_solver_003_T(__taint_src) {
 /sast-js/case/accuracy/object_field_sensitive/field_sensitive_one_collection/numeric_index_state_no_solver/array_no_solver_003_T.js
  AffectedNodeName: s
  12:  Var Pass:    let s = [__taint_src, "b", "c"];
 /sast-js/case/accuracy/object_field_sensitive/field_sensitive_one_collection/numeric_index_state_no_solver/array_no_solver_003_T.js
  AffectedNodeName: __taint_sink
  14:  SINK:    __taint_sink(s);
2026-04-16 16:32:56.883 INFO 
-------------  57 :  taint_flow_test ------------- 
2026-04-16 16:32:56.883 INFO Description: taint_flow_test，回归测试使用，不推荐外部使用
2026-04-16 16:32:56.883 INFO File: /sast-js/case/accuracy/object_field_sensitive/field_sensitive_one_collection/numeric_index_state_no_solver/map_field_sensitive_001_T.js
2026-04-16 16:32:56.883 INFO Line 15: __taint_sink(map.get(key1))
2026-04-16 16:32:56.883 INFO SINK RULE: __taint_sink
2026-04-16 16:32:56.883 INFO entrypoint: 
2026-04-16 16:32:56.883 INFO {
  filePath: '/sast-js/case/accuracy/object_field_sensitive/field_sensitive_one_collection/numeric_index_state_no_solver/map_field_sensitive_001_T.js',
  functionName: 'map_field_sensitive_001_T',
  attribute: 'fullCallGraphMade',
  type: 'functionCall',
  packageName: undefined,
  funcReceiverType: ''
}
2026-04-16 16:32:56.883 INFO Trace: 
2026-04-16 16:32:56.883 INFO  /sast-js/case/accuracy/object_field_sensitive/field_sensitive_one_collection/numeric_index_state_no_solver/map_field_sensitive_001_T.js
  AffectedNodeName: __taint_src
  11:  SOURCE:  function map_field_sensitive_001_T(__taint_src) {
 /sast-js/case/accuracy/object_field_sensitive/field_sensitive_one_collection/numeric_index_state_no_solver/map_field_sensitive_001_T.js
  AffectedNodeName: set
  13:  CALL:    map.set("key1", __taint_src);
 /sast-js/case/accuracy/object_field_sensitive/field_sensitive_one_collection/numeric_index_state_no_solver/map_field_sensitive_001_T.js
  AffectedNodeName: __taint_sink
  15:  SINK:    __taint_sink(map.get("key1"));
2026-04-16 16:32:56.883 INFO 
-------------  58 :  taint_flow_test ------------- 
2026-04-16 16:32:56.883 INFO Description: taint_flow_test，回归测试使用，不推荐外部使用
2026-04-16 16:32:56.883 INFO File: /sast-js/case/accuracy/object_field_sensitive/field_sensitive_one_collection/numeric_index_state_no_solver/map_field_sensitive_004_T.js
2026-04-16 16:32:56.883 INFO Line 17: __taint_sink(map.get(key2))
2026-04-16 16:32:56.883 INFO SINK RULE: __taint_sink
2026-04-16 16:32:56.883 INFO entrypoint: 
2026-04-16 16:32:56.883 INFO {
  filePath: '/sast-js/case/accuracy/object_field_sensitive/field_sensitive_one_collection/numeric_index_state_no_solver/map_field_sensitive_004_T.js',
  functionName: 'map_field_sensitive_004_T',
  attribute: 'fullCallGraphMade',
  type: 'functionCall',
  packageName: undefined,
  funcReceiverType: ''
}
2026-04-16 16:32:56.883 INFO Trace: 
2026-04-16 16:32:56.883 INFO  /sast-js/case/accuracy/object_field_sensitive/field_sensitive_one_collection/numeric_index_state_no_solver/map_field_sensitive_004_T.js
  AffectedNodeName: __taint_src
  11:  SOURCE:  function map_field_sensitive_004_T(__taint_src) {
 /sast-js/case/accuracy/object_field_sensitive/field_sensitive_one_collection/numeric_index_state_no_solver/map_field_sensitive_004_T.js
  AffectedNodeName: set
  15:  CALL:    map.set("key2", __taint_src);
 /sast-js/case/accuracy/object_field_sensitive/field_sensitive_one_collection/numeric_index_state_no_solver/map_field_sensitive_004_T.js
  AffectedNodeName: __taint_sink
  17:  SINK:    __taint_sink(map.get("key2"));
2026-04-16 16:32:56.884 INFO 
-------------  59 :  taint_flow_test ------------- 
2026-04-16 16:32:56.884 INFO Description: taint_flow_test，回归测试使用，不推荐外部使用
2026-04-16 16:32:56.884 INFO File: /sast-js/case/accuracy/object_field_sensitive/field_sensitive_one_collection/numeric_index_state_no_solver/map_field_sensitive_006_T.js
2026-04-16 16:32:56.884 INFO Line 15: __taint_sink(map.values())
2026-04-16 16:32:56.884 INFO SINK RULE: __taint_sink
2026-04-16 16:32:56.884 INFO entrypoint: 
2026-04-16 16:32:56.884 INFO {
  filePath: '/sast-js/case/accuracy/object_field_sensitive/field_sensitive_one_collection/numeric_index_state_no_solver/map_field_sensitive_006_T.js',
  functionName: 'map_field_sensitive_006_T',
  attribute: 'fullCallGraphMade',
  type: 'functionCall',
  packageName: undefined,
  funcReceiverType: ''
}
2026-04-16 16:32:56.884 INFO Trace: 
2026-04-16 16:32:56.884 INFO  /sast-js/case/accuracy/object_field_sensitive/field_sensitive_one_collection/numeric_index_state_no_solver/map_field_sensitive_006_T.js
  AffectedNodeName: __taint_src
  11:  SOURCE:  function map_field_sensitive_006_T(__taint_src) {
 /sast-js/case/accuracy/object_field_sensitive/field_sensitive_one_collection/numeric_index_state_no_solver/map_field_sensitive_006_T.js
  AffectedNodeName: set
  13:  CALL:    map.set("key1", __taint_src);
 /sast-js/case/accuracy/object_field_sensitive/field_sensitive_one_collection/numeric_index_state_no_solver/map_field_sensitive_006_T.js
  AffectedNodeName: __taint_sink
  15:  SINK:    __taint_sink(map.values());
2026-04-16 16:32:56.884 INFO 
-------------  60 :  taint_flow_test ------------- 
2026-04-16 16:32:56.884 INFO Description: taint_flow_test，回归测试使用，不推荐外部使用
2026-04-16 16:32:56.884 INFO File: /sast-js/case/accuracy/object_field_sensitive/field_sensitive_one_collection/numeric_index_state_no_solver/map_field_sensitive_008_T.js
2026-04-16 16:32:56.884 INFO Line 15: __taint_sink(map.keys())
2026-04-16 16:32:56.884 INFO SINK RULE: __taint_sink
2026-04-16 16:32:56.884 INFO entrypoint: 
2026-04-16 16:32:56.884 INFO {
  filePath: '/sast-js/case/accuracy/object_field_sensitive/field_sensitive_one_collection/numeric_index_state_no_solver/map_field_sensitive_008_T.js',
  functionName: 'map_field_sensitive_008_T',
  attribute: 'fullCallGraphMade',
  type: 'functionCall',
  packageName: undefined,
  funcReceiverType: ''
}
2026-04-16 16:32:56.884 INFO Trace: 
2026-04-16 16:32:56.884 INFO  /sast-js/case/accuracy/object_field_sensitive/field_sensitive_one_collection/numeric_index_state_no_solver/map_field_sensitive_008_T.js
  AffectedNodeName: __taint_src
  11:  SOURCE:  function map_field_sensitive_008_T(__taint_src) {
 /sast-js/case/accuracy/object_field_sensitive/field_sensitive_one_collection/numeric_index_state_no_solver/map_field_sensitive_008_T.js
  AffectedNodeName: set
  13:  CALL:    map.set(__taint_src, "value1");
 /sast-js/case/accuracy/object_field_sensitive/field_sensitive_one_collection/numeric_index_state_no_solver/map_field_sensitive_008_T.js
  AffectedNodeName: __taint_sink
  15:  SINK:    __taint_sink(map.keys());
2026-04-16 16:32:56.884 INFO 
-------------  61 :  taint_flow_test ------------- 
2026-04-16 16:32:56.884 INFO Description: taint_flow_test，回归测试使用，不推荐外部使用
2026-04-16 16:32:56.884 INFO File: /sast-js/case/accuracy/object_field_sensitive/field_sensitive_one_collection/numeric_index_state_no_solver/rest_parameter_no_solver_001_T.js
2026-04-16 16:32:56.884 INFO Line 16: __taint_sink(args.1)
2026-04-16 16:32:56.884 INFO SINK RULE: __taint_sink
2026-04-16 16:32:56.884 INFO entrypoint: 
2026-04-16 16:32:56.884 INFO {
  filePath: '/sast-js/case/accuracy/object_field_sensitive/field_sensitive_one_collection/numeric_index_state_no_solver/rest_parameter_no_solver_001_T.js',
  functionName: 'rest_parameter_no_solver_001_T',
  attribute: 'fullCallGraphMade',
  type: 'functionCall',
  packageName: undefined,
  funcReceiverType: ''
}
2026-04-16 16:32:56.884 INFO Trace: 
2026-04-16 16:32:56.884 INFO  /sast-js/case/accuracy/object_field_sensitive/field_sensitive_one_collection/numeric_index_state_no_solver/rest_parameter_no_solver_001_T.js
  AffectedNodeName: __taint_src
  11:  SOURCE:  function rest_parameter_no_solver_001_T(__taint_src) {
 /sast-js/case/accuracy/object_field_sensitive/field_sensitive_one_collection/numeric_index_state_no_solver/rest_parameter_no_solver_001_T.js
  AffectedNodeName: collectArgs
  12:  CALL:    collectArgs("prefix", __taint_src, "suffix");
 /sast-js/case/accuracy/object_field_sensitive/field_sensitive_one_collection/numeric_index_state_no_solver/rest_parameter_no_solver_001_T.js
  AffectedNodeName: __tmp1__
  15:  ARG PASS:  function collectArgs(...args) {
 /sast-js/case/accuracy/object_field_sensitive/field_sensitive_one_collection/numeric_index_state_no_solver/rest_parameter_no_solver_001_T.js
  AffectedNodeName: args
  15:  Var Pass: function collectArgs(...args) {
  16:  Var Pass:   __taint_sink(args[1]);
  17:  Var Pass: }
 /sast-js/case/accuracy/object_field_sensitive/field_sensitive_one_collection/numeric_index_state_no_solver/rest_parameter_no_solver_001_T.js
  AffectedNodeName: __taint_sink
  16:  SINK:    __taint_sink(args[1]);
2026-04-16 16:32:56.884 INFO 
-------------  62 :  taint_flow_test ------------- 
2026-04-16 16:32:56.884 INFO Description: taint_flow_test，回归测试使用，不推荐外部使用
2026-04-16 16:32:56.884 INFO File: /sast-js/case/accuracy/object_field_sensitive/field_sensitive_one_collection/numeric_index_state_no_solver/spread_operator_no_solver_001_T.js
2026-04-16 16:32:56.884 INFO Line 15: __taint_sink(rest.0)
2026-04-16 16:32:56.884 INFO SINK RULE: __taint_sink
2026-04-16 16:32:56.884 INFO entrypoint: 
2026-04-16 16:32:56.884 INFO {
  filePath: '/sast-js/case/accuracy/object_field_sensitive/field_sensitive_one_collection/numeric_index_state_no_solver/spread_operator_no_solver_001_T.js',
  functionName: 'spread_operator_no_solver_001_T',
  attribute: 'fullCallGraphMade',
  type: 'functionCall',
  packageName: undefined,
  funcReceiverType: ''
}
2026-04-16 16:32:56.884 INFO Trace: 
2026-04-16 16:32:56.884 INFO  /sast-js/case/accuracy/object_field_sensitive/field_sensitive_one_collection/numeric_index_state_no_solver/spread_operator_no_solver_001_T.js
  AffectedNodeName: __taint_src
  11:  SOURCE:  function spread_operator_no_solver_001_T(__taint_src) {
 /sast-js/case/accuracy/object_field_sensitive/field_sensitive_one_collection/numeric_index_state_no_solver/spread_operator_no_solver_001_T.js
  AffectedNodeName: foo
  12:  Var Pass:    const foo = __taint_src;
 /sast-js/case/accuracy/object_field_sensitive/field_sensitive_one_collection/numeric_index_state_no_solver/spread_operator_no_solver_001_T.js
  AffectedNodeName: __tmp2__
  14:  Var Pass:    const [r1, r2, ...rest] = [123, 456, foo, bar];
 /sast-js/case/accuracy/object_field_sensitive/field_sensitive_one_collection/numeric_index_state_no_solver/spread_operator_no_solver_001_T.js
  AffectedNodeName: rest
  14:  Var Pass:   const [r1, r2, ...rest] = [123, 456, foo, bar];
 /sast-js/case/accuracy/object_field_sensitive/field_sensitive_one_collection/numeric_index_state_no_solver/spread_operator_no_solver_001_T.js
  AffectedNodeName: __taint_sink
  15:  SINK:    __taint_sink(rest[0]);
2026-04-16 16:32:56.884 INFO 
-------------  63 :  taint_flow_test ------------- 
2026-04-16 16:32:56.884 INFO Description: taint_flow_test，回归测试使用，不推荐外部使用
2026-04-16 16:32:56.884 INFO File: /sast-js/case/accuracy/object_field_sensitive/field_sensitive_one_collection/numeric_index_state_no_solver/spread_operator_no_solver_003_T.js
2026-04-16 16:32:56.885 INFO Line 14: __taint_sink(array.3)
2026-04-16 16:32:56.885 INFO SINK RULE: __taint_sink
2026-04-16 16:32:56.885 INFO entrypoint: 
2026-04-16 16:32:56.885 INFO {
  filePath: '/sast-js/case/accuracy/object_field_sensitive/field_sensitive_one_collection/numeric_index_state_no_solver/spread_operator_no_solver_003_T.js',
  functionName: 'spread_operator_no_solver_003_T',
  attribute: 'fullCallGraphMade',
  type: 'functionCall',
  packageName: undefined,
  funcReceiverType: ''
}
2026-04-16 16:32:56.885 INFO Trace: 
2026-04-16 16:32:56.885 INFO  /sast-js/case/accuracy/object_field_sensitive/field_sensitive_one_collection/numeric_index_state_no_solver/spread_operator_no_solver_003_T.js
  AffectedNodeName: __taint_src
  11:  SOURCE:  function spread_operator_no_solver_003_T(__taint_src) {
 /sast-js/case/accuracy/object_field_sensitive/field_sensitive_one_collection/numeric_index_state_no_solver/spread_operator_no_solver_003_T.js
  AffectedNodeName: array1
  12:  Var Pass:    let array1 = ["a", "b", __taint_src];
 /sast-js/case/accuracy/object_field_sensitive/field_sensitive_one_collection/numeric_index_state_no_solver/spread_operator_no_solver_003_T.js
  AffectedNodeName: array
  13:  Var Pass:    let array = ["c", ...array1];
 /sast-js/case/accuracy/object_field_sensitive/field_sensitive_one_collection/numeric_index_state_no_solver/spread_operator_no_solver_003_T.js
  AffectedNodeName: __taint_sink
  14:  SINK:    __taint_sink(array[3]);
2026-04-16 16:32:56.885 INFO 
-------------  64 :  taint_flow_test ------------- 
2026-04-16 16:32:56.885 INFO Description: taint_flow_test，回归测试使用，不推荐外部使用
2026-04-16 16:32:56.885 INFO File: /sast-js/case/accuracy/object_field_sensitive/field_sensitive_one_collection/numeric_index_state_solver/array_solver_001_T.js
2026-04-16 16:32:56.885 INFO Line 13: __taint_sink(s.1+1)
2026-04-16 16:32:56.885 INFO SINK RULE: __taint_sink
2026-04-16 16:32:56.885 INFO entrypoint: 
2026-04-16 16:32:56.885 INFO {
  filePath: '/sast-js/case/accuracy/object_field_sensitive/field_sensitive_one_collection/numeric_index_state_solver/array_solver_001_T.js',
  functionName: 'array_solver_001_T',
  attribute: 'fullCallGraphMade',
  type: 'functionCall',
  packageName: undefined,
  funcReceiverType: ''
}
2026-04-16 16:32:56.885 INFO Trace: 
2026-04-16 16:32:56.885 INFO  /sast-js/case/accuracy/object_field_sensitive/field_sensitive_one_collection/numeric_index_state_solver/array_solver_001_T.js
  AffectedNodeName: __taint_src
  11:  SOURCE:  function array_solver_001_T(__taint_src) {
 /sast-js/case/accuracy/object_field_sensitive/field_sensitive_one_collection/numeric_index_state_solver/array_solver_001_T.js
  AffectedNodeName: s
  12:  Var Pass:    let s = ["a", "b", __taint_src, "c", "d"];
 /sast-js/case/accuracy/object_field_sensitive/field_sensitive_one_collection/numeric_index_state_solver/array_solver_001_T.js
  AffectedNodeName: __taint_sink
  13:  SINK:    __taint_sink(s[1 + 1]);
2026-04-16 16:32:56.885 INFO 
-------------  65 :  taint_flow_test ------------- 
2026-04-16 16:32:56.885 INFO Description: taint_flow_test，回归测试使用，不推荐外部使用
2026-04-16 16:32:56.885 INFO File: /sast-js/case/accuracy/object_field_sensitive/field_sensitive_one_collection/numeric_index_state_solver/array_solver_002_F.js
2026-04-16 16:32:56.885 INFO Line 13: __taint_sink(s.1+2)
2026-04-16 16:32:56.885 INFO SINK RULE: __taint_sink
2026-04-16 16:32:56.885 INFO entrypoint: 
2026-04-16 16:32:56.885 INFO {
  filePath: '/sast-js/case/accuracy/object_field_sensitive/field_sensitive_one_collection/numeric_index_state_solver/array_solver_002_F.js',
  functionName: 'array_solver_002_F',
  attribute: 'fullCallGraphMade',
  type: 'functionCall',
  packageName: undefined,
  funcReceiverType: ''
}
2026-04-16 16:32:56.885 INFO Trace: 
2026-04-16 16:32:56.885 INFO  /sast-js/case/accuracy/object_field_sensitive/field_sensitive_one_collection/numeric_index_state_solver/array_solver_002_F.js
  AffectedNodeName: __taint_src
  11:  SOURCE:  function array_solver_002_F(__taint_src) {
 /sast-js/case/accuracy/object_field_sensitive/field_sensitive_one_collection/numeric_index_state_solver/array_solver_002_F.js
  AffectedNodeName: s
  12:  Var Pass:    let s = ["a", "b", __taint_src, "c", "d"];
 /sast-js/case/accuracy/object_field_sensitive/field_sensitive_one_collection/numeric_index_state_solver/array_solver_002_F.js
  AffectedNodeName: __taint_sink
  13:  SINK:    __taint_sink(s[1 + 2]);
2026-04-16 16:32:56.885 INFO 
-------------  66 :  taint_flow_test ------------- 
2026-04-16 16:32:56.885 INFO Description: taint_flow_test，回归测试使用，不推荐外部使用
2026-04-16 16:32:56.885 INFO File: /sast-js/case/accuracy/path_sensitive/loop_conditional_stmt/no_solver/conditional_if_no_solver_003_T.js
2026-04-16 16:32:56.885 INFO Line 18: __taint_sink(res)
2026-04-16 16:32:56.885 INFO SINK RULE: __taint_sink
2026-04-16 16:32:56.885 INFO entrypoint: 
2026-04-16 16:32:56.885 INFO {
  filePath: '/sast-js/case/accuracy/path_sensitive/loop_conditional_stmt/no_solver/conditional_if_no_solver_003_T.js',
  functionName: 'conditional_if_no_solver_003_T',
  attribute: 'fullCallGraphMade',
  type: 'functionCall',
  packageName: undefined,
  funcReceiverType: ''
}
2026-04-16 16:32:56.885 INFO Trace: 
2026-04-16 16:32:56.885 INFO  /sast-js/case/accuracy/path_sensitive/loop_conditional_stmt/no_solver/conditional_if_no_solver_003_T.js
  AffectedNodeName: __taint_src
  11:  SOURCE:  function conditional_if_no_solver_003_T(__taint_src) {
 /sast-js/case/accuracy/path_sensitive/loop_conditional_stmt/no_solver/conditional_if_no_solver_003_T.js
  AffectedNodeName: res
  16:  Var Pass:     res = __taint_src;
 /sast-js/case/accuracy/path_sensitive/loop_conditional_stmt/no_solver/conditional_if_no_solver_003_T.js
  AffectedNodeName: __taint_sink
  18:  SINK:    __taint_sink(res);
2026-04-16 16:32:56.885 INFO 
-------------  67 :  taint_flow_test ------------- 
2026-04-16 16:32:56.885 INFO Description: taint_flow_test，回归测试使用，不推荐外部使用
2026-04-16 16:32:56.885 INFO File: /sast-js/case/accuracy/path_sensitive/loop_conditional_stmt/no_solver/conditional_switch_no_solver_002_T.js
2026-04-16 16:32:56.885 INFO Line 14: __taint_sink(data)
2026-04-16 16:32:56.885 INFO SINK RULE: __taint_sink
2026-04-16 16:32:56.885 INFO entrypoint: 
2026-04-16 16:32:56.885 INFO {
  filePath: '/sast-js/case/accuracy/path_sensitive/loop_conditional_stmt/no_solver/conditional_switch_no_solver_002_T.js',
  functionName: 'conditional_switch_no_solver_002_T',
  attribute: 'fullCallGraphMade',
  type: 'functionCall',
  packageName: undefined,
  funcReceiverType: ''
}
2026-04-16 16:32:56.885 INFO Trace: 
2026-04-16 16:32:56.885 INFO  /sast-js/case/accuracy/path_sensitive/loop_conditional_stmt/no_solver/conditional_switch_no_solver_002_T.js
  AffectedNodeName: __taint_src
  10:  SOURCE:  function conditional_switch_no_solver_002_T(__taint_src) {
 /sast-js/case/accuracy/path_sensitive/loop_conditional_stmt/no_solver/conditional_switch_no_solver_002_T.js
  AffectedNodeName: data
  11:  Var Pass:    let data = __taint_src;
 /sast-js/case/accuracy/path_sensitive/loop_conditional_stmt/no_solver/conditional_switch_no_solver_002_T.js
  AffectedNodeName: __taint_sink
  14:  SINK:        __taint_sink(data);
2026-04-16 16:32:56.885 INFO 
-------------  68 :  taint_flow_test ------------- 
2026-04-16 16:32:56.885 INFO Description: taint_flow_test，回归测试使用，不推荐外部使用
2026-04-16 16:32:56.885 INFO File: /sast-js/case/accuracy/path_sensitive/loop_conditional_stmt/no_solver/conditional_switch_no_solver_004_T.js
2026-04-16 16:32:56.885 INFO Line 18: __taint_sink(data)
2026-04-16 16:32:56.885 INFO SINK RULE: __taint_sink
2026-04-16 16:32:56.885 INFO entrypoint: 
2026-04-16 16:32:56.885 INFO {
  filePath: '/sast-js/case/accuracy/path_sensitive/loop_conditional_stmt/no_solver/conditional_switch_no_solver_004_T.js',
  functionName: 'conditional_switch_no_solver_004_T',
  attribute: 'fullCallGraphMade',
  type: 'functionCall',
  packageName: undefined,
  funcReceiverType: ''
}
2026-04-16 16:32:56.886 INFO Trace: 
2026-04-16 16:32:56.886 INFO  /sast-js/case/accuracy/path_sensitive/loop_conditional_stmt/no_solver/conditional_switch_no_solver_004_T.js
  AffectedNodeName: __taint_src
  11:  SOURCE:  function conditional_switch_no_solver_004_T(__taint_src) {
 /sast-js/case/accuracy/path_sensitive/loop_conditional_stmt/no_solver/conditional_switch_no_solver_004_T.js
  AffectedNodeName: data
  15:  Var Pass:       data = __taint_src;
 /sast-js/case/accuracy/path_sensitive/loop_conditional_stmt/no_solver/conditional_switch_no_solver_004_T.js
  AffectedNodeName: __taint_sink
  18:  SINK:    __taint_sink(data);
2026-04-16 16:32:56.886 INFO 
-------------  69 :  taint_flow_test ------------- 
2026-04-16 16:32:56.886 INFO Description: taint_flow_test，回归测试使用，不推荐外部使用
2026-04-16 16:32:56.886 INFO File: /sast-js/case/accuracy/path_sensitive/loop_conditional_stmt/no_solver/do_while_loop_001_T.js
2026-04-16 16:32:56.886 INFO Line 19: __taint_sink(result)
2026-04-16 16:32:56.886 INFO SINK RULE: __taint_sink
2026-04-16 16:32:56.886 INFO entrypoint: 
2026-04-16 16:32:56.886 INFO {
  filePath: '/sast-js/case/accuracy/path_sensitive/loop_conditional_stmt/no_solver/do_while_loop_001_T.js',
  functionName: 'do_while_loop_001_T',
  attribute: 'fullCallGraphMade',
  type: 'functionCall',
  packageName: undefined,
  funcReceiverType: ''
}
2026-04-16 16:32:56.886 INFO Trace: 
2026-04-16 16:32:56.886 INFO  /sast-js/case/accuracy/path_sensitive/loop_conditional_stmt/no_solver/do_while_loop_001_T.js
  AffectedNodeName: __taint_src
  11:  SOURCE:  function do_while_loop_001_T(__taint_src) {
 /sast-js/case/accuracy/path_sensitive/loop_conditional_stmt/no_solver/do_while_loop_001_T.js
  AffectedNodeName: result
  16:  Var Pass:     result = __taint_src;
 /sast-js/case/accuracy/path_sensitive/loop_conditional_stmt/no_solver/do_while_loop_001_T.js
  AffectedNodeName: __taint_sink
  19:  SINK:    __taint_sink(result);
2026-04-16 16:32:56.886 INFO 
-------------  70 :  taint_flow_test ------------- 
2026-04-16 16:32:56.886 INFO Description: taint_flow_test，回归测试使用，不推荐外部使用
2026-04-16 16:32:56.886 INFO File: /sast-js/case/accuracy/path_sensitive/loop_conditional_stmt/no_solver/for_in_loop_001_T.js
2026-04-16 16:32:56.886 INFO Line 18: __taint_sink(result)
2026-04-16 16:32:56.886 INFO SINK RULE: __taint_sink
2026-04-16 16:32:56.886 INFO entrypoint: 
2026-04-16 16:32:56.886 INFO {
  filePath: '/sast-js/case/accuracy/path_sensitive/loop_conditional_stmt/no_solver/for_in_loop_001_T.js',
  functionName: 'for_in_loop_001_T',
  attribute: 'fullCallGraphMade',
  type: 'functionCall',
  packageName: undefined,
  funcReceiverType: ''
}
2026-04-16 16:32:56.886 INFO Trace: 
2026-04-16 16:32:56.886 INFO  /sast-js/case/accuracy/path_sensitive/loop_conditional_stmt/no_solver/for_in_loop_001_T.js
  AffectedNodeName: __taint_src
  11:  SOURCE:  function for_in_loop_001_T(__taint_src) {
 /sast-js/case/accuracy/path_sensitive/loop_conditional_stmt/no_solver/for_in_loop_001_T.js
  AffectedNodeName: result
  16:  Var Pass:     result = __taint_src;
 /sast-js/case/accuracy/path_sensitive/loop_conditional_stmt/no_solver/for_in_loop_001_T.js
  AffectedNodeName: __taint_sink
  18:  SINK:    __taint_sink(result);
2026-04-16 16:32:56.886 INFO 
-------------  71 :  taint_flow_test ------------- 
2026-04-16 16:32:56.886 INFO Description: taint_flow_test，回归测试使用，不推荐外部使用
2026-04-16 16:32:56.886 INFO File: /sast-js/case/accuracy/path_sensitive/loop_conditional_stmt/no_solver/for_of_loop_001_T.js
2026-04-16 16:32:56.886 INFO Line 18: __taint_sink(result)
2026-04-16 16:32:56.886 INFO SINK RULE: __taint_sink
2026-04-16 16:32:56.886 INFO entrypoint: 
2026-04-16 16:32:56.886 INFO {
  filePath: '/sast-js/case/accuracy/path_sensitive/loop_conditional_stmt/no_solver/for_of_loop_001_T.js',
  functionName: 'for_of_loop_001_T',
  attribute: 'fullCallGraphMade',
  type: 'functionCall',
  packageName: undefined,
  funcReceiverType: ''
}
2026-04-16 16:32:56.886 INFO Trace: 
2026-04-16 16:32:56.887 INFO  /sast-js/case/accuracy/path_sensitive/loop_conditional_stmt/no_solver/for_of_loop_001_T.js
  AffectedNodeName: __taint_src
  11:  SOURCE:  function for_of_loop_001_T(__taint_src) {
 /sast-js/case/accuracy/path_sensitive/loop_conditional_stmt/no_solver/for_of_loop_001_T.js
  AffectedNodeName: result
  16:  Var Pass:     result = __taint_src;
 /sast-js/case/accuracy/path_sensitive/loop_conditional_stmt/no_solver/for_of_loop_001_T.js
  AffectedNodeName: __taint_sink
  18:  SINK:    __taint_sink(result);
2026-04-16 16:32:56.887 INFO 
-------------  72 :  taint_flow_test ------------- 
2026-04-16 16:32:56.887 INFO Description: taint_flow_test，回归测试使用，不推荐外部使用
2026-04-16 16:32:56.887 INFO File: /sast-js/case/accuracy/path_sensitive/loop_conditional_stmt/no_solver/ternary_expression_001_T.js
2026-04-16 16:32:56.887 INFO Line 14: __taint_sink(result)
2026-04-16 16:32:56.887 INFO SINK RULE: __taint_sink
2026-04-16 16:32:56.887 INFO entrypoint: 
2026-04-16 16:32:56.887 INFO {
  filePath: '/sast-js/case/accuracy/path_sensitive/loop_conditional_stmt/no_solver/ternary_expression_001_T.js',
  functionName: 'ternary_expression_001_T',
  attribute: 'fullCallGraphMade',
  type: 'functionCall',
  packageName: undefined,
  funcReceiverType: ''
}
2026-04-16 16:32:56.887 INFO Trace: 
2026-04-16 16:32:56.887 INFO  /sast-js/case/accuracy/path_sensitive/loop_conditional_stmt/no_solver/ternary_expression_001_T.js
  AffectedNodeName: __taint_src
  11:  SOURCE:  function ternary_expression_001_T(__taint_src) {
 /sast-js/case/accuracy/path_sensitive/loop_conditional_stmt/no_solver/ternary_expression_001_T.js
  AffectedNodeName: result
  13:  Var Pass:    let result = true ? __taint_src : "safe_value";
 /sast-js/case/accuracy/path_sensitive/loop_conditional_stmt/no_solver/ternary_expression_001_T.js
  AffectedNodeName: __taint_sink
  14:  SINK:    __taint_sink(result);
2026-04-16 16:32:56.887 INFO 
-------------  73 :  taint_flow_test ------------- 
2026-04-16 16:32:56.887 INFO Description: taint_flow_test，回归测试使用，不推荐外部使用
2026-04-16 16:32:56.887 INFO File: /sast-js/case/accuracy/path_sensitive/loop_conditional_stmt/no_solver/ternary_expression_002_F.js
2026-04-16 16:32:56.887 INFO Line 14: __taint_sink(result)
2026-04-16 16:32:56.887 INFO SINK RULE: __taint_sink
2026-04-16 16:32:56.887 INFO entrypoint: 
2026-04-16 16:32:56.887 INFO {
  filePath: '/sast-js/case/accuracy/path_sensitive/loop_conditional_stmt/no_solver/ternary_expression_002_F.js',
  functionName: 'ternary_expression_002_F',
  attribute: 'fullCallGraphMade',
  type: 'functionCall',
  packageName: undefined,
  funcReceiverType: ''
}
2026-04-16 16:32:56.887 INFO Trace: 
2026-04-16 16:32:56.887 INFO  /sast-js/case/accuracy/path_sensitive/loop_conditional_stmt/no_solver/ternary_expression_002_F.js
  AffectedNodeName: __taint_src
  11:  SOURCE:  function ternary_expression_002_F(__taint_src) {
 /sast-js/case/accuracy/path_sensitive/loop_conditional_stmt/no_solver/ternary_expression_002_F.js
  AffectedNodeName: result
  13:  Var Pass:    let result = false ? __taint_src : "safe_value";
 /sast-js/case/accuracy/path_sensitive/loop_conditional_stmt/no_solver/ternary_expression_002_F.js
  AffectedNodeName: __taint_sink
  14:  SINK:    __taint_sink(result);
2026-04-16 16:32:56.887 INFO 
-------------  74 :  taint_flow_test ------------- 
2026-04-16 16:32:56.887 INFO Description: taint_flow_test，回归测试使用，不推荐外部使用
2026-04-16 16:32:56.887 INFO File: /sast-js/case/accuracy/path_sensitive/loop_conditional_stmt/no_solver/while_loop_001_T.js
2026-04-16 16:32:56.887 INFO Line 19: __taint_sink(result)
2026-04-16 16:32:56.887 INFO SINK RULE: __taint_sink
2026-04-16 16:32:56.887 INFO entrypoint: 
2026-04-16 16:32:56.887 INFO {
  filePath: '/sast-js/case/accuracy/path_sensitive/loop_conditional_stmt/no_solver/while_loop_001_T.js',
  functionName: 'while_loop_001_T',
  attribute: 'fullCallGraphMade',
  type: 'functionCall',
  packageName: undefined,
  funcReceiverType: ''
}
2026-04-16 16:32:56.887 INFO Trace: 
2026-04-16 16:32:56.887 INFO  /sast-js/case/accuracy/path_sensitive/loop_conditional_stmt/no_solver/while_loop_001_T.js
  AffectedNodeName: __taint_src
  11:  SOURCE:  function while_loop_001_T(__taint_src) {
 /sast-js/case/accuracy/path_sensitive/loop_conditional_stmt/no_solver/while_loop_001_T.js
  AffectedNodeName: result
  16:  Var Pass:     result = __taint_src;
 /sast-js/case/accuracy/path_sensitive/loop_conditional_stmt/no_solver/while_loop_001_T.js
  AffectedNodeName: __taint_sink
  19:  SINK:    __taint_sink(result);
2026-04-16 16:32:56.888 INFO 
-------------  75 :  taint_flow_test ------------- 
2026-04-16 16:32:56.888 INFO Description: taint_flow_test，回归测试使用，不推荐外部使用
2026-04-16 16:32:56.888 INFO File: /sast-js/case/accuracy/path_sensitive/loop_conditional_stmt/solver/conditional_if_solver_001_T.js
2026-04-16 16:32:56.888 INFO Line 18: __taint_sink(res)
2026-04-16 16:32:56.888 INFO SINK RULE: __taint_sink
2026-04-16 16:32:56.888 INFO entrypoint: 
2026-04-16 16:32:56.888 INFO {
  filePath: '/sast-js/case/accuracy/path_sensitive/loop_conditional_stmt/solver/conditional_if_solver_001_T.js',
  functionName: 'conditional_if_solver_001_T',
  attribute: 'fullCallGraphMade',
  type: 'functionCall',
  packageName: undefined,
  funcReceiverType: ''
}
2026-04-16 16:32:56.888 INFO Trace: 
2026-04-16 16:32:56.888 INFO  /sast-js/case/accuracy/path_sensitive/loop_conditional_stmt/solver/conditional_if_solver_001_T.js
  AffectedNodeName: __taint_src
  11:  SOURCE:  function conditional_if_solver_001_T(__taint_src) {
 /sast-js/case/accuracy/path_sensitive/loop_conditional_stmt/solver/conditional_if_solver_001_T.js
  AffectedNodeName: res
  14:  Var Pass:     res = __taint_src;
 /sast-js/case/accuracy/path_sensitive/loop_conditional_stmt/solver/conditional_if_solver_001_T.js
  AffectedNodeName: __taint_sink
  18:  SINK:    __taint_sink(res);
2026-04-16 16:32:56.888 INFO 
-------------  76 :  taint_flow_test ------------- 
2026-04-16 16:32:56.888 INFO Description: taint_flow_test，回归测试使用，不推荐外部使用
2026-04-16 16:32:56.888 INFO File: /sast-js/case/accuracy/path_sensitive/loop_conditional_stmt/solver/conditional_if_solver_002_F.js
2026-04-16 16:32:56.888 INFO Line 18: __taint_sink(res)
2026-04-16 16:32:56.888 INFO SINK RULE: __taint_sink
2026-04-16 16:32:56.888 INFO entrypoint: 
2026-04-16 16:32:56.888 INFO {
  filePath: '/sast-js/case/accuracy/path_sensitive/loop_conditional_stmt/solver/conditional_if_solver_002_F.js',
  functionName: 'conditional_if_solver_002_F',
  attribute: 'fullCallGraphMade',
  type: 'functionCall',
  packageName: undefined,
  funcReceiverType: ''
}
2026-04-16 16:32:56.888 INFO Trace: 
2026-04-16 16:32:56.888 INFO  /sast-js/case/accuracy/path_sensitive/loop_conditional_stmt/solver/conditional_if_solver_002_F.js
  AffectedNodeName: __taint_src
  11:  SOURCE:  function conditional_if_solver_002_F(__taint_src) {
 /sast-js/case/accuracy/path_sensitive/loop_conditional_stmt/solver/conditional_if_solver_002_F.js
  AffectedNodeName: res
  14:  Var Pass:     res = __taint_src;
 /sast-js/case/accuracy/path_sensitive/loop_conditional_stmt/solver/conditional_if_solver_002_F.js
  AffectedNodeName: __taint_sink
  18:  SINK:    __taint_sink(res);
2026-04-16 16:32:56.888 INFO 
-------------  77 :  taint_flow_test ------------- 
2026-04-16 16:32:56.888 INFO Description: taint_flow_test，回归测试使用，不推荐外部使用
2026-04-16 16:32:56.888 INFO File: /sast-js/case/accuracy/path_sensitive/loop_conditional_stmt/solver/conditional_switch_solver_001_F.js
2026-04-16 16:32:56.888 INFO Line 18: __taint_sink(data)
2026-04-16 16:32:56.888 INFO SINK RULE: __taint_sink
2026-04-16 16:32:56.888 INFO entrypoint: 
2026-04-16 16:32:56.888 INFO {
  filePath: '/sast-js/case/accuracy/path_sensitive/loop_conditional_stmt/solver/conditional_switch_solver_001_F.js',
  functionName: 'conditional_switch_solver_001_F',
  attribute: 'fullCallGraphMade',
  type: 'functionCall',
  packageName: undefined,
  funcReceiverType: ''
}
2026-04-16 16:32:56.888 INFO Trace: 
2026-04-16 16:32:56.888 INFO  /sast-js/case/accuracy/path_sensitive/loop_conditional_stmt/solver/conditional_switch_solver_001_F.js
  AffectedNodeName: __taint_src
  11:  SOURCE:  function conditional_switch_solver_001_F(__taint_src) {
 /sast-js/case/accuracy/path_sensitive/loop_conditional_stmt/solver/conditional_switch_solver_001_F.js
  AffectedNodeName: data
  15:  Var Pass:       data = __taint_src;
 /sast-js/case/accuracy/path_sensitive/loop_conditional_stmt/solver/conditional_switch_solver_001_F.js
  AffectedNodeName: __taint_sink
  18:  SINK:    __taint_sink(data);
2026-04-16 16:32:56.888 INFO 
-------------  78 :  taint_flow_test ------------- 
2026-04-16 16:32:56.888 INFO Description: taint_flow_test，回归测试使用，不推荐外部使用
2026-04-16 16:32:56.889 INFO File: /sast-js/case/accuracy/path_sensitive/loop_conditional_stmt/solver/conditional_switch_solver_002_T.js
2026-04-16 16:32:56.889 INFO Line 18: __taint_sink(data)
2026-04-16 16:32:56.889 INFO SINK RULE: __taint_sink
2026-04-16 16:32:56.889 INFO entrypoint: 
2026-04-16 16:32:56.889 INFO {
  filePath: '/sast-js/case/accuracy/path_sensitive/loop_conditional_stmt/solver/conditional_switch_solver_002_T.js',
  functionName: 'conditional_switch_solver_002_T',
  attribute: 'fullCallGraphMade',
  type: 'functionCall',
  packageName: undefined,
  funcReceiverType: ''
}
2026-04-16 16:32:56.889 INFO Trace: 
2026-04-16 16:32:56.889 INFO  /sast-js/case/accuracy/path_sensitive/loop_conditional_stmt/solver/conditional_switch_solver_002_T.js
  AffectedNodeName: __taint_src
  11:  SOURCE:  function conditional_switch_solver_002_T(__taint_src) {
 /sast-js/case/accuracy/path_sensitive/loop_conditional_stmt/solver/conditional_switch_solver_002_T.js
  AffectedNodeName: data
  15:  Var Pass:       data = __taint_src;
 /sast-js/case/accuracy/path_sensitive/loop_conditional_stmt/solver/conditional_switch_solver_002_T.js
  AffectedNodeName: __taint_sink
  18:  SINK:    __taint_sink(data);
2026-04-16 16:32:56.889 INFO 
-------------  79 :  taint_flow_test ------------- 
2026-04-16 16:32:56.889 INFO Description: taint_flow_test，回归测试使用，不推荐外部使用
2026-04-16 16:32:56.889 INFO File: /sast-js/case/accuracy/path_sensitive/loop_conditional_stmt/solver/do_while_loop_solver_001_T.js
2026-04-16 16:32:56.889 INFO Line 19: __taint_sink(result)
2026-04-16 16:32:56.889 INFO SINK RULE: __taint_sink
2026-04-16 16:32:56.889 INFO entrypoint: 
2026-04-16 16:32:56.889 INFO {
  filePath: '/sast-js/case/accuracy/path_sensitive/loop_conditional_stmt/solver/do_while_loop_solver_001_T.js',
  functionName: 'do_while_loop_solver_001_T',
  attribute: 'fullCallGraphMade',
  type: 'functionCall',
  packageName: undefined,
  funcReceiverType: ''
}
2026-04-16 16:32:56.889 INFO Trace: 
2026-04-16 16:32:56.889 INFO  /sast-js/case/accuracy/path_sensitive/loop_conditional_stmt/solver/do_while_loop_solver_001_T.js
  AffectedNodeName: __taint_src
  11:  SOURCE:  function do_while_loop_solver_001_T(__taint_src) {
 /sast-js/case/accuracy/path_sensitive/loop_conditional_stmt/solver/do_while_loop_solver_001_T.js
  AffectedNodeName: result
  16:  Var Pass:     result = __taint_src;
 /sast-js/case/accuracy/path_sensitive/loop_conditional_stmt/solver/do_while_loop_solver_001_T.js
  AffectedNodeName: __taint_sink
  19:  SINK:    __taint_sink(result);
2026-04-16 16:32:56.889 INFO 
-------------  80 :  taint_flow_test ------------- 
2026-04-16 16:32:56.889 INFO Description: taint_flow_test，回归测试使用，不推荐外部使用
2026-04-16 16:32:56.889 INFO File: /sast-js/case/accuracy/path_sensitive/loop_conditional_stmt/solver/for_body_solver_002_F.js
2026-04-16 16:32:56.889 INFO Line 16: __taint_sink(res)
2026-04-16 16:32:56.889 INFO SINK RULE: __taint_sink
2026-04-16 16:32:56.889 INFO entrypoint: 
2026-04-16 16:32:56.889 INFO {
  filePath: '/sast-js/case/accuracy/path_sensitive/loop_conditional_stmt/solver/for_body_solver_002_F.js',
  functionName: 'for_body_solver_002_F',
  attribute: 'fullCallGraphMade',
  type: 'functionCall',
  packageName: undefined,
  funcReceiverType: ''
}
2026-04-16 16:32:56.889 INFO Trace: 
2026-04-16 16:32:56.889 INFO  /sast-js/case/accuracy/path_sensitive/loop_conditional_stmt/solver/for_body_solver_002_F.js
  AffectedNodeName: __taint_src
  11:  SOURCE:  function for_body_solver_002_F(__taint_src) {
 /sast-js/case/accuracy/path_sensitive/loop_conditional_stmt/solver/for_body_solver_002_F.js
  AffectedNodeName: res
  14:  Var Pass:     res = __taint_src;
 /sast-js/case/accuracy/path_sensitive/loop_conditional_stmt/solver/for_body_solver_002_F.js
  AffectedNodeName: __taint_sink
  16:  SINK:    __taint_sink(res);
2026-04-16 16:32:56.889 INFO 
-------------  81 :  taint_flow_test ------------- 
2026-04-16 16:32:56.889 INFO Description: taint_flow_test，回归测试使用，不推荐外部使用
2026-04-16 16:32:56.889 INFO File: /sast-js/case/accuracy/path_sensitive/loop_conditional_stmt/solver/ternary_expression_solver_001_T.js
2026-04-16 16:32:56.889 INFO Line 15: __taint_sink(result)
2026-04-16 16:32:56.889 INFO SINK RULE: __taint_sink
2026-04-16 16:32:56.889 INFO entrypoint: 
2026-04-16 16:32:56.889 INFO {
  filePath: '/sast-js/case/accuracy/path_sensitive/loop_conditional_stmt/solver/ternary_expression_solver_001_T.js',
  functionName: 'ternary_expression_solver_001_T',
  attribute: 'fullCallGraphMade',
  type: 'functionCall',
  packageName: undefined,
  funcReceiverType: ''
}
2026-04-16 16:32:56.889 INFO Trace: 
2026-04-16 16:32:56.889 INFO  /sast-js/case/accuracy/path_sensitive/loop_conditional_stmt/solver/ternary_expression_solver_001_T.js
  AffectedNodeName: __taint_src
  11:  SOURCE:  function ternary_expression_solver_001_T(__taint_src) {
 /sast-js/case/accuracy/path_sensitive/loop_conditional_stmt/solver/ternary_expression_solver_001_T.js
  AffectedNodeName: result
  14:  Var Pass:    const result = condition ? __taint_src : "safe_value";
 /sast-js/case/accuracy/path_sensitive/loop_conditional_stmt/solver/ternary_expression_solver_001_T.js
  AffectedNodeName: __taint_sink
  15:  SINK:    __taint_sink(result);
2026-04-16 16:32:56.889 INFO 
-------------  82 :  taint_flow_test ------------- 
2026-04-16 16:32:56.889 INFO Description: taint_flow_test，回归测试使用，不推荐外部使用
2026-04-16 16:32:56.889 INFO File: /sast-js/case/accuracy/path_sensitive/loop_conditional_stmt/solver/ternary_expression_solver_002_F.js
2026-04-16 16:32:56.889 INFO Line 15: __taint_sink(result)
2026-04-16 16:32:56.889 INFO SINK RULE: __taint_sink
2026-04-16 16:32:56.890 INFO entrypoint: 
2026-04-16 16:32:56.890 INFO {
  filePath: '/sast-js/case/accuracy/path_sensitive/loop_conditional_stmt/solver/ternary_expression_solver_002_F.js',
  functionName: 'ternary_expression_solver_002_F',
  attribute: 'fullCallGraphMade',
  type: 'functionCall',
  packageName: undefined,
  funcReceiverType: ''
}
2026-04-16 16:32:56.890 INFO Trace: 
2026-04-16 16:32:56.890 INFO  /sast-js/case/accuracy/path_sensitive/loop_conditional_stmt/solver/ternary_expression_solver_002_F.js
  AffectedNodeName: __taint_src
  11:  SOURCE:  function ternary_expression_solver_002_F(__taint_src) {
 /sast-js/case/accuracy/path_sensitive/loop_conditional_stmt/solver/ternary_expression_solver_002_F.js
  AffectedNodeName: result
  14:  Var Pass:    const result = condition ? __taint_src : "safe_value";
 /sast-js/case/accuracy/path_sensitive/loop_conditional_stmt/solver/ternary_expression_solver_002_F.js
  AffectedNodeName: __taint_sink
  15:  SINK:    __taint_sink(result);
2026-04-16 16:32:56.890 INFO 
-------------  83 :  taint_flow_test ------------- 
2026-04-16 16:32:56.890 INFO Description: taint_flow_test，回归测试使用，不推荐外部使用
2026-04-16 16:32:56.890 INFO File: /sast-js/case/accuracy/path_sensitive/loop_conditional_stmt/solver/while_body_solver_001_F.js
2026-04-16 16:32:56.890 INFO Line 18: __taint_sink(res)
2026-04-16 16:32:56.890 INFO SINK RULE: __taint_sink
2026-04-16 16:32:56.890 INFO entrypoint: 
2026-04-16 16:32:56.890 INFO {
  filePath: '/sast-js/case/accuracy/path_sensitive/loop_conditional_stmt/solver/while_body_solver_001_F.js',
  functionName: 'while_body_solver_001_F',
  attribute: 'fullCallGraphMade',
  type: 'functionCall',
  packageName: undefined,
  funcReceiverType: ''
}
2026-04-16 16:32:56.890 INFO Trace: 
2026-04-16 16:32:56.890 INFO  /sast-js/case/accuracy/path_sensitive/loop_conditional_stmt/solver/while_body_solver_001_F.js
  AffectedNodeName: __taint_src
  11:  SOURCE:  function while_body_solver_001_F(__taint_src) {
 /sast-js/case/accuracy/path_sensitive/loop_conditional_stmt/solver/while_body_solver_001_F.js
  AffectedNodeName: res
  15:  Var Pass:     res = __taint_src;
 /sast-js/case/accuracy/path_sensitive/loop_conditional_stmt/solver/while_body_solver_001_F.js
  AffectedNodeName: __taint_sink
  18:  SINK:    __taint_sink(res);
2026-04-16 16:32:56.890 INFO 
-------------  84 :  taint_flow_test ------------- 
2026-04-16 16:32:56.890 INFO Description: taint_flow_test，回归测试使用，不推荐外部使用
2026-04-16 16:32:56.890 INFO File: /sast-js/case/completeness/single_app_tracing/asynchronous_tracing/delayed_execution_async/asynchronous_promisify_001_T.js
2026-04-16 16:32:56.890 INFO Line 26: __taint_sink(data)
2026-04-16 16:32:56.890 INFO SINK RULE: __taint_sink
2026-04-16 16:32:56.890 INFO entrypoint: 
2026-04-16 16:32:56.890 INFO {
  filePath: '/sast-js/case/completeness/single_app_tracing/asynchronous_tracing/delayed_execution_async/asynchronous_promisify_001_T.js',
  functionName: 'asynchronous_promisify_001_T',
  attribute: 'fullCallGraphMade',
  type: 'functionCall',
  packageName: undefined,
  funcReceiverType: ''
}
2026-04-16 16:32:56.890 INFO Trace: 
2026-04-16 16:32:56.890 INFO  /sast-js/case/completeness/single_app_tracing/asynchronous_tracing/delayed_execution_async/asynchronous_promisify_001_T.js
  AffectedNodeName: __taint_src
  22:  SOURCE:  async function asynchronous_promisify_001_T(__taint_src) {
 /sast-js/case/completeness/single_app_tracing/asynchronous_tracing/delayed_execution_async/asynchronous_promisify_001_T.js
  AffectedNodeName: data
  25:  Var Pass:      let data = await readFileAsync(__taint_src);
 /sast-js/case/completeness/single_app_tracing/asynchronous_tracing/delayed_execution_async/asynchronous_promisify_001_T.js
  AffectedNodeName: __taint_sink
  26:  SINK:      __taint_sink(data);
2026-04-16 16:32:56.890 INFO 
-------------  85 :  taint_flow_test ------------- 
2026-04-16 16:32:56.890 INFO Description: taint_flow_test，回归测试使用，不推荐外部使用
2026-04-16 16:32:56.890 INFO File: /sast-js/case/completeness/single_app_tracing/asynchronous_tracing/promise_callback_await/async_await_001_T.js
2026-04-16 16:32:56.890 INFO Line 13: __taint_sink(data)
2026-04-16 16:32:56.890 INFO SINK RULE: __taint_sink
2026-04-16 16:32:56.890 INFO entrypoint: 
2026-04-16 16:32:56.890 INFO {
  filePath: '/sast-js/case/completeness/single_app_tracing/asynchronous_tracing/promise_callback_await/async_await_001_T.js',
  functionName: 'async_await_001_T',
  attribute: 'fullCallGraphMade',
  type: 'functionCall',
  packageName: undefined,
  funcReceiverType: ''
}
2026-04-16 16:32:56.890 INFO Trace: 
2026-04-16 16:32:56.890 INFO  /sast-js/case/completeness/single_app_tracing/asynchronous_tracing/promise_callback_await/async_await_001_T.js
  AffectedNodeName: __taint_src
  11:  SOURCE:  async function async_await_001_T(__taint_src) {
 /sast-js/case/completeness/single_app_tracing/asynchronous_tracing/promise_callback_await/async_await_001_T.js
  AffectedNodeName: resolve
  18:  CALL:          resolve(__taint_src);
 /sast-js/case/completeness/single_app_tracing/asynchronous_tracing/promise_callback_await/async_await_001_T.js
  AffectedNodeName: __taint_sink
  13:  SINK:    __taint_sink(data);
2026-04-16 16:32:56.890 INFO 
-------------  86 :  taint_flow_test ------------- 
2026-04-16 16:32:56.890 INFO Description: taint_flow_test，回归测试使用，不推荐外部使用
2026-04-16 16:32:56.890 INFO File: /sast-js/case/completeness/single_app_tracing/asynchronous_tracing/promise_callback_await/asynchronous_promise_001_T.js
2026-04-16 16:32:56.890 INFO Line 18: __taint_sink(result)
2026-04-16 16:32:56.890 INFO SINK RULE: __taint_sink
2026-04-16 16:32:56.890 INFO entrypoint: 
2026-04-16 16:32:56.890 INFO {
  filePath: '/sast-js/case/completeness/single_app_tracing/asynchronous_tracing/promise_callback_await/asynchronous_promise_001_T.js',
  functionName: 'asynchronous_promise_001_T',
  attribute: 'fullCallGraphMade',
  type: 'functionCall',
  packageName: undefined,
  funcReceiverType: ''
}
2026-04-16 16:32:56.890 INFO Trace: 
2026-04-16 16:32:56.890 INFO  /sast-js/case/completeness/single_app_tracing/asynchronous_tracing/promise_callback_await/asynchronous_promise_001_T.js
  AffectedNodeName: __taint_src
  11:  SOURCE:  function asynchronous_promise_001_T(__taint_src) {
 /sast-js/case/completeness/single_app_tracing/asynchronous_tracing/promise_callback_await/asynchronous_promise_001_T.js
  AffectedNodeName: resolve
  13:  CALL:      resolve(__taint_src);
 /sast-js/case/completeness/single_app_tracing/asynchronous_tracing/promise_callback_await/asynchronous_promise_001_T.js
  AffectedNodeName: <anonymousFunc_17_11_19_6>
  16:  CALL:    promise
  17:  CALL:      .then((result) => {
  18:  CALL:        __taint_sink(result);
  19:  CALL:      })
 /sast-js/case/completeness/single_app_tracing/asynchronous_tracing/promise_callback_await/asynchronous_promise_001_T.js
  AffectedNodeName: result
  17:  ARG PASS:      .then((result) => {
 /sast-js/case/completeness/single_app_tracing/asynchronous_tracing/promise_callback_await/asynchronous_promise_001_T.js
  AffectedNodeName: __taint_sink
  18:  SINK:        __taint_sink(result);
2026-04-16 16:32:56.891 INFO 
-------------  87 :  taint_flow_test ------------- 
2026-04-16 16:32:56.891 INFO Description: taint_flow_test，回归测试使用，不推荐外部使用
2026-04-16 16:32:56.891 INFO File: /sast-js/case/completeness/single_app_tracing/asynchronous_tracing/promise_callback_await/asynchronous_promise_003_T.js
2026-04-16 16:32:56.891 INFO Line 18: __taint_sink(value)
2026-04-16 16:32:56.891 INFO SINK RULE: __taint_sink
2026-04-16 16:32:56.891 INFO entrypoint: 
2026-04-16 16:32:56.891 INFO {
  filePath: '/sast-js/case/completeness/single_app_tracing/asynchronous_tracing/promise_callback_await/asynchronous_promise_003_T.js',
  functionName: 'asynchronous_promise_003_T',
  attribute: 'fullCallGraphMade',
  type: 'functionCall',
  packageName: undefined,
  funcReceiverType: ''
}
2026-04-16 16:32:56.891 INFO Trace: 
2026-04-16 16:32:56.891 INFO  /sast-js/case/completeness/single_app_tracing/asynchronous_tracing/promise_callback_await/asynchronous_promise_003_T.js
  AffectedNodeName: __taint_src
  11:  SOURCE:  function asynchronous_promise_003_T(__taint_src) {
 /sast-js/case/completeness/single_app_tracing/asynchronous_tracing/promise_callback_await/asynchronous_promise_003_T.js
  AffectedNodeName: asyncFunc
  18:  CALL:    asyncFunc(__taint_src).then((value) => __taint_sink(value));
 /sast-js/case/completeness/single_app_tracing/asynchronous_tracing/promise_callback_await/asynchronous_promise_003_T.js
  AffectedNodeName: value
  12:  ARG PASS:    function asyncFunc(value) {
 /sast-js/case/completeness/single_app_tracing/asynchronous_tracing/promise_callback_await/asynchronous_promise_003_T.js
  AffectedNodeName: resolve
  14:  CALL:        setTimeout(() => resolve(value), 10);
 /sast-js/case/completeness/single_app_tracing/asynchronous_tracing/promise_callback_await/asynchronous_promise_003_T.js
  AffectedNodeName: <anonymousFunc_18_31_18_61>
  18:  CALL:    asyncFunc(__taint_src).then((value) => __taint_sink(value));
 /sast-js/case/completeness/single_app_tracing/asynchronous_tracing/promise_callback_await/asynchronous_promise_003_T.js
  AffectedNodeName: value
  18:  ARG PASS:    asyncFunc(__taint_src).then((value) => __taint_sink(value));
 /sast-js/case/completeness/single_app_tracing/asynchronous_tracing/promise_callback_await/asynchronous_promise_003_T.js
  AffectedNodeName: __taint_sink
  18:  SINK:    asyncFunc(__taint_src).then((value) => __taint_sink(value));
2026-04-16 16:32:56.891 INFO 
-------------  88 :  taint_flow_test ------------- 
2026-04-16 16:32:56.891 INFO Description: taint_flow_test，回归测试使用，不推荐外部使用
2026-04-16 16:32:56.891 INFO File: /sast-js/case/completeness/single_app_tracing/asynchronous_tracing/promise_callback_await/asynchronous_promise_005_T.js
2026-04-16 16:32:56.891 INFO Line 18: __taint_sink(result)
2026-04-16 16:32:56.891 INFO SINK RULE: __taint_sink
2026-04-16 16:32:56.891 INFO entrypoint: 
2026-04-16 16:32:56.891 INFO {
  filePath: '/sast-js/case/completeness/single_app_tracing/asynchronous_tracing/promise_callback_await/asynchronous_promise_005_T.js',
  functionName: 'asynchronous_promise_005_T',
  attribute: 'fullCallGraphMade',
  type: 'functionCall',
  packageName: undefined,
  funcReceiverType: ''
}
2026-04-16 16:32:56.891 INFO Trace: 
2026-04-16 16:32:56.891 INFO  /sast-js/case/completeness/single_app_tracing/asynchronous_tracing/promise_callback_await/asynchronous_promise_005_T.js
  AffectedNodeName: __taint_src
  11:  SOURCE:  function asynchronous_promise_005_T(__taint_src) {
 /sast-js/case/completeness/single_app_tracing/asynchronous_tracing/promise_callback_await/asynchronous_promise_005_T.js
  AffectedNodeName: resolve
  13:  CALL:      resolve(__taint_src);
 /sast-js/case/completeness/single_app_tracing/asynchronous_tracing/promise_callback_await/asynchronous_promise_005_T.js
  AffectedNodeName: <anonymousFunc_17_11_19_6>
  16:  CALL:    promise
  17:  CALL:      .then((result) => {
  18:  CALL:        __taint_sink(result);
  19:  CALL:      })
 /sast-js/case/completeness/single_app_tracing/asynchronous_tracing/promise_callback_await/asynchronous_promise_005_T.js
  AffectedNodeName: result
  17:  ARG PASS:      .then((result) => {
 /sast-js/case/completeness/single_app_tracing/asynchronous_tracing/promise_callback_await/asynchronous_promise_005_T.js
  AffectedNodeName: __taint_sink
  18:  SINK:        __taint_sink(result);
2026-04-16 16:32:56.891 INFO 
-------------  89 :  taint_flow_test ------------- 
2026-04-16 16:32:56.891 INFO Description: taint_flow_test，回归测试使用，不推荐外部使用
2026-04-16 16:32:56.891 INFO File: /sast-js/case/completeness/single_app_tracing/asynchronous_tracing/promise_callback_await/asynchronous_promise_007_T.js
2026-04-16 16:32:56.891 INFO Line 24: __taint_sink(final)
2026-04-16 16:32:56.891 INFO SINK RULE: __taint_sink
2026-04-16 16:32:56.891 INFO entrypoint: 
2026-04-16 16:32:56.891 INFO {
  filePath: '/sast-js/case/completeness/single_app_tracing/asynchronous_tracing/promise_callback_await/asynchronous_promise_007_T.js',
  functionName: 'asynchronous_promise_007_T',
  attribute: 'fullCallGraphMade',
  type: 'functionCall',
  packageName: undefined,
  funcReceiverType: ''
}
2026-04-16 16:32:56.891 INFO Trace: 
2026-04-16 16:32:56.891 INFO  /sast-js/case/completeness/single_app_tracing/asynchronous_tracing/promise_callback_await/asynchronous_promise_007_T.js
  AffectedNodeName: __taint_src
  11:  SOURCE:  function asynchronous_promise_007_T(__taint_src) {
 /sast-js/case/completeness/single_app_tracing/asynchronous_tracing/promise_callback_await/asynchronous_promise_007_T.js
  AffectedNodeName: resolve
  13:  CALL:      resolve(__taint_src);
 /sast-js/case/completeness/single_app_tracing/asynchronous_tracing/promise_callback_await/asynchronous_promise_007_T.js
  AffectedNodeName: <anonymousFunc_17_11_19_6>
  16:  CALL:    promise
  17:  CALL:      .then((result) => {
  18:  CALL:        final = result;
  19:  CALL:      })
 /sast-js/case/completeness/single_app_tracing/asynchronous_tracing/promise_callback_await/asynchronous_promise_007_T.js
  AffectedNodeName: result
  17:  ARG PASS:      .then((result) => {
 /sast-js/case/completeness/single_app_tracing/asynchronous_tracing/promise_callback_await/asynchronous_promise_007_T.js
  AffectedNodeName: final
  18:  Var Pass:       final = result;
 /sast-js/case/completeness/single_app_tracing/asynchronous_tracing/promise_callback_await/asynchronous_promise_007_T.js
  AffectedNodeName: __taint_sink
  24:  SINK:        __taint_sink(final);
2026-04-16 16:32:56.891 INFO 
-------------  90 :  taint_flow_test ------------- 
2026-04-16 16:32:56.892 INFO Description: taint_flow_test，回归测试使用，不推荐外部使用
2026-04-16 16:32:56.892 INFO File: /sast-js/case/completeness/single_app_tracing/asynchronous_tracing/promise_callback_await/asynchronous_promise_009_T.js
2026-04-16 16:32:56.892 INFO Line 20: __taint_sink(result)
2026-04-16 16:32:56.892 INFO SINK RULE: __taint_sink
2026-04-16 16:32:56.892 INFO entrypoint: 
2026-04-16 16:32:56.892 INFO {
  filePath: '/sast-js/case/completeness/single_app_tracing/asynchronous_tracing/promise_callback_await/asynchronous_promise_009_T.js',
  functionName: 'asynchronous_promise_009_T',
  attribute: 'fullCallGraphMade',
  type: 'functionCall',
  packageName: undefined,
  funcReceiverType: ''
}
2026-04-16 16:32:56.892 INFO Trace: 
2026-04-16 16:32:56.892 INFO  /sast-js/case/completeness/single_app_tracing/asynchronous_tracing/promise_callback_await/asynchronous_promise_009_T.js
  AffectedNodeName: __taint_src
  11:  SOURCE:  function asynchronous_promise_009_T(__taint_src) {
 /sast-js/case/completeness/single_app_tracing/asynchronous_tracing/promise_callback_await/asynchronous_promise_009_T.js
  AffectedNodeName: resolve
  13:  CALL:      resolve(__taint_src);
 /sast-js/case/completeness/single_app_tracing/asynchronous_tracing/promise_callback_await/asynchronous_promise_009_T.js
  AffectedNodeName: <anonymousFunc_17_11_17_36>
  16:  CALL:    promise
  17:  CALL:      .then((result) => result + "_1")
 /sast-js/case/completeness/single_app_tracing/asynchronous_tracing/promise_callback_await/asynchronous_promise_009_T.js
  AffectedNodeName: result
  17:  ARG PASS:      .then((result) => result + "_1")
 /sast-js/case/completeness/single_app_tracing/asynchronous_tracing/promise_callback_await/asynchronous_promise_009_T.js
  AffectedNodeName: [return value]
  17:  Return Value:      .then((result) => result + "_1")
 /sast-js/case/completeness/single_app_tracing/asynchronous_tracing/promise_callback_await/asynchronous_promise_009_T.js
  AffectedNodeName: <anonymousFunc_17_11_17_36>
  16:  CALL RETURN:   promise
  17:  CALL RETURN:     .then((result) => result + "_1")
 /sast-js/case/completeness/single_app_tracing/asynchronous_tracing/promise_callback_await/asynchronous_promise_009_T.js
  AffectedNodeName: <anonymousFunc_18_11_18_36>
  16:  CALL:    promise
  17:  CALL:      .then((result) => result + "_1")
  18:  CALL:      .then((result) => result + "_2")
 /sast-js/case/completeness/single_app_tracing/asynchronous_tracing/promise_callback_await/asynchronous_promise_009_T.js
  AffectedNodeName: result
  18:  ARG PASS:      .then((result) => result + "_2")
 /sast-js/case/completeness/single_app_tracing/asynchronous_tracing/promise_callback_await/asynchronous_promise_009_T.js
  AffectedNodeName: [return value]
  18:  Return Value:      .then((result) => result + "_2")
 /sast-js/case/completeness/single_app_tracing/asynchronous_tracing/promise_callback_await/asynchronous_promise_009_T.js
  AffectedNodeName: <anonymousFunc_18_11_18_36>
  16:  CALL RETURN:   promise
  17:  CALL RETURN:     .then((result) => result + "_1")
  18:  CALL RETURN:     .then((result) => result + "_2")
 /sast-js/case/completeness/single_app_tracing/asynchronous_tracing/promise_callback_await/asynchronous_promise_009_T.js
  AffectedNodeName: <anonymousFunc_19_11_21_6>
  16:  CALL:    promise
  17:  CALL:      .then((result) => result + "_1")
  18:  CALL:      .then((result) => result + "_2")
  19:  CALL:      .then((result) => {
  20:  CALL:        __taint_sink(result);
  21:  CALL:      });
 /sast-js/case/completeness/single_app_tracing/asynchronous_tracing/promise_callback_await/asynchronous_promise_009_T.js
  AffectedNodeName: result
  19:  ARG PASS:      .then((result) => {
 /sast-js/case/completeness/single_app_tracing/asynchronous_tracing/promise_callback_await/asynchronous_promise_009_T.js
  AffectedNodeName: __taint_sink
  20:  SINK:        __taint_sink(result);
2026-04-16 16:32:56.892 INFO 
-------------  91 :  taint_flow_test ------------- 
2026-04-16 16:32:56.892 INFO Description: taint_flow_test，回归测试使用，不推荐外部使用
2026-04-16 16:32:56.892 INFO File: /sast-js/case/completeness/single_app_tracing/asynchronous_tracing/promise_callback_await/asynchronous_promise_011_T.js
2026-04-16 16:32:56.892 INFO Line 19: __taint_sink(error)
2026-04-16 16:32:56.892 INFO SINK RULE: __taint_sink
2026-04-16 16:32:56.892 INFO entrypoint: 
2026-04-16 16:32:56.892 INFO {
  filePath: '/sast-js/case/completeness/single_app_tracing/asynchronous_tracing/promise_callback_await/asynchronous_promise_011_T.js',
  functionName: 'asynchronous_promise_011_T',
  attribute: 'fullCallGraphMade',
  type: 'functionCall',
  packageName: undefined,
  funcReceiverType: ''
}
2026-04-16 16:32:56.892 INFO Trace: 
2026-04-16 16:32:56.892 INFO  /sast-js/case/completeness/single_app_tracing/asynchronous_tracing/promise_callback_await/asynchronous_promise_011_T.js
  AffectedNodeName: __taint_src
  11:  SOURCE:  function asynchronous_promise_011_T(__taint_src) {
 /sast-js/case/completeness/single_app_tracing/asynchronous_tracing/promise_callback_await/asynchronous_promise_011_T.js
  AffectedNodeName: reject
  13:  CALL:      reject(__taint_src);
 /sast-js/case/completeness/single_app_tracing/asynchronous_tracing/promise_callback_await/asynchronous_promise_011_T.js
  AffectedNodeName: <anonymousFunc_18_12_20_6>
  16:  CALL:    promise
  17:  CALL:      .then((result) => {})
  18:  CALL:      .catch((error) => {
  19:  CALL:        __taint_sink(error);
  20:  CALL:      });
 /sast-js/case/completeness/single_app_tracing/asynchronous_tracing/promise_callback_await/asynchronous_promise_011_T.js
  AffectedNodeName: error
  18:  ARG PASS:      .catch((error) => {
 /sast-js/case/completeness/single_app_tracing/asynchronous_tracing/promise_callback_await/asynchronous_promise_011_T.js
  AffectedNodeName: __taint_sink
  19:  SINK:        __taint_sink(error);
2026-04-16 16:32:56.892 INFO 
-------------  92 :  taint_flow_test ------------- 
2026-04-16 16:32:56.892 INFO Description: taint_flow_test，回归测试使用，不推荐外部使用
2026-04-16 16:32:56.892 INFO File: /sast-js/case/completeness/single_app_tracing/control_flow/conditional_stmt/conditional_if_001_T.js
2026-04-16 16:32:56.892 INFO Line 13: __taint_sink(__taint_src)
2026-04-16 16:32:56.892 INFO SINK RULE: __taint_sink
2026-04-16 16:32:56.892 INFO entrypoint: 
2026-04-16 16:32:56.892 INFO {
  filePath: '/sast-js/case/completeness/single_app_tracing/control_flow/conditional_stmt/conditional_if_001_T.js',
  functionName: 'conditional_if_001_T',
  attribute: 'fullCallGraphMade',
  type: 'functionCall',
  packageName: undefined,
  funcReceiverType: ''
}
2026-04-16 16:32:56.892 INFO Trace: 
2026-04-16 16:32:56.892 INFO  /sast-js/case/completeness/single_app_tracing/control_flow/conditional_stmt/conditional_if_001_T.js
  AffectedNodeName: __taint_src
  11:  SOURCE:  function conditional_if_001_T(__taint_src) {
 /sast-js/case/completeness/single_app_tracing/control_flow/conditional_stmt/conditional_if_001_T.js
  AffectedNodeName: __taint_sink
  13:  SINK:      __taint_sink(__taint_src);
2026-04-16 16:32:56.892 INFO 
-------------  93 :  taint_flow_test ------------- 
2026-04-16 16:32:56.892 INFO Description: taint_flow_test，回归测试使用，不推荐外部使用
2026-04-16 16:32:56.892 INFO File: /sast-js/case/completeness/single_app_tracing/control_flow/conditional_stmt/conditional_if_003_T.js
2026-04-16 16:32:56.892 INFO Line 14: __taint_sink(__taint_src)
2026-04-16 16:32:56.892 INFO SINK RULE: __taint_sink
2026-04-16 16:32:56.892 INFO entrypoint: 
2026-04-16 16:32:56.892 INFO {
  filePath: '/sast-js/case/completeness/single_app_tracing/control_flow/conditional_stmt/conditional_if_003_T.js',
  functionName: 'conditional_if_003_T',
  attribute: 'fullCallGraphMade',
  type: 'functionCall',
  packageName: undefined,
  funcReceiverType: ''
}
2026-04-16 16:32:56.892 INFO Trace: 
2026-04-16 16:32:56.892 INFO  /sast-js/case/completeness/single_app_tracing/control_flow/conditional_stmt/conditional_if_003_T.js
  AffectedNodeName: __taint_src
  11:  SOURCE:  function conditional_if_003_T(__taint_src) {
 /sast-js/case/completeness/single_app_tracing/control_flow/conditional_stmt/conditional_if_003_T.js
  AffectedNodeName: __taint_sink
  14:  SINK:      __taint_sink(__taint_src);
2026-04-16 16:32:56.892 INFO 
-------------  94 :  taint_flow_test ------------- 
2026-04-16 16:32:56.892 INFO Description: taint_flow_test，回归测试使用，不推荐外部使用
2026-04-16 16:32:56.892 INFO File: /sast-js/case/completeness/single_app_tracing/control_flow/conditional_stmt/conditional_if_005_T.js
2026-04-16 16:32:56.892 INFO Line 14: __taint_sink(__taint_src)
2026-04-16 16:32:56.892 INFO SINK RULE: __taint_sink
2026-04-16 16:32:56.892 INFO entrypoint: 
2026-04-16 16:32:56.893 INFO {
  filePath: '/sast-js/case/completeness/single_app_tracing/control_flow/conditional_stmt/conditional_if_005_T.js',
  functionName: 'conditional_if_005_T',
  attribute: 'fullCallGraphMade',
  type: 'functionCall',
  packageName: undefined,
  funcReceiverType: ''
}
2026-04-16 16:32:56.893 INFO Trace: 
2026-04-16 16:32:56.893 INFO  /sast-js/case/completeness/single_app_tracing/control_flow/conditional_stmt/conditional_if_005_T.js
  AffectedNodeName: __taint_src
  11:  SOURCE:  function conditional_if_005_T(__taint_src) {
 /sast-js/case/completeness/single_app_tracing/control_flow/conditional_stmt/conditional_if_005_T.js
  AffectedNodeName: __taint_sink
  14:  SINK:      __taint_sink(__taint_src);
2026-04-16 16:32:56.893 INFO 
-------------  95 :  taint_flow_test ------------- 
2026-04-16 16:32:56.893 INFO Description: taint_flow_test，回归测试使用，不推荐外部使用
2026-04-16 16:32:56.893 INFO File: /sast-js/case/completeness/single_app_tracing/control_flow/conditional_stmt/conditional_switch_001_T.js
2026-04-16 16:32:56.893 INFO Line 14: __taint_sink(__taint_src)
2026-04-16 16:32:56.893 INFO SINK RULE: __taint_sink
2026-04-16 16:32:56.893 INFO entrypoint: 
2026-04-16 16:32:56.893 INFO {
  filePath: '/sast-js/case/completeness/single_app_tracing/control_flow/conditional_stmt/conditional_switch_001_T.js',
  functionName: 'conditional_switch_001_T',
  attribute: 'fullCallGraphMade',
  type: 'functionCall',
  packageName: undefined,
  funcReceiverType: ''
}
2026-04-16 16:32:56.893 INFO Trace: 
2026-04-16 16:32:56.893 INFO  /sast-js/case/completeness/single_app_tracing/control_flow/conditional_stmt/conditional_switch_001_T.js
  AffectedNodeName: __taint_src
  11:  SOURCE:  function conditional_switch_001_T(__taint_src) {
 /sast-js/case/completeness/single_app_tracing/control_flow/conditional_stmt/conditional_switch_001_T.js
  AffectedNodeName: __taint_sink
  14:  SINK:        __taint_sink(__taint_src);
2026-04-16 16:32:56.893 INFO 
-------------  96 :  taint_flow_test ------------- 
2026-04-16 16:32:56.893 INFO Description: taint_flow_test，回归测试使用，不推荐外部使用
2026-04-16 16:32:56.893 INFO File: /sast-js/case/completeness/single_app_tracing/control_flow/loop_stmt/dowhile_body_001_T.js
2026-04-16 16:32:56.893 INFO Line 15: __taint_sink(res)
2026-04-16 16:32:56.893 INFO SINK RULE: __taint_sink
2026-04-16 16:32:56.893 INFO entrypoint: 
2026-04-16 16:32:56.893 INFO {
  filePath: '/sast-js/case/completeness/single_app_tracing/control_flow/loop_stmt/dowhile_body_001_T.js',
  functionName: 'dowhile_body_001_T',
  attribute: 'fullCallGraphMade',
  type: 'functionCall',
  packageName: undefined,
  funcReceiverType: ''
}
2026-04-16 16:32:56.893 INFO Trace: 
2026-04-16 16:32:56.893 INFO  /sast-js/case/completeness/single_app_tracing/control_flow/loop_stmt/dowhile_body_001_T.js
  AffectedNodeName: __taint_src
  11:  SOURCE:  function dowhile_body_001_T(__taint_src) {
 /sast-js/case/completeness/single_app_tracing/control_flow/loop_stmt/dowhile_body_001_T.js
  AffectedNodeName: res
  14:  Var Pass:     res = res + __taint_src;
 /sast-js/case/completeness/single_app_tracing/control_flow/loop_stmt/dowhile_body_001_T.js
  AffectedNodeName: __taint_sink
  15:  SINK:    } while (__taint_sink(res));
2026-04-16 16:32:56.893 INFO 
-------------  97 :  taint_flow_test ------------- 
2026-04-16 16:32:56.893 INFO Description: taint_flow_test，回归测试使用，不推荐外部使用
2026-04-16 16:32:56.893 INFO File: /sast-js/case/completeness/single_app_tracing/control_flow/loop_stmt/every_001_T.js
2026-04-16 16:32:56.893 INFO Line 14: __taint_sink(item)
2026-04-16 16:32:56.893 INFO SINK RULE: __taint_sink
2026-04-16 16:32:56.893 INFO entrypoint: 
2026-04-16 16:32:56.893 INFO {
  filePath: '/sast-js/case/completeness/single_app_tracing/control_flow/loop_stmt/every_001_T.js',
  functionName: 'every_001_T',
  attribute: 'fullCallGraphMade',
  type: 'functionCall',
  packageName: undefined,
  funcReceiverType: ''
}
2026-04-16 16:32:56.893 INFO Trace: 
2026-04-16 16:32:56.893 INFO  /sast-js/case/completeness/single_app_tracing/control_flow/loop_stmt/every_001_T.js
  AffectedNodeName: __taint_src
  11:  SOURCE:  function every_001_T(__taint_src) {
 /sast-js/case/completeness/single_app_tracing/control_flow/loop_stmt/every_001_T.js
  AffectedNodeName: arr
  12:  Var Pass:    let arr = ["a", "b", __taint_src];
 /sast-js/case/completeness/single_app_tracing/control_flow/loop_stmt/every_001_T.js
  AffectedNodeName: <anonymousFunc_13_13_15_4>
  13:  CALL:    arr.every(function (item) {
  14:  CALL:      __taint_sink(item);
  15:  CALL:    });
 /sast-js/case/completeness/single_app_tracing/control_flow/loop_stmt/every_001_T.js
  AffectedNodeName: item
  13:  ARG PASS:    arr.every(function (item) {
 /sast-js/case/completeness/single_app_tracing/control_flow/loop_stmt/every_001_T.js
  AffectedNodeName: __taint_sink
  14:  SINK:      __taint_sink(item);
2026-04-16 16:32:56.893 INFO 
-------------  98 :  taint_flow_test ------------- 
2026-04-16 16:32:56.893 INFO Description: taint_flow_test，回归测试使用，不推荐外部使用
2026-04-16 16:32:56.893 INFO File: /sast-js/case/completeness/single_app_tracing/control_flow/loop_stmt/filter_001_T.js
2026-04-16 16:32:56.893 INFO Line 15: __taint_sink(result)
2026-04-16 16:32:56.893 INFO SINK RULE: __taint_sink
2026-04-16 16:32:56.893 INFO entrypoint: 
2026-04-16 16:32:56.893 INFO {
  filePath: '/sast-js/case/completeness/single_app_tracing/control_flow/loop_stmt/filter_001_T.js',
  functionName: 'filter_001_T',
  attribute: 'fullCallGraphMade',
  type: 'functionCall',
  packageName: undefined,
  funcReceiverType: ''
}
2026-04-16 16:32:56.894 INFO Trace: 
2026-04-16 16:32:56.894 INFO  /sast-js/case/completeness/single_app_tracing/control_flow/loop_stmt/filter_001_T.js
  AffectedNodeName: __taint_src
  11:  SOURCE:  function filter_001_T(__taint_src) {
 /sast-js/case/completeness/single_app_tracing/control_flow/loop_stmt/filter_001_T.js
  AffectedNodeName: arr
  12:  Var Pass:    let arr = ["safe_value", __taint_src];
 /sast-js/case/completeness/single_app_tracing/control_flow/loop_stmt/filter_001_T.js
  AffectedNodeName: result
  14:  Var Pass:    let result = arr.filter((item) => item === __taint_src);
 /sast-js/case/completeness/single_app_tracing/control_flow/loop_stmt/filter_001_T.js
  AffectedNodeName: __taint_sink
  15:  SINK:    __taint_sink(result);
2026-04-16 16:32:56.894 INFO 
-------------  99 :  taint_flow_test ------------- 
2026-04-16 16:32:56.895 INFO Description: taint_flow_test，回归测试使用，不推荐外部使用
2026-04-16 16:32:56.895 INFO File: /sast-js/case/completeness/single_app_tracing/control_flow/loop_stmt/filter_002_F.js
2026-04-16 16:32:56.895 INFO Line 15: __taint_sink(result)
2026-04-16 16:32:56.895 INFO SINK RULE: __taint_sink
2026-04-16 16:32:56.895 INFO entrypoint: 
2026-04-16 16:32:56.895 INFO {
  filePath: '/sast-js/case/completeness/single_app_tracing/control_flow/loop_stmt/filter_002_F.js',
  functionName: 'filter_002_F',
  attribute: 'fullCallGraphMade',
  type: 'functionCall',
  packageName: undefined,
  funcReceiverType: ''
}
2026-04-16 16:32:56.895 INFO Trace: 
2026-04-16 16:32:56.895 INFO  /sast-js/case/completeness/single_app_tracing/control_flow/loop_stmt/filter_002_F.js
  AffectedNodeName: __taint_src
  11:  SOURCE:  function filter_002_F(__taint_src) {
 /sast-js/case/completeness/single_app_tracing/control_flow/loop_stmt/filter_002_F.js
  AffectedNodeName: arr
  12:  Var Pass:    let arr = ["safe_value", __taint_src];
 /sast-js/case/completeness/single_app_tracing/control_flow/loop_stmt/filter_002_F.js
  AffectedNodeName: result
  14:  Var Pass:    let result = arr.filter((item) => item === "safe_value");
 /sast-js/case/completeness/single_app_tracing/control_flow/loop_stmt/filter_002_F.js
  AffectedNodeName: __taint_sink
  15:  SINK:    __taint_sink(result);
2026-04-16 16:32:56.895 INFO 
-------------  100 :  taint_flow_test ------------- 
2026-04-16 16:32:56.895 INFO Description: taint_flow_test，回归测试使用，不推荐外部使用
2026-04-16 16:32:56.895 INFO File: /sast-js/case/completeness/single_app_tracing/control_flow/loop_stmt/find_001_T.js
2026-04-16 16:32:56.895 INFO Line 15: __taint_sink(result)
2026-04-16 16:32:56.895 INFO SINK RULE: __taint_sink
2026-04-16 16:32:56.895 INFO entrypoint: 
2026-04-16 16:32:56.895 INFO {
  filePath: '/sast-js/case/completeness/single_app_tracing/control_flow/loop_stmt/find_001_T.js',
  functionName: 'find_001_T',
  attribute: 'fullCallGraphMade',
  type: 'functionCall',
  packageName: undefined,
  funcReceiverType: ''
}
2026-04-16 16:32:56.896 INFO Trace: 
2026-04-16 16:32:56.896 INFO  /sast-js/case/completeness/single_app_tracing/control_flow/loop_stmt/find_001_T.js
  AffectedNodeName: __taint_src
  11:  SOURCE:  function find_001_T(__taint_src) {
 /sast-js/case/completeness/single_app_tracing/control_flow/loop_stmt/find_001_T.js
  AffectedNodeName: arr
  12:  Var Pass:    let arr = ["safe_value", __taint_src];
 /sast-js/case/completeness/single_app_tracing/control_flow/loop_stmt/find_001_T.js
  AffectedNodeName: result
  14:  Var Pass:    let result = arr.find((item) => item === __taint_src);
 /sast-js/case/completeness/single_app_tracing/control_flow/loop_stmt/find_001_T.js
  AffectedNodeName: __taint_sink
  15:  SINK:    __taint_sink(result);
2026-04-16 16:32:56.896 INFO 
-------------  101 :  taint_flow_test ------------- 
2026-04-16 16:32:56.896 INFO Description: taint_flow_test，回归测试使用，不推荐外部使用
2026-04-16 16:32:56.896 INFO File: /sast-js/case/completeness/single_app_tracing/control_flow/loop_stmt/find_002_F.js
2026-04-16 16:32:56.896 INFO Line 15: __taint_sink(result)
2026-04-16 16:32:56.896 INFO SINK RULE: __taint_sink
2026-04-16 16:32:56.896 INFO entrypoint: 
2026-04-16 16:32:56.896 INFO {
  filePath: '/sast-js/case/completeness/single_app_tracing/control_flow/loop_stmt/find_002_F.js',
  functionName: 'find_002_F',
  attribute: 'fullCallGraphMade',
  type: 'functionCall',
  packageName: undefined,
  funcReceiverType: ''
}
2026-04-16 16:32:56.896 INFO Trace: 
2026-04-16 16:32:56.896 INFO  /sast-js/case/completeness/single_app_tracing/control_flow/loop_stmt/find_002_F.js
  AffectedNodeName: __taint_src
  11:  SOURCE:  function find_002_F(__taint_src) {
 /sast-js/case/completeness/single_app_tracing/control_flow/loop_stmt/find_002_F.js
  AffectedNodeName: arr
  12:  Var Pass:    let arr = ["safe_value", __taint_src];
 /sast-js/case/completeness/single_app_tracing/control_flow/loop_stmt/find_002_F.js
  AffectedNodeName: result
  14:  Var Pass:    let result = arr.find((item) => item === "safe_value");
 /sast-js/case/completeness/single_app_tracing/control_flow/loop_stmt/find_002_F.js
  AffectedNodeName: __taint_sink
  15:  SINK:    __taint_sink(result);
2026-04-16 16:32:56.896 INFO 
-------------  102 :  taint_flow_test ------------- 
2026-04-16 16:32:56.896 INFO Description: taint_flow_test，回归测试使用，不推荐外部使用
2026-04-16 16:32:56.896 INFO File: /sast-js/case/completeness/single_app_tracing/control_flow/loop_stmt/find_index_001_T.js
2026-04-16 16:32:56.896 INFO Line 15: __taint_sink(arr.result)
2026-04-16 16:32:56.896 INFO SINK RULE: __taint_sink
2026-04-16 16:32:56.896 INFO entrypoint: 
2026-04-16 16:32:56.896 INFO {
  filePath: '/sast-js/case/completeness/single_app_tracing/control_flow/loop_stmt/find_index_001_T.js',
  functionName: 'find_index_001_T',
  attribute: 'fullCallGraphMade',
  type: 'functionCall',
  packageName: undefined,
  funcReceiverType: ''
}
2026-04-16 16:32:56.896 INFO Trace: 
2026-04-16 16:32:56.896 INFO  /sast-js/case/completeness/single_app_tracing/control_flow/loop_stmt/find_index_001_T.js
  AffectedNodeName: __taint_src
  11:  SOURCE:  function find_index_001_T(__taint_src) {
 /sast-js/case/completeness/single_app_tracing/control_flow/loop_stmt/find_index_001_T.js
  AffectedNodeName: arr
  12:  Var Pass:    let arr = ["safe_value", __taint_src];
 /sast-js/case/completeness/single_app_tracing/control_flow/loop_stmt/find_index_001_T.js
  AffectedNodeName: result
  14:  Var Pass:    let result = arr.findIndex((item) => item === __taint_src);
 /sast-js/case/completeness/single_app_tracing/control_flow/loop_stmt/find_index_001_T.js
  AffectedNodeName: __taint_sink
  15:  SINK:    __taint_sink(arr[result]);
2026-04-16 16:32:56.896 INFO 
-------------  103 :  taint_flow_test ------------- 
2026-04-16 16:32:56.896 INFO Description: taint_flow_test，回归测试使用，不推荐外部使用
2026-04-16 16:32:56.896 INFO File: /sast-js/case/completeness/single_app_tracing/control_flow/loop_stmt/find_index_002_F.js
2026-04-16 16:32:56.896 INFO Line 15: __taint_sink(arr.result)
2026-04-16 16:32:56.896 INFO SINK RULE: __taint_sink
2026-04-16 16:32:56.896 INFO entrypoint: 
2026-04-16 16:32:56.896 INFO {
  filePath: '/sast-js/case/completeness/single_app_tracing/control_flow/loop_stmt/find_index_002_F.js',
  functionName: 'find_index_002_F',
  attribute: 'fullCallGraphMade',
  type: 'functionCall',
  packageName: undefined,
  funcReceiverType: ''
}
2026-04-16 16:32:56.896 INFO Trace: 
2026-04-16 16:32:56.896 INFO  /sast-js/case/completeness/single_app_tracing/control_flow/loop_stmt/find_index_002_F.js
  AffectedNodeName: __taint_src
  11:  SOURCE:  function find_index_002_F(__taint_src) {
 /sast-js/case/completeness/single_app_tracing/control_flow/loop_stmt/find_index_002_F.js
  AffectedNodeName: arr
  12:  Var Pass:    let arr = ["safe_value", __taint_src];
 /sast-js/case/completeness/single_app_tracing/control_flow/loop_stmt/find_index_002_F.js
  AffectedNodeName: result
  14:  Var Pass:    let result = arr.findIndex((item) => item === "safe_value");
 /sast-js/case/completeness/single_app_tracing/control_flow/loop_stmt/find_index_002_F.js
  AffectedNodeName: __taint_sink
  15:  SINK:    __taint_sink(arr[result]);
2026-04-16 16:32:56.896 INFO 
-------------  104 :  taint_flow_test ------------- 
2026-04-16 16:32:56.896 INFO Description: taint_flow_test，回归测试使用，不推荐外部使用
2026-04-16 16:32:56.897 INFO File: /sast-js/case/completeness/single_app_tracing/control_flow/loop_stmt/for_body_001_T.js
2026-04-16 16:32:56.897 INFO Line 17: __taint_sink(res)
2026-04-16 16:32:56.897 INFO SINK RULE: __taint_sink
2026-04-16 16:32:56.897 INFO entrypoint: 
2026-04-16 16:32:56.897 INFO {
  filePath: '/sast-js/case/completeness/single_app_tracing/control_flow/loop_stmt/for_body_001_T.js',
  functionName: 'for_body_001_T',
  attribute: 'fullCallGraphMade',
  type: 'functionCall',
  packageName: undefined,
  funcReceiverType: ''
}
2026-04-16 16:32:56.897 INFO Trace: 
2026-04-16 16:32:56.897 INFO  /sast-js/case/completeness/single_app_tracing/control_flow/loop_stmt/for_body_001_T.js
  AffectedNodeName: __taint_src
  11:  SOURCE:  function for_body_001_T(__taint_src) {
 /sast-js/case/completeness/single_app_tracing/control_flow/loop_stmt/for_body_001_T.js
  AffectedNodeName: res
  15:  Var Pass:     res = __taint_src;
 /sast-js/case/completeness/single_app_tracing/control_flow/loop_stmt/for_body_001_T.js
  AffectedNodeName: __taint_sink
  17:  SINK:    __taint_sink(res);
2026-04-16 16:32:56.897 INFO 
-------------  105 :  taint_flow_test ------------- 
2026-04-16 16:32:56.897 INFO Description: taint_flow_test，回归测试使用，不推荐外部使用
2026-04-16 16:32:56.897 INFO File: /sast-js/case/completeness/single_app_tracing/control_flow/loop_stmt/for_init_001_T.js
2026-04-16 16:32:56.897 INFO Line 18: __taint_sink(res)
2026-04-16 16:32:56.897 INFO SINK RULE: __taint_sink
2026-04-16 16:32:56.897 INFO entrypoint: 
2026-04-16 16:32:56.897 INFO {
  filePath: '/sast-js/case/completeness/single_app_tracing/control_flow/loop_stmt/for_init_001_T.js',
  functionName: 'for_init_001_T',
  attribute: 'fullCallGraphMade',
  type: 'functionCall',
  packageName: undefined,
  funcReceiverType: ''
}
2026-04-16 16:32:56.897 INFO Trace: 
2026-04-16 16:32:56.897 INFO  /sast-js/case/completeness/single_app_tracing/control_flow/loop_stmt/for_init_001_T.js
  AffectedNodeName: __taint_src
  11:  SOURCE:  function for_init_001_T(__taint_src) {
 /sast-js/case/completeness/single_app_tracing/control_flow/loop_stmt/for_init_001_T.js
  AffectedNodeName: ini
  15:  Var Pass:   for (ini = __taint_src; j < 10; j++) {
 /sast-js/case/completeness/single_app_tracing/control_flow/loop_stmt/for_init_001_T.js
  AffectedNodeName: res
  16:  Var Pass:     res = res + ini;
 /sast-js/case/completeness/single_app_tracing/control_flow/loop_stmt/for_init_001_T.js
  AffectedNodeName: __taint_sink
  18:  SINK:    __taint_sink(res);
2026-04-16 16:32:56.897 INFO 
-------------  106 :  taint_flow_test ------------- 
2026-04-16 16:32:56.897 INFO Description: taint_flow_test，回归测试使用，不推荐外部使用
2026-04-16 16:32:56.897 INFO File: /sast-js/case/completeness/single_app_tracing/control_flow/loop_stmt/for_update_001_T.js
2026-04-16 16:32:56.897 INFO Line 19: __taint_sink(res)
2026-04-16 16:32:56.897 INFO SINK RULE: __taint_sink
2026-04-16 16:32:56.897 INFO entrypoint: 
2026-04-16 16:32:56.897 INFO {
  filePath: '/sast-js/case/completeness/single_app_tracing/control_flow/loop_stmt/for_update_001_T.js',
  functionName: 'for_update_001_T',
  attribute: 'fullCallGraphMade',
  type: 'functionCall',
  packageName: undefined,
  funcReceiverType: ''
}
2026-04-16 16:32:56.897 INFO Trace: 
2026-04-16 16:32:56.897 INFO  /sast-js/case/completeness/single_app_tracing/control_flow/loop_stmt/for_update_001_T.js
  AffectedNodeName: __taint_src
  11:  SOURCE:  function for_update_001_T(__taint_src) {
 /sast-js/case/completeness/single_app_tracing/control_flow/loop_stmt/for_update_001_T.js
  AffectedNodeName: j
  15:  Var Pass:   for (; ini < 2; j = __taint_src) {
 /sast-js/case/completeness/single_app_tracing/control_flow/loop_stmt/for_update_001_T.js
  AffectedNodeName: res
  16:  Var Pass:     res = j;
 /sast-js/case/completeness/single_app_tracing/control_flow/loop_stmt/for_update_001_T.js
  AffectedNodeName: __taint_sink
  19:  SINK:    __taint_sink(res);
2026-04-16 16:32:56.897 INFO 
-------------  107 :  taint_flow_test ------------- 
2026-04-16 16:32:56.897 INFO Description: taint_flow_test，回归测试使用，不推荐外部使用
2026-04-16 16:32:56.897 INFO File: /sast-js/case/completeness/single_app_tracing/control_flow/loop_stmt/foreach_001_T.js
2026-04-16 16:32:56.897 INFO Line 15: __taint_sink(item)
2026-04-16 16:32:56.897 INFO SINK RULE: __taint_sink
2026-04-16 16:32:56.897 INFO entrypoint: 
2026-04-16 16:32:56.897 INFO {
  filePath: '/sast-js/case/completeness/single_app_tracing/control_flow/loop_stmt/foreach_001_T.js',
  functionName: 'foreach_001_T',
  attribute: 'fullCallGraphMade',
  type: 'functionCall',
  packageName: undefined,
  funcReceiverType: ''
}
2026-04-16 16:32:56.897 INFO Trace: 
2026-04-16 16:32:56.897 INFO  /sast-js/case/completeness/single_app_tracing/control_flow/loop_stmt/foreach_001_T.js
  AffectedNodeName: __taint_src
  11:  SOURCE:  function foreach_001_T(__taint_src) {
 /sast-js/case/completeness/single_app_tracing/control_flow/loop_stmt/foreach_001_T.js
  AffectedNodeName: arr
  12:  Var Pass:    let arr = ["a", "b", __taint_src];
 /sast-js/case/completeness/single_app_tracing/control_flow/loop_stmt/foreach_001_T.js
  AffectedNodeName: <anonymousFunc_14_15_16_4>
  14:  CALL:    arr.forEach(function (item) {
  15:  CALL:      __taint_sink(item);
  16:  CALL:    });
 /sast-js/case/completeness/single_app_tracing/control_flow/loop_stmt/foreach_001_T.js
  AffectedNodeName: item
  14:  ARG PASS:    arr.forEach(function (item) {
 /sast-js/case/completeness/single_app_tracing/control_flow/loop_stmt/foreach_001_T.js
  AffectedNodeName: __taint_sink
  15:  SINK:      __taint_sink(item);
2026-04-16 16:32:56.897 INFO 
-------------  108 :  taint_flow_test ------------- 
2026-04-16 16:32:56.897 INFO Description: taint_flow_test，回归测试使用，不推荐外部使用
2026-04-16 16:32:56.897 INFO File: /sast-js/case/completeness/single_app_tracing/control_flow/loop_stmt/forin_body_001_T.js
2026-04-16 16:32:56.897 INFO Line 19: __taint_sink(res)
2026-04-16 16:32:56.897 INFO SINK RULE: __taint_sink
2026-04-16 16:32:56.897 INFO entrypoint: 
2026-04-16 16:32:56.897 INFO {
  filePath: '/sast-js/case/completeness/single_app_tracing/control_flow/loop_stmt/forin_body_001_T.js',
  functionName: 'forin_body_001_T',
  attribute: 'fullCallGraphMade',
  type: 'functionCall',
  packageName: undefined,
  funcReceiverType: ''
}
2026-04-16 16:32:56.898 INFO Trace: 
2026-04-16 16:32:56.898 INFO  /sast-js/case/completeness/single_app_tracing/control_flow/loop_stmt/forin_body_001_T.js
  AffectedNodeName: __taint_src
  11:  SOURCE:  function forin_body_001_T(__taint_src) {
 /sast-js/case/completeness/single_app_tracing/control_flow/loop_stmt/forin_body_001_T.js
  AffectedNodeName: obj
  12:  Var Pass:    let obj = { key1: "value1", key2: __taint_src };
 /sast-js/case/completeness/single_app_tracing/control_flow/loop_stmt/forin_body_001_T.js
  AffectedNodeName: __taint_sink
  19:  SINK:    __taint_sink(res);
2026-04-16 16:32:56.898 INFO 
-------------  109 :  taint_flow_test ------------- 
2026-04-16 16:32:56.898 INFO Description: taint_flow_test，回归测试使用，不推荐外部使用
2026-04-16 16:32:56.898 INFO File: /sast-js/case/completeness/single_app_tracing/control_flow/loop_stmt/forof_body_001_T.js
2026-04-16 16:32:56.898 INFO Line 17: __taint_sink(res)
2026-04-16 16:32:56.898 INFO SINK RULE: __taint_sink
2026-04-16 16:32:56.898 INFO entrypoint: 
2026-04-16 16:32:56.898 INFO {
  filePath: '/sast-js/case/completeness/single_app_tracing/control_flow/loop_stmt/forof_body_001_T.js',
  functionName: 'forof_body_001_T',
  attribute: 'fullCallGraphMade',
  type: 'functionCall',
  packageName: undefined,
  funcReceiverType: ''
}
2026-04-16 16:32:56.898 INFO Trace: 
2026-04-16 16:32:56.898 INFO  /sast-js/case/completeness/single_app_tracing/control_flow/loop_stmt/forof_body_001_T.js
  AffectedNodeName: __taint_src
  11:  SOURCE:  function forof_body_001_T(__taint_src) {
 /sast-js/case/completeness/single_app_tracing/control_flow/loop_stmt/forof_body_001_T.js
  AffectedNodeName: arr
  12:  Var Pass:    let arr = ["a", "b", __taint_src];
 /sast-js/case/completeness/single_app_tracing/control_flow/loop_stmt/forof_body_001_T.js
  AffectedNodeName: value
  14:  Var Pass:    for (let value of arr) {
  15:  Var Pass:      res = value;
  16:  Var Pass:    }
 /sast-js/case/completeness/single_app_tracing/control_flow/loop_stmt/forof_body_001_T.js
  AffectedNodeName: res
  15:  Var Pass:     res = value;
 /sast-js/case/completeness/single_app_tracing/control_flow/loop_stmt/forof_body_001_T.js
  AffectedNodeName: __taint_sink
  17:  SINK:    __taint_sink(res);
2026-04-16 16:32:56.898 INFO 
-------------  110 :  taint_flow_test ------------- 
2026-04-16 16:32:56.898 INFO Description: taint_flow_test，回归测试使用，不推荐外部使用
2026-04-16 16:32:56.898 INFO File: /sast-js/case/completeness/single_app_tracing/control_flow/loop_stmt/map_001_T.js
2026-04-16 16:32:56.898 INFO Line 15: __taint_sink(result)
2026-04-16 16:32:56.898 INFO SINK RULE: __taint_sink
2026-04-16 16:32:56.898 INFO entrypoint: 
2026-04-16 16:32:56.898 INFO {
  filePath: '/sast-js/case/completeness/single_app_tracing/control_flow/loop_stmt/map_001_T.js',
  functionName: 'map_001_T',
  attribute: 'fullCallGraphMade',
  type: 'functionCall',
  packageName: undefined,
  funcReceiverType: ''
}
2026-04-16 16:32:56.898 INFO Trace: 
2026-04-16 16:32:56.898 INFO  /sast-js/case/completeness/single_app_tracing/control_flow/loop_stmt/map_001_T.js
  AffectedNodeName: __taint_src
  11:  SOURCE:  function map_001_T(__taint_src) {
 /sast-js/case/completeness/single_app_tracing/control_flow/loop_stmt/map_001_T.js
  AffectedNodeName: arr
  12:  Var Pass:    let arr = ["safe_value", __taint_src];
 /sast-js/case/completeness/single_app_tracing/control_flow/loop_stmt/map_001_T.js
  AffectedNodeName: result
  14:  Var Pass:    let result = arr.map((item) => item);
 /sast-js/case/completeness/single_app_tracing/control_flow/loop_stmt/map_001_T.js
  AffectedNodeName: __taint_sink
  15:  SINK:    __taint_sink(result);
2026-04-16 16:32:56.898 INFO 
-------------  111 :  taint_flow_test ------------- 
2026-04-16 16:32:56.898 INFO Description: taint_flow_test，回归测试使用，不推荐外部使用
2026-04-16 16:32:56.898 INFO File: /sast-js/case/completeness/single_app_tracing/control_flow/loop_stmt/map_002_F.js
2026-04-16 16:32:56.898 INFO Line 15: __taint_sink(result)
2026-04-16 16:32:56.898 INFO SINK RULE: __taint_sink
2026-04-16 16:32:56.898 INFO entrypoint: 
2026-04-16 16:32:56.898 INFO {
  filePath: '/sast-js/case/completeness/single_app_tracing/control_flow/loop_stmt/map_002_F.js',
  functionName: 'map_002_F',
  attribute: 'fullCallGraphMade',
  type: 'functionCall',
  packageName: undefined,
  funcReceiverType: ''
}
2026-04-16 16:32:56.898 INFO Trace: 
2026-04-16 16:32:56.898 INFO  /sast-js/case/completeness/single_app_tracing/control_flow/loop_stmt/map_002_F.js
  AffectedNodeName: __taint_src
  11:  SOURCE:  function map_002_F(__taint_src) {
 /sast-js/case/completeness/single_app_tracing/control_flow/loop_stmt/map_002_F.js
  AffectedNodeName: arr
  12:  Var Pass:    let arr = ["safe_value", __taint_src];
 /sast-js/case/completeness/single_app_tracing/control_flow/loop_stmt/map_002_F.js
  AffectedNodeName: result
  14:  Var Pass:    let result = arr.map((item) => "safe_value");
 /sast-js/case/completeness/single_app_tracing/control_flow/loop_stmt/map_002_F.js
  AffectedNodeName: __taint_sink
  15:  SINK:    __taint_sink(result);
2026-04-16 16:32:56.898 INFO 
-------------  112 :  taint_flow_test ------------- 
2026-04-16 16:32:56.898 INFO Description: taint_flow_test，回归测试使用，不推荐外部使用
2026-04-16 16:32:56.898 INFO File: /sast-js/case/completeness/single_app_tracing/control_flow/loop_stmt/reduce_001_T.js
2026-04-16 16:32:56.898 INFO Line 15: __taint_sink(result)
2026-04-16 16:32:56.898 INFO SINK RULE: __taint_sink
2026-04-16 16:32:56.898 INFO entrypoint: 
2026-04-16 16:32:56.898 INFO {
  filePath: '/sast-js/case/completeness/single_app_tracing/control_flow/loop_stmt/reduce_001_T.js',
  functionName: 'reduce_001_T',
  attribute: 'fullCallGraphMade',
  type: 'functionCall',
  packageName: undefined,
  funcReceiverType: ''
}
2026-04-16 16:32:56.898 INFO Trace: 
2026-04-16 16:32:56.898 INFO  /sast-js/case/completeness/single_app_tracing/control_flow/loop_stmt/reduce_001_T.js
  AffectedNodeName: __taint_src
  11:  SOURCE:  function reduce_001_T(__taint_src) {
 /sast-js/case/completeness/single_app_tracing/control_flow/loop_stmt/reduce_001_T.js
  AffectedNodeName: arr
  12:  Var Pass:    let arr = ["a", "b", __taint_src];
 /sast-js/case/completeness/single_app_tracing/control_flow/loop_stmt/reduce_001_T.js
  AffectedNodeName: result
  14:  Var Pass:    let result = arr.reduce((acc, item) => acc + item, "");
 /sast-js/case/completeness/single_app_tracing/control_flow/loop_stmt/reduce_001_T.js
  AffectedNodeName: __taint_sink
  15:  SINK:    __taint_sink(result);
2026-04-16 16:32:56.898 INFO 
-------------  113 :  taint_flow_test ------------- 
2026-04-16 16:32:56.898 INFO Description: taint_flow_test，回归测试使用，不推荐外部使用
2026-04-16 16:32:56.898 INFO File: /sast-js/case/completeness/single_app_tracing/control_flow/loop_stmt/some_001_T.js
2026-04-16 16:32:56.898 INFO Line 14: __taint_sink(item)
2026-04-16 16:32:56.898 INFO SINK RULE: __taint_sink
2026-04-16 16:32:56.898 INFO entrypoint: 
2026-04-16 16:32:56.898 INFO {
  filePath: '/sast-js/case/completeness/single_app_tracing/control_flow/loop_stmt/some_001_T.js',
  functionName: 'some_001_T',
  attribute: 'fullCallGraphMade',
  type: 'functionCall',
  packageName: undefined,
  funcReceiverType: ''
}
2026-04-16 16:32:56.898 INFO Trace: 
2026-04-16 16:32:56.898 INFO  /sast-js/case/completeness/single_app_tracing/control_flow/loop_stmt/some_001_T.js
  AffectedNodeName: __taint_src
  11:  SOURCE:  function some_001_T(__taint_src) {
 /sast-js/case/completeness/single_app_tracing/control_flow/loop_stmt/some_001_T.js
  AffectedNodeName: arr
  12:  Var Pass:    let arr = ["a", "b", __taint_src];
 /sast-js/case/completeness/single_app_tracing/control_flow/loop_stmt/some_001_T.js
  AffectedNodeName: <anonymousFunc_13_12_15_4>
  13:  CALL:    arr.some(function (item) {
  14:  CALL:      __taint_sink(item);
  15:  CALL:    });
 /sast-js/case/completeness/single_app_tracing/control_flow/loop_stmt/some_001_T.js
  AffectedNodeName: item
  13:  ARG PASS:    arr.some(function (item) {
 /sast-js/case/completeness/single_app_tracing/control_flow/loop_stmt/some_001_T.js
  AffectedNodeName: __taint_sink
  14:  SINK:      __taint_sink(item);
2026-04-16 16:32:56.899 INFO 
-------------  114 :  taint_flow_test ------------- 
2026-04-16 16:32:56.899 INFO Description: taint_flow_test，回归测试使用，不推荐外部使用
2026-04-16 16:32:56.899 INFO File: /sast-js/case/completeness/single_app_tracing/control_flow/loop_stmt/while_body_001_T.js
2026-04-16 16:32:56.899 INFO Line 18: __taint_sink(res)
2026-04-16 16:32:56.899 INFO SINK RULE: __taint_sink
2026-04-16 16:32:56.899 INFO entrypoint: 
2026-04-16 16:32:56.899 INFO {
  filePath: '/sast-js/case/completeness/single_app_tracing/control_flow/loop_stmt/while_body_001_T.js',
  functionName: 'while_body_001_T',
  attribute: 'fullCallGraphMade',
  type: 'functionCall',
  packageName: undefined,
  funcReceiverType: ''
}
2026-04-16 16:32:56.899 INFO Trace: 
2026-04-16 16:32:56.899 INFO  /sast-js/case/completeness/single_app_tracing/control_flow/loop_stmt/while_body_001_T.js
  AffectedNodeName: __taint_src
  11:  SOURCE:  function while_body_001_T(__taint_src) {
 /sast-js/case/completeness/single_app_tracing/control_flow/loop_stmt/while_body_001_T.js
  AffectedNodeName: res
  15:  Var Pass:     res = res + __taint_src;
 /sast-js/case/completeness/single_app_tracing/control_flow/loop_stmt/while_body_001_T.js
  AffectedNodeName: __taint_sink
  18:  SINK:    __taint_sink(res);
2026-04-16 16:32:56.899 INFO 
-------------  115 :  taint_flow_test ------------- 
2026-04-16 16:32:56.899 INFO Description: taint_flow_test，回归测试使用，不推荐外部使用
2026-04-16 16:32:56.899 INFO File: /sast-js/case/completeness/single_app_tracing/datatype/array/array_001_T.js
2026-04-16 16:32:56.899 INFO Line 13: __taint_sink(s)
2026-04-16 16:32:56.899 INFO SINK RULE: __taint_sink
2026-04-16 16:32:56.899 INFO entrypoint: 
2026-04-16 16:32:56.899 INFO {
  filePath: '/sast-js/case/completeness/single_app_tracing/datatype/array/array_001_T.js',
  functionName: 'array_001_T',
  attribute: 'fullCallGraphMade',
  type: 'functionCall',
  packageName: undefined,
  funcReceiverType: ''
}
2026-04-16 16:32:56.899 INFO Trace: 
2026-04-16 16:32:56.899 INFO  /sast-js/case/completeness/single_app_tracing/datatype/array/array_001_T.js
  AffectedNodeName: __taint_src
  11:  SOURCE:  function array_001_T(__taint_src) {
 /sast-js/case/completeness/single_app_tracing/datatype/array/array_001_T.js
  AffectedNodeName: s
  12:  Var Pass:    let s = [__taint_src, "b", "c"];
 /sast-js/case/completeness/single_app_tracing/datatype/array/array_001_T.js
  AffectedNodeName: __taint_sink
  13:  SINK:    __taint_sink(s);
2026-04-16 16:32:56.899 INFO 
-------------  116 :  taint_flow_test ------------- 
2026-04-16 16:32:56.899 INFO Description: taint_flow_test，回归测试使用，不推荐外部使用
2026-04-16 16:32:56.899 INFO File: /sast-js/case/completeness/single_app_tracing/datatype/array/array_003_T.js
2026-04-16 16:32:56.899 INFO Line 13: __taint_sink(s)
2026-04-16 16:32:56.899 INFO SINK RULE: __taint_sink
2026-04-16 16:32:56.899 INFO entrypoint: 
2026-04-16 16:32:56.899 INFO {
  filePath: '/sast-js/case/completeness/single_app_tracing/datatype/array/array_003_T.js',
  functionName: 'array_003_T',
  attribute: 'fullCallGraphMade',
  type: 'functionCall',
  packageName: undefined,
  funcReceiverType: ''
}
2026-04-16 16:32:56.899 INFO Trace: 
2026-04-16 16:32:56.899 INFO  /sast-js/case/completeness/single_app_tracing/datatype/array/array_003_T.js
  AffectedNodeName: __taint_src
  11:  SOURCE:  function array_003_T(__taint_src) {
 /sast-js/case/completeness/single_app_tracing/datatype/array/array_003_T.js
  AffectedNodeName: s
  12:  Var Pass:    let s = [[__taint_src], ["b"], "c"];
 /sast-js/case/completeness/single_app_tracing/datatype/array/array_003_T.js
  AffectedNodeName: __taint_sink
  13:  SINK:    __taint_sink(s);
2026-04-16 16:32:56.899 INFO 
-------------  117 :  taint_flow_test ------------- 
2026-04-16 16:32:56.899 INFO Description: taint_flow_test，回归测试使用，不推荐外部使用
2026-04-16 16:32:56.899 INFO File: /sast-js/case/completeness/single_app_tracing/datatype/array/array_005_T.js
2026-04-16 16:32:56.899 INFO Line 14: __taint_sink(s)
2026-04-16 16:32:56.899 INFO SINK RULE: __taint_sink
2026-04-16 16:32:56.899 INFO entrypoint: 
2026-04-16 16:32:56.899 INFO {
  filePath: '/sast-js/case/completeness/single_app_tracing/datatype/array/array_005_T.js',
  functionName: 'array_005_T',
  attribute: 'fullCallGraphMade',
  type: 'functionCall',
  packageName: undefined,
  funcReceiverType: ''
}
2026-04-16 16:32:56.900 INFO Trace: 
2026-04-16 16:32:56.900 INFO  /sast-js/case/completeness/single_app_tracing/datatype/array/array_005_T.js
  AffectedNodeName: __taint_src
  11:  SOURCE:  function array_005_T(__taint_src) {
 /sast-js/case/completeness/single_app_tracing/datatype/array/array_005_T.js
  AffectedNodeName: push
  13:  CALL:    s.push(__taint_src);
 /sast-js/case/completeness/single_app_tracing/datatype/array/array_005_T.js
  AffectedNodeName: __taint_sink
  14:  SINK:    __taint_sink(s);
2026-04-16 16:32:56.900 INFO 
-------------  118 :  taint_flow_test ------------- 
2026-04-16 16:32:56.900 INFO Description: taint_flow_test，回归测试使用，不推荐外部使用
2026-04-16 16:32:56.900 INFO File: /sast-js/case/completeness/single_app_tracing/datatype/array/array_concat_001_T.js
2026-04-16 16:32:56.900 INFO Line 16: __taint_sink(result)
2026-04-16 16:32:56.900 INFO SINK RULE: __taint_sink
2026-04-16 16:32:56.900 INFO entrypoint: 
2026-04-16 16:32:56.900 INFO {
  filePath: '/sast-js/case/completeness/single_app_tracing/datatype/array/array_concat_001_T.js',
  functionName: 'array_concat_001_T',
  attribute: 'fullCallGraphMade',
  type: 'functionCall',
  packageName: undefined,
  funcReceiverType: ''
}
2026-04-16 16:32:56.900 INFO Trace: 
2026-04-16 16:32:56.900 INFO  /sast-js/case/completeness/single_app_tracing/datatype/array/array_concat_001_T.js
  AffectedNodeName: __taint_src
  11:  SOURCE:  function array_concat_001_T(__taint_src) {
 /sast-js/case/completeness/single_app_tracing/datatype/array/array_concat_001_T.js
  AffectedNodeName: arr1
  13:  Var Pass:    let arr1 = [__taint_src];
 /sast-js/case/completeness/single_app_tracing/datatype/array/array_concat_001_T.js
  AffectedNodeName: result
  15:  Var Pass:    let result = arr1.concat(arr2);
 /sast-js/case/completeness/single_app_tracing/datatype/array/array_concat_001_T.js
  AffectedNodeName: __taint_sink
  16:  SINK:    __taint_sink(result);
2026-04-16 16:32:56.900 INFO 
-------------  119 :  taint_flow_test ------------- 
2026-04-16 16:32:56.900 INFO Description: taint_flow_test，回归测试使用，不推荐外部使用
2026-04-16 16:32:56.900 INFO File: /sast-js/case/completeness/single_app_tracing/datatype/array/array_filter_001_T.js
2026-04-16 16:32:56.900 INFO Line 15: __taint_sink(filtered)
2026-04-16 16:32:56.900 INFO SINK RULE: __taint_sink
2026-04-16 16:32:56.900 INFO entrypoint: 
2026-04-16 16:32:56.900 INFO {
  filePath: '/sast-js/case/completeness/single_app_tracing/datatype/array/array_filter_001_T.js',
  functionName: 'array_filter_001_T',
  attribute: 'fullCallGraphMade',
  type: 'functionCall',
  packageName: undefined,
  funcReceiverType: ''
}
2026-04-16 16:32:56.900 INFO Trace: 
2026-04-16 16:32:56.900 INFO  /sast-js/case/completeness/single_app_tracing/datatype/array/array_filter_001_T.js
  AffectedNodeName: __taint_src
  11:  SOURCE:  function array_filter_001_T(__taint_src) {
 /sast-js/case/completeness/single_app_tracing/datatype/array/array_filter_001_T.js
  AffectedNodeName: arr
  13:  Var Pass:    let arr = [__taint_src, "safe_value"];
 /sast-js/case/completeness/single_app_tracing/datatype/array/array_filter_001_T.js
  AffectedNodeName: filtered
  14:  Var Pass:    let filtered = arr.filter((item) => item === __taint_src);
 /sast-js/case/completeness/single_app_tracing/datatype/array/array_filter_001_T.js
  AffectedNodeName: __taint_sink
  15:  SINK:    __taint_sink(filtered);
2026-04-16 16:32:56.900 INFO 
-------------  120 :  taint_flow_test ------------- 
2026-04-16 16:32:56.900 INFO Description: taint_flow_test，回归测试使用，不推荐外部使用
2026-04-16 16:32:56.900 INFO File: /sast-js/case/completeness/single_app_tracing/datatype/array/array_filter_002_F.js
2026-04-16 16:32:56.900 INFO Line 15: __taint_sink(filtered)
2026-04-16 16:32:56.900 INFO SINK RULE: __taint_sink
2026-04-16 16:32:56.900 INFO entrypoint: 
2026-04-16 16:32:56.900 INFO {
  filePath: '/sast-js/case/completeness/single_app_tracing/datatype/array/array_filter_002_F.js',
  functionName: 'array_filter_002_F',
  attribute: 'fullCallGraphMade',
  type: 'functionCall',
  packageName: undefined,
  funcReceiverType: ''
}
2026-04-16 16:32:56.900 INFO Trace: 
2026-04-16 16:32:56.900 INFO  /sast-js/case/completeness/single_app_tracing/datatype/array/array_filter_002_F.js
  AffectedNodeName: __taint_src
  11:  SOURCE:  function array_filter_002_F(__taint_src) {
 /sast-js/case/completeness/single_app_tracing/datatype/array/array_filter_002_F.js
  AffectedNodeName: arr
  13:  Var Pass:    let arr = [__taint_src, "safe_value"];
 /sast-js/case/completeness/single_app_tracing/datatype/array/array_filter_002_F.js
  AffectedNodeName: filtered
  14:  Var Pass:    let filtered = arr.filter((item) => item !== __taint_src);
 /sast-js/case/completeness/single_app_tracing/datatype/array/array_filter_002_F.js
  AffectedNodeName: __taint_sink
  15:  SINK:    __taint_sink(filtered);
2026-04-16 16:32:56.900 INFO 
-------------  121 :  taint_flow_test ------------- 
2026-04-16 16:32:56.900 INFO Description: taint_flow_test，回归测试使用，不推荐外部使用
2026-04-16 16:32:56.900 INFO File: /sast-js/case/completeness/single_app_tracing/datatype/array/array_index_001_T.js
2026-04-16 16:32:56.900 INFO Line 14: __taint_sink(arr.1)
2026-04-16 16:32:56.900 INFO SINK RULE: __taint_sink
2026-04-16 16:32:56.900 INFO entrypoint: 
2026-04-16 16:32:56.900 INFO {
  filePath: '/sast-js/case/completeness/single_app_tracing/datatype/array/array_index_001_T.js',
  functionName: 'array_index_001_T',
  attribute: 'fullCallGraphMade',
  type: 'functionCall',
  packageName: undefined,
  funcReceiverType: ''
}
2026-04-16 16:32:56.900 INFO Trace: 
2026-04-16 16:32:56.900 INFO  /sast-js/case/completeness/single_app_tracing/datatype/array/array_index_001_T.js
  AffectedNodeName: __taint_src
  11:  SOURCE:  function array_index_001_T(__taint_src) {
 /sast-js/case/completeness/single_app_tracing/datatype/array/array_index_001_T.js
  AffectedNodeName: arr
  13:  Var Pass:    let arr = ["a", __taint_src, "c"];
 /sast-js/case/completeness/single_app_tracing/datatype/array/array_index_001_T.js
  AffectedNodeName: __taint_sink
  14:  SINK:    __taint_sink(arr[1]);
2026-04-16 16:32:56.900 INFO 
-------------  122 :  taint_flow_test ------------- 
2026-04-16 16:32:56.900 INFO Description: taint_flow_test，回归测试使用，不推荐外部使用
2026-04-16 16:32:56.900 INFO File: /sast-js/case/completeness/single_app_tracing/datatype/array/array_reverse_002_F.js
2026-04-16 16:32:56.900 INFO Line 15: __taint_sink(arr.0)
2026-04-16 16:32:56.900 INFO SINK RULE: __taint_sink
2026-04-16 16:32:56.900 INFO entrypoint: 
2026-04-16 16:32:56.900 INFO {
  filePath: '/sast-js/case/completeness/single_app_tracing/datatype/array/array_reverse_002_F.js',
  functionName: 'array_reverse_002_F',
  attribute: 'fullCallGraphMade',
  type: 'functionCall',
  packageName: undefined,
  funcReceiverType: ''
}
2026-04-16 16:32:56.900 INFO Trace: 
2026-04-16 16:32:56.900 INFO  /sast-js/case/completeness/single_app_tracing/datatype/array/array_reverse_002_F.js
  AffectedNodeName: __taint_src
  11:  SOURCE:  function array_reverse_002_F(__taint_src) {
 /sast-js/case/completeness/single_app_tracing/datatype/array/array_reverse_002_F.js
  AffectedNodeName: arr
  13:  Var Pass:    let arr = [__taint_src, "safe_value"];
 /sast-js/case/completeness/single_app_tracing/datatype/array/array_reverse_002_F.js
  AffectedNodeName: __taint_sink
  15:  SINK:    __taint_sink(arr[0]);
2026-04-16 16:32:56.901 INFO 
-------------  123 :  taint_flow_test ------------- 
2026-04-16 16:32:56.901 INFO Description: taint_flow_test，回归测试使用，不推荐外部使用
2026-04-16 16:32:56.901 INFO File: /sast-js/case/completeness/single_app_tracing/datatype/array/array_slice_001_T.js
2026-04-16 16:32:56.901 INFO Line 15: __taint_sink(sliced)
2026-04-16 16:32:56.901 INFO SINK RULE: __taint_sink
2026-04-16 16:32:56.901 INFO entrypoint: 
2026-04-16 16:32:56.901 INFO {
  filePath: '/sast-js/case/completeness/single_app_tracing/datatype/array/array_slice_001_T.js',
  functionName: 'array_slice_001_T',
  attribute: 'fullCallGraphMade',
  type: 'functionCall',
  packageName: undefined,
  funcReceiverType: ''
}
2026-04-16 16:32:56.901 INFO Trace: 
2026-04-16 16:32:56.901 INFO  /sast-js/case/completeness/single_app_tracing/datatype/array/array_slice_001_T.js
  AffectedNodeName: __taint_src
  11:  SOURCE:  function array_slice_001_T(__taint_src) {
 /sast-js/case/completeness/single_app_tracing/datatype/array/array_slice_001_T.js
  AffectedNodeName: arr
  13:  Var Pass:    let arr = ["safe_value", __taint_src];
 /sast-js/case/completeness/single_app_tracing/datatype/array/array_slice_001_T.js
  AffectedNodeName: sliced
  14:  Var Pass:    let sliced = arr.slice(1);
 /sast-js/case/completeness/single_app_tracing/datatype/array/array_slice_001_T.js
  AffectedNodeName: __taint_sink
  15:  SINK:    __taint_sink(sliced);
2026-04-16 16:32:56.901 INFO 
-------------  124 :  taint_flow_test ------------- 
2026-04-16 16:32:56.901 INFO Description: taint_flow_test，回归测试使用，不推荐外部使用
2026-04-16 16:32:56.901 INFO File: /sast-js/case/completeness/single_app_tracing/datatype/array/array_slice_002_F.js
2026-04-16 16:32:56.901 INFO Line 15: __taint_sink(sliced)
2026-04-16 16:32:56.901 INFO SINK RULE: __taint_sink
2026-04-16 16:32:56.901 INFO entrypoint: 
2026-04-16 16:32:56.901 INFO {
  filePath: '/sast-js/case/completeness/single_app_tracing/datatype/array/array_slice_002_F.js',
  functionName: 'array_slice_002_F',
  attribute: 'fullCallGraphMade',
  type: 'functionCall',
  packageName: undefined,
  funcReceiverType: ''
}
2026-04-16 16:32:56.901 INFO Trace: 
2026-04-16 16:32:56.901 INFO  /sast-js/case/completeness/single_app_tracing/datatype/array/array_slice_002_F.js
  AffectedNodeName: __taint_src
  11:  SOURCE:  function array_slice_002_F(__taint_src) {
 /sast-js/case/completeness/single_app_tracing/datatype/array/array_slice_002_F.js
  AffectedNodeName: arr
  13:  Var Pass:    let arr = ["safe_value", __taint_src];
 /sast-js/case/completeness/single_app_tracing/datatype/array/array_slice_002_F.js
  AffectedNodeName: sliced
  14:  Var Pass:    let sliced = arr.slice(0, 1);
 /sast-js/case/completeness/single_app_tracing/datatype/array/array_slice_002_F.js
  AffectedNodeName: __taint_sink
  15:  SINK:    __taint_sink(sliced);
2026-04-16 16:32:56.901 INFO 
-------------  125 :  taint_flow_test ------------- 
2026-04-16 16:32:56.901 INFO Description: taint_flow_test，回归测试使用，不推荐外部使用
2026-04-16 16:32:56.901 INFO File: /sast-js/case/completeness/single_app_tracing/datatype/array/array_spread_001_T.js
2026-04-16 16:32:56.901 INFO Line 15: __taint_sink(newArr)
2026-04-16 16:32:56.901 INFO SINK RULE: __taint_sink
2026-04-16 16:32:56.901 INFO entrypoint: 
2026-04-16 16:32:56.901 INFO {
  filePath: '/sast-js/case/completeness/single_app_tracing/datatype/array/array_spread_001_T.js',
  functionName: 'array_spread_001_T',
  attribute: 'fullCallGraphMade',
  type: 'functionCall',
  packageName: undefined,
  funcReceiverType: ''
}
2026-04-16 16:32:56.901 INFO Trace: 
2026-04-16 16:32:56.901 INFO  /sast-js/case/completeness/single_app_tracing/datatype/array/array_spread_001_T.js
  AffectedNodeName: __taint_src
  11:  SOURCE:  function array_spread_001_T(__taint_src) {
 /sast-js/case/completeness/single_app_tracing/datatype/array/array_spread_001_T.js
  AffectedNodeName: arr
  13:  Var Pass:    let arr = [__taint_src];
 /sast-js/case/completeness/single_app_tracing/datatype/array/array_spread_001_T.js
  AffectedNodeName: newArr
  14:  Var Pass:    let newArr = [...arr];
 /sast-js/case/completeness/single_app_tracing/datatype/array/array_spread_001_T.js
  AffectedNodeName: __taint_sink
  15:  SINK:    __taint_sink(newArr);
2026-04-16 16:32:56.901 INFO 
-------------  126 :  taint_flow_test ------------- 
2026-04-16 16:32:56.901 INFO Description: taint_flow_test，回归测试使用，不推荐外部使用
2026-04-16 16:32:56.901 INFO File: /sast-js/case/completeness/single_app_tracing/datatype/collections/set_001_T.js
2026-04-16 16:32:56.901 INFO Line 13: __taint_sink(set)
2026-04-16 16:32:56.901 INFO SINK RULE: __taint_sink
2026-04-16 16:32:56.901 INFO entrypoint: 
2026-04-16 16:32:56.901 INFO {
  filePath: '/sast-js/case/completeness/single_app_tracing/datatype/collections/set_001_T.js',
  functionName: 'set_001_T',
  attribute: 'fullCallGraphMade',
  type: 'functionCall',
  packageName: undefined,
  funcReceiverType: ''
}
2026-04-16 16:32:56.901 INFO Trace: 
2026-04-16 16:32:56.901 INFO  /sast-js/case/completeness/single_app_tracing/datatype/collections/set_001_T.js
  AffectedNodeName: __taint_src
  11:  SOURCE:  function set_001_T(__taint_src) {
 /sast-js/case/completeness/single_app_tracing/datatype/collections/set_001_T.js
  AffectedNodeName: set
  12:  Var Pass:    let set = new Set(__taint_src);
 /sast-js/case/completeness/single_app_tracing/datatype/collections/set_001_T.js
  AffectedNodeName: __taint_sink
  13:  SINK:    __taint_sink(set);
2026-04-16 16:32:56.901 INFO 
-------------  127 :  taint_flow_test ------------- 
2026-04-16 16:32:56.901 INFO Description: taint_flow_test，回归测试使用，不推荐外部使用
2026-04-16 16:32:56.901 INFO File: /sast-js/case/completeness/single_app_tracing/datatype/collections/set_add_001_T.js
2026-04-16 16:32:56.901 INFO Line 15: __taint_sink(JSON.stringify(Array.from(set)))
2026-04-16 16:32:56.901 INFO SINK RULE: __taint_sink
2026-04-16 16:32:56.901 INFO entrypoint: 
2026-04-16 16:32:56.901 INFO {
  filePath: '/sast-js/case/completeness/single_app_tracing/datatype/collections/set_add_001_T.js',
  functionName: 'set_add_001_T',
  attribute: 'fullCallGraphMade',
  type: 'functionCall',
  packageName: undefined,
  funcReceiverType: ''
}
2026-04-16 16:32:56.901 INFO Trace: 
2026-04-16 16:32:56.901 INFO  /sast-js/case/completeness/single_app_tracing/datatype/collections/set_add_001_T.js
  AffectedNodeName: __taint_src
  11:  SOURCE:  function set_add_001_T(__taint_src) {
 /sast-js/case/completeness/single_app_tracing/datatype/collections/set_add_001_T.js
  AffectedNodeName: add
  14:  CALL:    set.add(__taint_src);
 /sast-js/case/completeness/single_app_tracing/datatype/collections/set_add_001_T.js
  AffectedNodeName: __taint_sink
  15:  SINK:    __taint_sink(JSON.stringify(Array.from(set)));
2026-04-16 16:32:56.901 INFO 
-------------  128 :  taint_flow_test ------------- 
2026-04-16 16:32:56.901 INFO Description: taint_flow_test，回归测试使用，不推荐外部使用
2026-04-16 16:32:56.901 INFO File: /sast-js/case/completeness/single_app_tracing/datatype/collections/set_clear_001_T.js
2026-04-16 16:32:56.901 INFO Line 16: __taint_sink(JSON.stringify(Array.from(set)))
2026-04-16 16:32:56.901 INFO SINK RULE: __taint_sink
2026-04-16 16:32:56.901 INFO entrypoint: 
2026-04-16 16:32:56.901 INFO {
  filePath: '/sast-js/case/completeness/single_app_tracing/datatype/collections/set_clear_001_T.js',
  functionName: 'set_clear_001_T',
  attribute: 'fullCallGraphMade',
  type: 'functionCall',
  packageName: undefined,
  funcReceiverType: ''
}
2026-04-16 16:32:56.902 INFO Trace: 
2026-04-16 16:32:56.902 INFO  /sast-js/case/completeness/single_app_tracing/datatype/collections/set_clear_001_T.js
  AffectedNodeName: __taint_src
  11:  SOURCE:  function set_clear_001_T(__taint_src) {
 /sast-js/case/completeness/single_app_tracing/datatype/collections/set_clear_001_T.js
  AffectedNodeName: add
  15:  CALL:    set.add(__taint_src)
 /sast-js/case/completeness/single_app_tracing/datatype/collections/set_clear_001_T.js
  AffectedNodeName: __taint_sink
  16:  SINK:    __taint_sink(JSON.stringify(Array.from(set)));
2026-04-16 16:32:56.902 INFO 
-------------  129 :  taint_flow_test ------------- 
2026-04-16 16:32:56.902 INFO Description: taint_flow_test，回归测试使用，不推荐外部使用
2026-04-16 16:32:56.902 INFO File: /sast-js/case/completeness/single_app_tracing/datatype/collections/set_clear_002_F.js
2026-04-16 16:32:56.902 INFO Line 15: __taint_sink(JSON.stringify(Array.from(set)))
2026-04-16 16:32:56.902 INFO SINK RULE: __taint_sink
2026-04-16 16:32:56.902 INFO entrypoint: 
2026-04-16 16:32:56.902 INFO {
  filePath: '/sast-js/case/completeness/single_app_tracing/datatype/collections/set_clear_002_F.js',
  functionName: 'set_clear_002_F',
  attribute: 'fullCallGraphMade',
  type: 'functionCall',
  packageName: undefined,
  funcReceiverType: ''
}
2026-04-16 16:32:56.902 INFO Trace: 
2026-04-16 16:32:56.902 INFO  /sast-js/case/completeness/single_app_tracing/datatype/collections/set_clear_002_F.js
  AffectedNodeName: __taint_src
  11:  SOURCE:  function set_clear_002_F(__taint_src) {
 /sast-js/case/completeness/single_app_tracing/datatype/collections/set_clear_002_F.js
  AffectedNodeName: set
  13:  Var Pass:    let set = new Set([__taint_src]);
 /sast-js/case/completeness/single_app_tracing/datatype/collections/set_clear_002_F.js
  AffectedNodeName: __taint_sink
  15:  SINK:    __taint_sink(JSON.stringify(Array.from(set)));
2026-04-16 16:32:56.902 INFO 
-------------  130 :  taint_flow_test ------------- 
2026-04-16 16:32:56.902 INFO Description: taint_flow_test，回归测试使用，不推荐外部使用
2026-04-16 16:32:56.902 INFO File: /sast-js/case/completeness/single_app_tracing/datatype/collections/set_delete_001_T.js
2026-04-16 16:32:56.902 INFO Line 15: __taint_sink(JSON.stringify(Array.from(set)))
2026-04-16 16:32:56.902 INFO SINK RULE: __taint_sink
2026-04-16 16:32:56.902 INFO entrypoint: 
2026-04-16 16:32:56.902 INFO {
  filePath: '/sast-js/case/completeness/single_app_tracing/datatype/collections/set_delete_001_T.js',
  functionName: 'set_delete_001_T',
  attribute: 'fullCallGraphMade',
  type: 'functionCall',
  packageName: undefined,
  funcReceiverType: ''
}
2026-04-16 16:32:56.902 INFO Trace: 
2026-04-16 16:32:56.902 INFO  /sast-js/case/completeness/single_app_tracing/datatype/collections/set_delete_001_T.js
  AffectedNodeName: __taint_src
  11:  SOURCE:  function set_delete_001_T(__taint_src) {
 /sast-js/case/completeness/single_app_tracing/datatype/collections/set_delete_001_T.js
  AffectedNodeName: set
  13:  Var Pass:    let set = new Set([__taint_src, "safe_value"]);
 /sast-js/case/completeness/single_app_tracing/datatype/collections/set_delete_001_T.js
  AffectedNodeName: __taint_sink
  15:  SINK:    __taint_sink(JSON.stringify(Array.from(set)));
2026-04-16 16:32:56.902 INFO 
-------------  131 :  taint_flow_test ------------- 
2026-04-16 16:32:56.902 INFO Description: taint_flow_test，回归测试使用，不推荐外部使用
2026-04-16 16:32:56.902 INFO File: /sast-js/case/completeness/single_app_tracing/datatype/collections/set_delete_002_F.js
2026-04-16 16:32:56.902 INFO Line 15: __taint_sink(JSON.stringify(Array.from(set)))
2026-04-16 16:32:56.902 INFO SINK RULE: __taint_sink
2026-04-16 16:32:56.902 INFO entrypoint: 
2026-04-16 16:32:56.902 INFO {
  filePath: '/sast-js/case/completeness/single_app_tracing/datatype/collections/set_delete_002_F.js',
  functionName: 'set_delete_002_F',
  attribute: 'fullCallGraphMade',
  type: 'functionCall',
  packageName: undefined,
  funcReceiverType: ''
}
2026-04-16 16:32:56.902 INFO Trace: 
2026-04-16 16:32:56.902 INFO  /sast-js/case/completeness/single_app_tracing/datatype/collections/set_delete_002_F.js
  AffectedNodeName: __taint_src
  11:  SOURCE:  function set_delete_002_F(__taint_src) {
 /sast-js/case/completeness/single_app_tracing/datatype/collections/set_delete_002_F.js
  AffectedNodeName: set
  13:  Var Pass:    let set = new Set([__taint_src, "safe_value"]);
 /sast-js/case/completeness/single_app_tracing/datatype/collections/set_delete_002_F.js
  AffectedNodeName: __taint_sink
  15:  SINK:    __taint_sink(JSON.stringify(Array.from(set)));
2026-04-16 16:32:56.902 INFO 
-------------  132 :  taint_flow_test ------------- 
2026-04-16 16:32:56.902 INFO Description: taint_flow_test，回归测试使用，不推荐外部使用
2026-04-16 16:32:56.902 INFO File: /sast-js/case/completeness/single_app_tracing/datatype/map/map_001_T.js
2026-04-16 16:32:56.902 INFO Line 14: __taint_sink(map)
2026-04-16 16:32:56.902 INFO SINK RULE: __taint_sink
2026-04-16 16:32:56.902 INFO entrypoint: 
2026-04-16 16:32:56.902 INFO {
  filePath: '/sast-js/case/completeness/single_app_tracing/datatype/map/map_001_T.js',
  functionName: 'map_001_T',
  attribute: 'fullCallGraphMade',
  type: 'functionCall',
  packageName: undefined,
  funcReceiverType: ''
}
2026-04-16 16:32:56.902 INFO Trace: 
2026-04-16 16:32:56.902 INFO  /sast-js/case/completeness/single_app_tracing/datatype/map/map_001_T.js
  AffectedNodeName: __taint_src
  11:  SOURCE:  function map_001_T(__taint_src) {
 /sast-js/case/completeness/single_app_tracing/datatype/map/map_001_T.js
  AffectedNodeName: set
  13:  CALL:    map.set("key1", __taint_src);
 /sast-js/case/completeness/single_app_tracing/datatype/map/map_001_T.js
  AffectedNodeName: __taint_sink
  14:  SINK:    __taint_sink(map);
2026-04-16 16:32:56.902 INFO 
-------------  133 :  taint_flow_test ------------- 
2026-04-16 16:32:56.902 INFO Description: taint_flow_test，回归测试使用，不推荐外部使用
2026-04-16 16:32:56.902 INFO File: /sast-js/case/completeness/single_app_tracing/datatype/map/map_clear_001_T.js
2026-04-16 16:32:56.902 INFO Line 16: __taint_sink(Array.from(map.values()))
2026-04-16 16:32:56.902 INFO SINK RULE: __taint_sink
2026-04-16 16:32:56.902 INFO entrypoint: 
2026-04-16 16:32:56.902 INFO {
  filePath: '/sast-js/case/completeness/single_app_tracing/datatype/map/map_clear_001_T.js',
  functionName: 'map_clear_001_T',
  attribute: 'fullCallGraphMade',
  type: 'functionCall',
  packageName: undefined,
  funcReceiverType: ''
}
2026-04-16 16:32:56.902 INFO Trace: 
2026-04-16 16:32:56.902 INFO  /sast-js/case/completeness/single_app_tracing/datatype/map/map_clear_001_T.js
  AffectedNodeName: __taint_src
  11:  SOURCE:  function map_clear_001_T(__taint_src) {
 /sast-js/case/completeness/single_app_tracing/datatype/map/map_clear_001_T.js
  AffectedNodeName: set
  15:  CALL:    map.set("key1", __taint_src);
 /sast-js/case/completeness/single_app_tracing/datatype/map/map_clear_001_T.js
  AffectedNodeName: __taint_sink
  16:  SINK:    __taint_sink(Array.from(map.values()));
2026-04-16 16:32:56.902 INFO 
-------------  134 :  taint_flow_test ------------- 
2026-04-16 16:32:56.902 INFO Description: taint_flow_test，回归测试使用，不推荐外部使用
2026-04-16 16:32:56.903 INFO File: /sast-js/case/completeness/single_app_tracing/datatype/map/map_entries_collection_001_T.js
2026-04-16 16:32:56.903 INFO Line 17: __taint_sink(entries)
2026-04-16 16:32:56.903 INFO SINK RULE: __taint_sink
2026-04-16 16:32:56.903 INFO entrypoint: 
2026-04-16 16:32:56.903 INFO {
  filePath: '/sast-js/case/completeness/single_app_tracing/datatype/map/map_entries_collection_001_T.js',
  functionName: 'map_entries_collection_001_T',
  attribute: 'fullCallGraphMade',
  type: 'functionCall',
  packageName: undefined,
  funcReceiverType: ''
}
2026-04-16 16:32:56.903 INFO Trace: 
2026-04-16 16:32:56.903 INFO  /sast-js/case/completeness/single_app_tracing/datatype/map/map_entries_collection_001_T.js
  AffectedNodeName: __taint_src
  11:  SOURCE:  function map_entries_collection_001_T(__taint_src) {
 /sast-js/case/completeness/single_app_tracing/datatype/map/map_entries_collection_001_T.js
  AffectedNodeName: set
  14:  CALL:    map.set("key1", __taint_src);
 /sast-js/case/completeness/single_app_tracing/datatype/map/map_entries_collection_001_T.js
  AffectedNodeName: entries
  16:  Var Pass:    let entries = Array.from(map.entries());
 /sast-js/case/completeness/single_app_tracing/datatype/map/map_entries_collection_001_T.js
  AffectedNodeName: __taint_sink
  17:  SINK:    __taint_sink(entries);
2026-04-16 16:32:56.903 INFO 
-------------  135 :  taint_flow_test ------------- 
2026-04-16 16:32:56.903 INFO Description: taint_flow_test，回归测试使用，不推荐外部使用
2026-04-16 16:32:56.903 INFO File: /sast-js/case/completeness/single_app_tracing/datatype/map/map_key_delete_001_T.js
2026-04-16 16:32:56.903 INFO Line 18: __taint_sink(Array.from(map.values()))
2026-04-16 16:32:56.903 INFO SINK RULE: __taint_sink
2026-04-16 16:32:56.903 INFO entrypoint: 
2026-04-16 16:32:56.903 INFO {
  filePath: '/sast-js/case/completeness/single_app_tracing/datatype/map/map_key_delete_001_T.js',
  functionName: 'map_key_delete_001_T',
  attribute: 'fullCallGraphMade',
  type: 'functionCall',
  packageName: undefined,
  funcReceiverType: ''
}
2026-04-16 16:32:56.903 INFO Trace: 
2026-04-16 16:32:56.903 INFO  /sast-js/case/completeness/single_app_tracing/datatype/map/map_key_delete_001_T.js
  AffectedNodeName: __taint_src
  11:  SOURCE:  function map_key_delete_001_T(__taint_src) {
 /sast-js/case/completeness/single_app_tracing/datatype/map/map_key_delete_001_T.js
  AffectedNodeName: set
  14:  CALL:    map.set("key1", __taint_src);
 /sast-js/case/completeness/single_app_tracing/datatype/map/map_key_delete_001_T.js
  AffectedNodeName: __taint_sink
  18:  SINK:    __taint_sink(Array.from(map.values()));
2026-04-16 16:32:56.903 INFO 
-------------  136 :  taint_flow_test ------------- 
2026-04-16 16:32:56.903 INFO Description: taint_flow_test，回归测试使用，不推荐外部使用
2026-04-16 16:32:56.903 INFO File: /sast-js/case/completeness/single_app_tracing/datatype/map/map_key_read_001_T.js
2026-04-16 16:32:56.903 INFO Line 18: __taint_sink(value)
2026-04-16 16:32:56.903 INFO SINK RULE: __taint_sink
2026-04-16 16:32:56.903 INFO entrypoint: 
2026-04-16 16:32:56.903 INFO {
  filePath: '/sast-js/case/completeness/single_app_tracing/datatype/map/map_key_read_001_T.js',
  functionName: 'map_key_read_001_T',
  attribute: 'fullCallGraphMade',
  type: 'functionCall',
  packageName: undefined,
  funcReceiverType: ''
}
2026-04-16 16:32:56.903 INFO Trace: 
2026-04-16 16:32:56.903 INFO  /sast-js/case/completeness/single_app_tracing/datatype/map/map_key_read_001_T.js
  AffectedNodeName: __taint_src
  11:  SOURCE:  function map_key_read_001_T(__taint_src) {
 /sast-js/case/completeness/single_app_tracing/datatype/map/map_key_read_001_T.js
  AffectedNodeName: set
  14:  CALL:    map.set("key1", __taint_src);
 /sast-js/case/completeness/single_app_tracing/datatype/map/map_key_read_001_T.js
  AffectedNodeName: value
  17:  Var Pass:    let value = map.get("key1");
 /sast-js/case/completeness/single_app_tracing/datatype/map/map_key_read_001_T.js
  AffectedNodeName: __taint_sink
  18:  SINK:    __taint_sink(value);
2026-04-16 16:32:56.903 INFO 
-------------  137 :  taint_flow_test ------------- 
2026-04-16 16:32:56.903 INFO Description: taint_flow_test，回归测试使用，不推荐外部使用
2026-04-16 16:32:56.903 INFO File: /sast-js/case/completeness/single_app_tracing/datatype/map/map_key_update_001_T.js
2026-04-16 16:32:56.903 INFO Line 17: __taint_sink(Array.from(map.values()))
2026-04-16 16:32:56.903 INFO SINK RULE: __taint_sink
2026-04-16 16:32:56.903 INFO entrypoint: 
2026-04-16 16:32:56.903 INFO {
  filePath: '/sast-js/case/completeness/single_app_tracing/datatype/map/map_key_update_001_T.js',
  functionName: 'map_key_update_001_T',
  attribute: 'fullCallGraphMade',
  type: 'functionCall',
  packageName: undefined,
  funcReceiverType: ''
}
2026-04-16 16:32:56.903 INFO Trace: 
2026-04-16 16:32:56.903 INFO  /sast-js/case/completeness/single_app_tracing/datatype/map/map_key_update_001_T.js
  AffectedNodeName: __taint_src
  11:  SOURCE:  function map_key_update_001_T(__taint_src) {
 /sast-js/case/completeness/single_app_tracing/datatype/map/map_key_update_001_T.js
  AffectedNodeName: set
  16:  CALL:    map.set("key1", __taint_src);
 /sast-js/case/completeness/single_app_tracing/datatype/map/map_key_update_001_T.js
  AffectedNodeName: __taint_sink
  17:  SINK:    __taint_sink(Array.from(map.values()));
2026-04-16 16:32:56.903 INFO 
-------------  138 :  taint_flow_test ------------- 
2026-04-16 16:32:56.903 INFO Description: taint_flow_test，回归测试使用，不推荐外部使用
2026-04-16 16:32:56.903 INFO File: /sast-js/case/completeness/single_app_tracing/datatype/map/map_keys_collection_001_T.js
2026-04-16 16:32:56.903 INFO Line 17: __taint_sink(keys)
2026-04-16 16:32:56.903 INFO SINK RULE: __taint_sink
2026-04-16 16:32:56.903 INFO entrypoint: 
2026-04-16 16:32:56.903 INFO {
  filePath: '/sast-js/case/completeness/single_app_tracing/datatype/map/map_keys_collection_001_T.js',
  functionName: 'map_keys_collection_001_T',
  attribute: 'fullCallGraphMade',
  type: 'functionCall',
  packageName: undefined,
  funcReceiverType: ''
}
2026-04-16 16:32:56.903 INFO Trace: 
2026-04-16 16:32:56.903 INFO  /sast-js/case/completeness/single_app_tracing/datatype/map/map_keys_collection_001_T.js
  AffectedNodeName: __taint_src
  11:  SOURCE:  function map_keys_collection_001_T(__taint_src) {
 /sast-js/case/completeness/single_app_tracing/datatype/map/map_keys_collection_001_T.js
  AffectedNodeName: set
  14:  CALL:    map.set(__taint_src, "safe_value");
 /sast-js/case/completeness/single_app_tracing/datatype/map/map_keys_collection_001_T.js
  AffectedNodeName: keys
  16:  Var Pass:    let keys = Array.from(map.keys());
 /sast-js/case/completeness/single_app_tracing/datatype/map/map_keys_collection_001_T.js
  AffectedNodeName: __taint_sink
  17:  SINK:    __taint_sink(keys);
2026-04-16 16:32:56.903 INFO 
-------------  139 :  taint_flow_test ------------- 
2026-04-16 16:32:56.904 INFO Description: taint_flow_test，回归测试使用，不推荐外部使用
2026-04-16 16:32:56.904 INFO File: /sast-js/case/completeness/single_app_tracing/datatype/map/map_values_collection_001_T.js
2026-04-16 16:32:56.904 INFO Line 17: __taint_sink(values)
2026-04-16 16:32:56.904 INFO SINK RULE: __taint_sink
2026-04-16 16:32:56.904 INFO entrypoint: 
2026-04-16 16:32:56.904 INFO {
  filePath: '/sast-js/case/completeness/single_app_tracing/datatype/map/map_values_collection_001_T.js',
  functionName: 'map_values_collection_001_T',
  attribute: 'fullCallGraphMade',
  type: 'functionCall',
  packageName: undefined,
  funcReceiverType: ''
}
2026-04-16 16:32:56.904 INFO Trace: 
2026-04-16 16:32:56.904 INFO  /sast-js/case/completeness/single_app_tracing/datatype/map/map_values_collection_001_T.js
  AffectedNodeName: __taint_src
  11:  SOURCE:  function map_values_collection_001_T(__taint_src) {
 /sast-js/case/completeness/single_app_tracing/datatype/map/map_values_collection_001_T.js
  AffectedNodeName: set
  14:  CALL:    map.set("safe_value", __taint_src);
 /sast-js/case/completeness/single_app_tracing/datatype/map/map_values_collection_001_T.js
  AffectedNodeName: values
  16:  Var Pass:    let values = Array.from(map.values());
 /sast-js/case/completeness/single_app_tracing/datatype/map/map_values_collection_001_T.js
  AffectedNodeName: __taint_sink
  17:  SINK:    __taint_sink(values);
2026-04-16 16:32:56.904 INFO 
-------------  140 :  taint_flow_test ------------- 
2026-04-16 16:32:56.904 INFO Description: taint_flow_test，回归测试使用，不推荐外部使用
2026-04-16 16:32:56.904 INFO File: /sast-js/case/completeness/single_app_tracing/datatype/primitives/bigint_001_T.js
2026-04-16 16:32:56.904 INFO Line 14: __taint_sink(big.toString())
2026-04-16 16:32:56.904 INFO SINK RULE: __taint_sink
2026-04-16 16:32:56.904 INFO entrypoint: 
2026-04-16 16:32:56.904 INFO {
  filePath: '/sast-js/case/completeness/single_app_tracing/datatype/primitives/bigint_001_T.js',
  functionName: 'bigint_001_T',
  attribute: 'fullCallGraphMade',
  type: 'functionCall',
  packageName: undefined,
  funcReceiverType: ''
}
2026-04-16 16:32:56.904 INFO Trace: 
2026-04-16 16:32:56.904 INFO  /sast-js/case/completeness/single_app_tracing/datatype/primitives/bigint_001_T.js
  AffectedNodeName: __taint_src
  11:  SOURCE:  function bigint_001_T(__taint_src) {
 /sast-js/case/completeness/single_app_tracing/datatype/primitives/bigint_001_T.js
  AffectedNodeName: big
  13:  Var Pass:    let big = __taint_src;
 /sast-js/case/completeness/single_app_tracing/datatype/primitives/bigint_001_T.js
  AffectedNodeName: __taint_sink
  14:  SINK:    __taint_sink(big.toString());
2026-04-16 16:32:56.904 INFO 
-------------  141 :  taint_flow_test ------------- 
2026-04-16 16:32:56.904 INFO Description: taint_flow_test，回归测试使用，不推荐外部使用
2026-04-16 16:32:56.904 INFO File: /sast-js/case/completeness/single_app_tracing/datatype/primitives/boolean_001_T.js
2026-04-16 16:32:56.904 INFO Line 14: __taint_sink(bool.toString())
2026-04-16 16:32:56.904 INFO SINK RULE: __taint_sink
2026-04-16 16:32:56.904 INFO entrypoint: 
2026-04-16 16:32:56.904 INFO {
  filePath: '/sast-js/case/completeness/single_app_tracing/datatype/primitives/boolean_001_T.js',
  functionName: 'boolean_001_T',
  attribute: 'fullCallGraphMade',
  type: 'functionCall',
  packageName: undefined,
  funcReceiverType: ''
}
2026-04-16 16:32:56.904 INFO Trace: 
2026-04-16 16:32:56.904 INFO  /sast-js/case/completeness/single_app_tracing/datatype/primitives/boolean_001_T.js
  AffectedNodeName: __taint_src
  11:  SOURCE:  function boolean_001_T(__taint_src) {
 /sast-js/case/completeness/single_app_tracing/datatype/primitives/boolean_001_T.js
  AffectedNodeName: bool
  13:  Var Pass:    let bool = __taint_src;
 /sast-js/case/completeness/single_app_tracing/datatype/primitives/boolean_001_T.js
  AffectedNodeName: __taint_sink
  14:  SINK:    __taint_sink(bool.toString());
2026-04-16 16:32:56.904 INFO 
-------------  142 :  taint_flow_test ------------- 
2026-04-16 16:32:56.904 INFO Description: taint_flow_test，回归测试使用，不推荐外部使用
2026-04-16 16:32:56.904 INFO File: /sast-js/case/completeness/single_app_tracing/datatype/primitives/number_001_T.js
2026-04-16 16:32:56.904 INFO Line 14: __taint_sink(num)
2026-04-16 16:32:56.904 INFO SINK RULE: __taint_sink
2026-04-16 16:32:56.904 INFO entrypoint: 
2026-04-16 16:32:56.904 INFO {
  filePath: '/sast-js/case/completeness/single_app_tracing/datatype/primitives/number_001_T.js',
  functionName: 'number_001_T',
  attribute: 'fullCallGraphMade',
  type: 'functionCall',
  packageName: undefined,
  funcReceiverType: ''
}
2026-04-16 16:32:56.904 INFO Trace: 
2026-04-16 16:32:56.904 INFO  /sast-js/case/completeness/single_app_tracing/datatype/primitives/number_001_T.js
  AffectedNodeName: __taint_src
  11:  SOURCE:  function number_001_T(__taint_src) {
 /sast-js/case/completeness/single_app_tracing/datatype/primitives/number_001_T.js
  AffectedNodeName: num
  13:  Var Pass:    let num = __taint_src;
 /sast-js/case/completeness/single_app_tracing/datatype/primitives/number_001_T.js
  AffectedNodeName: __taint_sink
  14:  SINK:    __taint_sink(num);
2026-04-16 16:32:56.904 INFO 
-------------  143 :  taint_flow_test ------------- 
2026-04-16 16:32:56.904 INFO Description: taint_flow_test，回归测试使用，不推荐外部使用
2026-04-16 16:32:56.904 INFO File: /sast-js/case/completeness/single_app_tracing/datatype/primitives/string_001_T.js
2026-04-16 16:32:56.904 INFO Line 14: __taint_sink(str)
2026-04-16 16:32:56.904 INFO SINK RULE: __taint_sink
2026-04-16 16:32:56.904 INFO entrypoint: 
2026-04-16 16:32:56.904 INFO {
  filePath: '/sast-js/case/completeness/single_app_tracing/datatype/primitives/string_001_T.js',
  functionName: 'string_001_T',
  attribute: 'fullCallGraphMade',
  type: 'functionCall',
  packageName: undefined,
  funcReceiverType: ''
}
2026-04-16 16:32:56.904 INFO Trace: 
2026-04-16 16:32:56.904 INFO  /sast-js/case/completeness/single_app_tracing/datatype/primitives/string_001_T.js
  AffectedNodeName: __taint_src
  11:  SOURCE:  function string_001_T(__taint_src) {
 /sast-js/case/completeness/single_app_tracing/datatype/primitives/string_001_T.js
  AffectedNodeName: str
  13:  Var Pass:    let str = __taint_src;
 /sast-js/case/completeness/single_app_tracing/datatype/primitives/string_001_T.js
  AffectedNodeName: __taint_sink
  14:  SINK:    __taint_sink(str);
2026-04-16 16:32:56.904 INFO 
-------------  144 :  taint_flow_test ------------- 
2026-04-16 16:32:56.904 INFO Description: taint_flow_test，回归测试使用，不推荐外部使用
2026-04-16 16:32:56.904 INFO File: /sast-js/case/completeness/single_app_tracing/datatype/primitives/symbol_001_T.js
2026-04-16 16:32:56.904 INFO Line 14: __taint_sink(sym.toString())
2026-04-16 16:32:56.904 INFO SINK RULE: __taint_sink
2026-04-16 16:32:56.904 INFO entrypoint: 
2026-04-16 16:32:56.904 INFO {
  filePath: '/sast-js/case/completeness/single_app_tracing/datatype/primitives/symbol_001_T.js',
  functionName: 'symbol_001_T',
  attribute: 'fullCallGraphMade',
  type: 'functionCall',
  packageName: undefined,
  funcReceiverType: ''
}
2026-04-16 16:32:56.904 INFO Trace: 
2026-04-16 16:32:56.904 INFO  /sast-js/case/completeness/single_app_tracing/datatype/primitives/symbol_001_T.js
  AffectedNodeName: __taint_src
  11:  SOURCE:  function symbol_001_T(__taint_src) {
 /sast-js/case/completeness/single_app_tracing/datatype/primitives/symbol_001_T.js
  AffectedNodeName: sym
  13:  Var Pass:    let sym = __taint_src;
 /sast-js/case/completeness/single_app_tracing/datatype/primitives/symbol_001_T.js
  AffectedNodeName: __taint_sink
  14:  SINK:    __taint_sink(sym.toString());
2026-04-16 16:32:56.904 INFO 
-------------  145 :  taint_flow_test ------------- 
2026-04-16 16:32:56.905 INFO Description: taint_flow_test，回归测试使用，不推荐外部使用
2026-04-16 16:32:56.905 INFO File: /sast-js/case/completeness/single_app_tracing/datatype/string/string_concat_001_T.js
2026-04-16 16:32:56.905 INFO Line 14: __taint_sink(str)
2026-04-16 16:32:56.905 INFO SINK RULE: __taint_sink
2026-04-16 16:32:56.905 INFO entrypoint: 
2026-04-16 16:32:56.905 INFO {
  filePath: '/sast-js/case/completeness/single_app_tracing/datatype/string/string_concat_001_T.js',
  functionName: 'string_concat_001_T',
  attribute: 'fullCallGraphMade',
  type: 'functionCall',
  packageName: undefined,
  funcReceiverType: ''
}
2026-04-16 16:32:56.905 INFO Trace: 
2026-04-16 16:32:56.905 INFO  /sast-js/case/completeness/single_app_tracing/datatype/string/string_concat_001_T.js
  AffectedNodeName: __taint_src
  11:  SOURCE:  function string_concat_001_T(__taint_src) {
 /sast-js/case/completeness/single_app_tracing/datatype/string/string_concat_001_T.js
  AffectedNodeName: str
  13:  Var Pass:    let str = "prefix_" + __taint_src;
 /sast-js/case/completeness/single_app_tracing/datatype/string/string_concat_001_T.js
  AffectedNodeName: __taint_sink
  14:  SINK:    __taint_sink(str);
2026-04-16 16:32:56.905 INFO 
-------------  146 :  taint_flow_test ------------- 
2026-04-16 16:32:56.905 INFO Description: taint_flow_test，回归测试使用，不推荐外部使用
2026-04-16 16:32:56.905 INFO File: /sast-js/case/completeness/single_app_tracing/datatype/string/string_create_001_T.js
2026-04-16 16:32:56.905 INFO Line 14: __taint_sink(str)
2026-04-16 16:32:56.905 INFO SINK RULE: __taint_sink
2026-04-16 16:32:56.905 INFO entrypoint: 
2026-04-16 16:32:56.905 INFO {
  filePath: '/sast-js/case/completeness/single_app_tracing/datatype/string/string_create_001_T.js',
  functionName: 'string_create_001_T',
  attribute: 'fullCallGraphMade',
  type: 'functionCall',
  packageName: undefined,
  funcReceiverType: ''
}
2026-04-16 16:32:56.905 INFO Trace: 
2026-04-16 16:32:56.905 INFO  /sast-js/case/completeness/single_app_tracing/datatype/string/string_create_001_T.js
  AffectedNodeName: __taint_src
  11:  SOURCE:  function string_create_001_T(__taint_src) {
 /sast-js/case/completeness/single_app_tracing/datatype/string/string_create_001_T.js
  AffectedNodeName: str
  13:  Var Pass:    let str = __taint_src;
 /sast-js/case/completeness/single_app_tracing/datatype/string/string_create_001_T.js
  AffectedNodeName: __taint_sink
  14:  SINK:    __taint_sink(str);
2026-04-16 16:32:56.905 INFO 
-------------  147 :  taint_flow_test ------------- 
2026-04-16 16:32:56.905 INFO Description: taint_flow_test，回归测试使用，不推荐外部使用
2026-04-16 16:32:56.905 INFO File: /sast-js/case/completeness/single_app_tracing/datatype/string/string_replace_001_T.js
2026-04-16 16:32:56.905 INFO Line 15: __taint_sink(replaced)
2026-04-16 16:32:56.905 INFO SINK RULE: __taint_sink
2026-04-16 16:32:56.905 INFO entrypoint: 
2026-04-16 16:32:56.905 INFO {
  filePath: '/sast-js/case/completeness/single_app_tracing/datatype/string/string_replace_001_T.js',
  functionName: 'string_replace_001_T',
  attribute: 'fullCallGraphMade',
  type: 'functionCall',
  packageName: undefined,
  funcReceiverType: ''
}
2026-04-16 16:32:56.905 INFO Trace: 
2026-04-16 16:32:56.905 INFO  /sast-js/case/completeness/single_app_tracing/datatype/string/string_replace_001_T.js
  AffectedNodeName: __taint_src
  11:  SOURCE:  function string_replace_001_T(__taint_src) {
 /sast-js/case/completeness/single_app_tracing/datatype/string/string_replace_001_T.js
  AffectedNodeName: str
  12:  Var Pass:    let str = "prefix_" + __taint_src;
 /sast-js/case/completeness/single_app_tracing/datatype/string/string_replace_001_T.js
  AffectedNodeName: replaced
  14:  Var Pass:    let replaced = str.replace("prefix_", "");
 /sast-js/case/completeness/single_app_tracing/datatype/string/string_replace_001_T.js
  AffectedNodeName: __taint_sink
  15:  SINK:    __taint_sink(replaced);
2026-04-16 16:32:56.905 INFO 
-------------  148 :  taint_flow_test ------------- 
2026-04-16 16:32:56.905 INFO Description: taint_flow_test，回归测试使用，不推荐外部使用
2026-04-16 16:32:56.905 INFO File: /sast-js/case/completeness/single_app_tracing/datatype/string/string_replace_002_F.js
2026-04-16 16:32:56.905 INFO Line 15: __taint_sink(replaced)
2026-04-16 16:32:56.905 INFO SINK RULE: __taint_sink
2026-04-16 16:32:56.905 INFO entrypoint: 
2026-04-16 16:32:56.905 INFO {
  filePath: '/sast-js/case/completeness/single_app_tracing/datatype/string/string_replace_002_F.js',
  functionName: 'string_replace_002_F',
  attribute: 'fullCallGraphMade',
  type: 'functionCall',
  packageName: undefined,
  funcReceiverType: ''
}
2026-04-16 16:32:56.905 INFO Trace: 
2026-04-16 16:32:56.905 INFO  /sast-js/case/completeness/single_app_tracing/datatype/string/string_replace_002_F.js
  AffectedNodeName: __taint_src
  11:  SOURCE:  function string_replace_002_F(__taint_src) {
 /sast-js/case/completeness/single_app_tracing/datatype/string/string_replace_002_F.js
  AffectedNodeName: replaced
  14:  Var Pass:    let replaced = str.replace(__taint_src, "safe_value");
 /sast-js/case/completeness/single_app_tracing/datatype/string/string_replace_002_F.js
  AffectedNodeName: __taint_sink
  15:  SINK:    __taint_sink(replaced);
2026-04-16 16:32:56.905 INFO 
-------------  149 :  taint_flow_test ------------- 
2026-04-16 16:32:56.905 INFO Description: taint_flow_test，回归测试使用，不推荐外部使用
2026-04-16 16:32:56.905 INFO File: /sast-js/case/completeness/single_app_tracing/datatype/string/string_substring_001_T.js
2026-04-16 16:32:56.905 INFO Line 15: __taint_sink(sub)
2026-04-16 16:32:56.905 INFO SINK RULE: __taint_sink
2026-04-16 16:32:56.905 INFO entrypoint: 
2026-04-16 16:32:56.905 INFO {
  filePath: '/sast-js/case/completeness/single_app_tracing/datatype/string/string_substring_001_T.js',
  functionName: 'string_substring_001_T',
  attribute: 'fullCallGraphMade',
  type: 'functionCall',
  packageName: undefined,
  funcReceiverType: ''
}
2026-04-16 16:32:56.905 INFO Trace: 
2026-04-16 16:32:56.905 INFO  /sast-js/case/completeness/single_app_tracing/datatype/string/string_substring_001_T.js
  AffectedNodeName: __taint_src
  11:  SOURCE:  function string_substring_001_T(__taint_src) {
 /sast-js/case/completeness/single_app_tracing/datatype/string/string_substring_001_T.js
  AffectedNodeName: str
  12:  Var Pass:    let str = "safe_value" + __taint_src;
 /sast-js/case/completeness/single_app_tracing/datatype/string/string_substring_001_T.js
  AffectedNodeName: sub
  14:  Var Pass:    let sub = str.substring(10);
 /sast-js/case/completeness/single_app_tracing/datatype/string/string_substring_001_T.js
  AffectedNodeName: __taint_sink
  15:  SINK:    __taint_sink(sub);
2026-04-16 16:32:56.906 INFO 
-------------  150 :  taint_flow_test ------------- 
2026-04-16 16:32:56.906 INFO Description: taint_flow_test，回归测试使用，不推荐外部使用
2026-04-16 16:32:56.906 INFO File: /sast-js/case/completeness/single_app_tracing/datatype/string/string_substring_002_F.js
2026-04-16 16:32:56.906 INFO Line 15: __taint_sink(sub)
2026-04-16 16:32:56.906 INFO SINK RULE: __taint_sink
2026-04-16 16:32:56.906 INFO entrypoint: 
2026-04-16 16:32:56.906 INFO {
  filePath: '/sast-js/case/completeness/single_app_tracing/datatype/string/string_substring_002_F.js',
  functionName: 'string_substring_002_F',
  attribute: 'fullCallGraphMade',
  type: 'functionCall',
  packageName: undefined,
  funcReceiverType: ''
}
2026-04-16 16:32:56.906 INFO Trace: 
2026-04-16 16:32:56.906 INFO  /sast-js/case/completeness/single_app_tracing/datatype/string/string_substring_002_F.js
  AffectedNodeName: __taint_src
  11:  SOURCE:  function string_substring_002_F(__taint_src) {
 /sast-js/case/completeness/single_app_tracing/datatype/string/string_substring_002_F.js
  AffectedNodeName: str
  12:  Var Pass:    let str = "safe_value" + __taint_src;
 /sast-js/case/completeness/single_app_tracing/datatype/string/string_substring_002_F.js
  AffectedNodeName: sub
  14:  Var Pass:    let sub = str.substring(0, 10);
 /sast-js/case/completeness/single_app_tracing/datatype/string/string_substring_002_F.js
  AffectedNodeName: __taint_sink
  15:  SINK:    __taint_sink(sub);
2026-04-16 16:32:56.906 INFO 
-------------  151 :  taint_flow_test ------------- 
2026-04-16 16:32:56.906 INFO Description: taint_flow_test，回归测试使用，不推荐外部使用
2026-04-16 16:32:56.906 INFO File: /sast-js/case/completeness/single_app_tracing/exception_error/exception_throw/exception_catch_001_T.js
2026-04-16 16:32:56.906 INFO Line 15: __taint_sink(e)
2026-04-16 16:32:56.906 INFO SINK RULE: __taint_sink
2026-04-16 16:32:56.906 INFO entrypoint: 
2026-04-16 16:32:56.906 INFO {
  filePath: '/sast-js/case/completeness/single_app_tracing/exception_error/exception_throw/exception_catch_001_T.js',
  functionName: 'exception_catch_001_T',
  attribute: 'fullCallGraphMade',
  type: 'functionCall',
  packageName: undefined,
  funcReceiverType: ''
}
2026-04-16 16:32:56.906 INFO Trace: 
2026-04-16 16:32:56.906 INFO  /sast-js/case/completeness/single_app_tracing/exception_error/exception_throw/exception_catch_001_T.js
  AffectedNodeName: __taint_src
  11:  SOURCE:  function exception_catch_001_T(__taint_src) {
 /sast-js/case/completeness/single_app_tracing/exception_error/exception_throw/exception_catch_001_T.js
  AffectedNodeName: __taint_src
  13:  Throw Pass:      throw __taint_src;
 /sast-js/case/completeness/single_app_tracing/exception_error/exception_throw/exception_catch_001_T.js
  AffectedNodeName: e
  14:  Var Pass:    } catch (e) {
 /sast-js/case/completeness/single_app_tracing/exception_error/exception_throw/exception_catch_001_T.js
  AffectedNodeName: __taint_sink
  15:  SINK:      __taint_sink(e);
2026-04-16 16:32:56.906 INFO 
-------------  152 :  taint_flow_test ------------- 
2026-04-16 16:32:56.906 INFO Description: taint_flow_test，回归测试使用，不推荐外部使用
2026-04-16 16:32:56.906 INFO File: /sast-js/case/completeness/single_app_tracing/exception_error/exception_throw/exception_catch_003_T.js
2026-04-16 16:32:56.906 INFO Line 15: __taint_sink(e.message)
2026-04-16 16:32:56.906 INFO SINK RULE: __taint_sink
2026-04-16 16:32:56.906 INFO entrypoint: 
2026-04-16 16:32:56.906 INFO {
  filePath: '/sast-js/case/completeness/single_app_tracing/exception_error/exception_throw/exception_catch_003_T.js',
  functionName: 'exception_catch_003_T',
  attribute: 'fullCallGraphMade',
  type: 'functionCall',
  packageName: undefined,
  funcReceiverType: ''
}
2026-04-16 16:32:56.906 INFO Trace: 
2026-04-16 16:32:56.906 INFO  /sast-js/case/completeness/single_app_tracing/exception_error/exception_throw/exception_catch_003_T.js
  AffectedNodeName: __taint_src
  11:  SOURCE:  function exception_catch_003_T(__taint_src) {
 /sast-js/case/completeness/single_app_tracing/exception_error/exception_throw/exception_catch_003_T.js
  AffectedNodeName: {message:__taint_src, code:123}
  13:  Throw Pass:      throw { message: __taint_src, code: 123 };
 /sast-js/case/completeness/single_app_tracing/exception_error/exception_throw/exception_catch_003_T.js
  AffectedNodeName: e
  14:  Var Pass:    } catch (e) {
 /sast-js/case/completeness/single_app_tracing/exception_error/exception_throw/exception_catch_003_T.js
  AffectedNodeName: __taint_sink
  15:  SINK:      __taint_sink(e.message);
2026-04-16 16:32:56.906 INFO 
-------------  153 :  taint_flow_test ------------- 
2026-04-16 16:32:56.906 INFO Description: taint_flow_test，回归测试使用，不推荐外部使用
2026-04-16 16:32:56.906 INFO File: /sast-js/case/completeness/single_app_tracing/exception_error/exception_throw/exception_finally_001_T.js
2026-04-16 16:32:56.906 INFO Line 18: __taint_sink(res)
2026-04-16 16:32:56.906 INFO SINK RULE: __taint_sink
2026-04-16 16:32:56.906 INFO entrypoint: 
2026-04-16 16:32:56.906 INFO {
  filePath: '/sast-js/case/completeness/single_app_tracing/exception_error/exception_throw/exception_finally_001_T.js',
  functionName: 'exception_finally_001_T',
  attribute: 'fullCallGraphMade',
  type: 'functionCall',
  packageName: undefined,
  funcReceiverType: ''
}
2026-04-16 16:32:56.906 INFO Trace: 
2026-04-16 16:32:56.906 INFO  /sast-js/case/completeness/single_app_tracing/exception_error/exception_throw/exception_finally_001_T.js
  AffectedNodeName: __taint_src
  11:  SOURCE:  function exception_finally_001_T(__taint_src) {
 /sast-js/case/completeness/single_app_tracing/exception_error/exception_throw/exception_finally_001_T.js
  AffectedNodeName: __taint_src
  14:  Throw Pass:      throw __taint_src;
 /sast-js/case/completeness/single_app_tracing/exception_error/exception_throw/exception_finally_001_T.js
  AffectedNodeName: e
  15:  Var Pass:    } catch (e) {
 /sast-js/case/completeness/single_app_tracing/exception_error/exception_throw/exception_finally_001_T.js
  AffectedNodeName: res
  16:  Var Pass:     res = e;
 /sast-js/case/completeness/single_app_tracing/exception_error/exception_throw/exception_finally_001_T.js
  AffectedNodeName: __taint_sink
  18:  SINK:      __taint_sink(res);
2026-04-16 16:32:56.906 INFO 
-------------  154 :  taint_flow_test ------------- 
2026-04-16 16:32:56.906 INFO Description: taint_flow_test，回归测试使用，不推荐外部使用
2026-04-16 16:32:56.906 INFO File: /sast-js/case/completeness/single_app_tracing/exception_error/exception_throw/exception_try_001_T.js
2026-04-16 16:32:56.906 INFO Line 13: __taint_sink(__taint_src)
2026-04-16 16:32:56.907 INFO SINK RULE: __taint_sink
2026-04-16 16:32:56.907 INFO entrypoint: 
2026-04-16 16:32:56.907 INFO {
  filePath: '/sast-js/case/completeness/single_app_tracing/exception_error/exception_throw/exception_try_001_T.js',
  functionName: 'exception_try_001_T',
  attribute: 'fullCallGraphMade',
  type: 'functionCall',
  packageName: undefined,
  funcReceiverType: ''
}
2026-04-16 16:32:56.907 INFO Trace: 
2026-04-16 16:32:56.907 INFO  /sast-js/case/completeness/single_app_tracing/exception_error/exception_throw/exception_try_001_T.js
  AffectedNodeName: __taint_src
  11:  SOURCE:  function exception_try_001_T(__taint_src) {
 /sast-js/case/completeness/single_app_tracing/exception_error/exception_throw/exception_try_001_T.js
  AffectedNodeName: __taint_sink
  13:  SINK:      __taint_sink(__taint_src);
2026-04-16 16:32:56.907 INFO 
-------------  155 :  taint_flow_test ------------- 
2026-04-16 16:32:56.907 INFO Description: taint_flow_test，回归测试使用，不推荐外部使用
2026-04-16 16:32:56.907 INFO File: /sast-js/case/completeness/single_app_tracing/expression/basic_expression_operation/assign_expression_001_T.js
2026-04-16 16:32:56.907 INFO Line 14: __taint_sink(result)
2026-04-16 16:32:56.907 INFO SINK RULE: __taint_sink
2026-04-16 16:32:56.907 INFO entrypoint: 
2026-04-16 16:32:56.907 INFO {
  filePath: '/sast-js/case/completeness/single_app_tracing/expression/basic_expression_operation/assign_expression_001_T.js',
  functionName: 'assign_expression_001_T',
  attribute: 'fullCallGraphMade',
  type: 'functionCall',
  packageName: undefined,
  funcReceiverType: ''
}
2026-04-16 16:32:56.907 INFO Trace: 
2026-04-16 16:32:56.907 INFO  /sast-js/case/completeness/single_app_tracing/expression/basic_expression_operation/assign_expression_001_T.js
  AffectedNodeName: __taint_src
  11:  SOURCE:  function assign_expression_001_T(__taint_src) {
 /sast-js/case/completeness/single_app_tracing/expression/basic_expression_operation/assign_expression_001_T.js
  AffectedNodeName: result
  13:  Var Pass:   result = __taint_src;
 /sast-js/case/completeness/single_app_tracing/expression/basic_expression_operation/assign_expression_001_T.js
  AffectedNodeName: __taint_sink
  14:  SINK:    __taint_sink(result);
2026-04-16 16:32:56.907 INFO 
-------------  156 :  taint_flow_test ------------- 
2026-04-16 16:32:56.907 INFO Description: taint_flow_test，回归测试使用，不推荐外部使用
2026-04-16 16:32:56.907 INFO File: /sast-js/case/completeness/single_app_tracing/expression/basic_expression_operation/binary_expression_add_001_T.js
2026-04-16 16:32:56.907 INFO Line 13: __taint_sink(result)
2026-04-16 16:32:56.907 INFO SINK RULE: __taint_sink
2026-04-16 16:32:56.907 INFO entrypoint: 
2026-04-16 16:32:56.907 INFO {
  filePath: '/sast-js/case/completeness/single_app_tracing/expression/basic_expression_operation/binary_expression_add_001_T.js',
  functionName: 'binary_expression_add_001_T',
  attribute: 'fullCallGraphMade',
  type: 'functionCall',
  packageName: undefined,
  funcReceiverType: ''
}
2026-04-16 16:32:56.907 INFO Trace: 
2026-04-16 16:32:56.907 INFO  /sast-js/case/completeness/single_app_tracing/expression/basic_expression_operation/binary_expression_add_001_T.js
  AffectedNodeName: __taint_src
  11:  SOURCE:  function binary_expression_add_001_T(__taint_src) {
 /sast-js/case/completeness/single_app_tracing/expression/basic_expression_operation/binary_expression_add_001_T.js
  AffectedNodeName: result
  12:  Var Pass:    let result = __taint_src + "_";
 /sast-js/case/completeness/single_app_tracing/expression/basic_expression_operation/binary_expression_add_001_T.js
  AffectedNodeName: __taint_sink
  13:  SINK:    __taint_sink(result);
2026-04-16 16:32:56.907 INFO 
-------------  157 :  taint_flow_test ------------- 
2026-04-16 16:32:56.907 INFO Description: taint_flow_test，回归测试使用，不推荐外部使用
2026-04-16 16:32:56.907 INFO File: /sast-js/case/completeness/single_app_tracing/expression/basic_expression_operation/binary_expression_add_assignment_001_T.js
2026-04-16 16:32:56.907 INFO Line 14: __taint_sink(result)
2026-04-16 16:32:56.907 INFO SINK RULE: __taint_sink
2026-04-16 16:32:56.907 INFO entrypoint: 
2026-04-16 16:32:56.907 INFO {
  filePath: '/sast-js/case/completeness/single_app_tracing/expression/basic_expression_operation/binary_expression_add_assignment_001_T.js',
  functionName: 'binary_expression_add_assignment_001_T',
  attribute: 'fullCallGraphMade',
  type: 'functionCall',
  packageName: undefined,
  funcReceiverType: ''
}
2026-04-16 16:32:56.907 INFO Trace: 
2026-04-16 16:32:56.907 INFO  /sast-js/case/completeness/single_app_tracing/expression/basic_expression_operation/binary_expression_add_assignment_001_T.js
  AffectedNodeName: __taint_src
  11:  SOURCE:  function binary_expression_add_assignment_001_T(__taint_src) {
 /sast-js/case/completeness/single_app_tracing/expression/basic_expression_operation/binary_expression_add_assignment_001_T.js
  AffectedNodeName: __taint_sink
  14:  SINK:    __taint_sink(result);
2026-04-16 16:32:56.907 INFO 
-------------  158 :  taint_flow_test ------------- 
2026-04-16 16:32:56.907 INFO Description: taint_flow_test，回归测试使用，不推荐外部使用
2026-04-16 16:32:56.907 INFO File: /sast-js/case/completeness/single_app_tracing/expression/basic_expression_operation/binary_expression_divide_001_T.js
2026-04-16 16:32:56.907 INFO Line 14: __taint_sink(result)
2026-04-16 16:32:56.907 INFO SINK RULE: __taint_sink
2026-04-16 16:32:56.907 INFO entrypoint: 
2026-04-16 16:32:56.907 INFO {
  filePath: '/sast-js/case/completeness/single_app_tracing/expression/basic_expression_operation/binary_expression_divide_001_T.js',
  functionName: 'binary_expression_divide_001_T',
  attribute: 'fullCallGraphMade',
  type: 'functionCall',
  packageName: undefined,
  funcReceiverType: ''
}
2026-04-16 16:32:56.907 INFO Trace: 
2026-04-16 16:32:56.907 INFO  /sast-js/case/completeness/single_app_tracing/expression/basic_expression_operation/binary_expression_divide_001_T.js
  AffectedNodeName: __taint_src
  11:  SOURCE:  function binary_expression_divide_001_T(__taint_src) {
 /sast-js/case/completeness/single_app_tracing/expression/basic_expression_operation/binary_expression_divide_001_T.js
  AffectedNodeName: result
  13:  Var Pass:    let result = __taint_src / 2;
 /sast-js/case/completeness/single_app_tracing/expression/basic_expression_operation/binary_expression_divide_001_T.js
  AffectedNodeName: __taint_sink
  14:  SINK:    __taint_sink(result);
2026-04-16 16:32:56.907 INFO 
-------------  159 :  taint_flow_test ------------- 
2026-04-16 16:32:56.907 INFO Description: taint_flow_test，回归测试使用，不推荐外部使用
2026-04-16 16:32:56.907 INFO File: /sast-js/case/completeness/single_app_tracing/expression/basic_expression_operation/binary_expression_divide_assignment_001_T.js
2026-04-16 16:32:56.907 INFO Line 15: __taint_sink(result)
2026-04-16 16:32:56.907 INFO SINK RULE: __taint_sink
2026-04-16 16:32:56.907 INFO entrypoint: 
2026-04-16 16:32:56.907 INFO {
  filePath: '/sast-js/case/completeness/single_app_tracing/expression/basic_expression_operation/binary_expression_divide_assignment_001_T.js',
  functionName: 'binary_expression_divide_assignment_001_T',
  attribute: 'fullCallGraphMade',
  type: 'functionCall',
  packageName: undefined,
  funcReceiverType: ''
}
2026-04-16 16:32:56.907 INFO Trace: 
2026-04-16 16:32:56.907 INFO  /sast-js/case/completeness/single_app_tracing/expression/basic_expression_operation/binary_expression_divide_assignment_001_T.js
  AffectedNodeName: __taint_src
  11:  SOURCE:  function binary_expression_divide_assignment_001_T(__taint_src) {
 /sast-js/case/completeness/single_app_tracing/expression/basic_expression_operation/binary_expression_divide_assignment_001_T.js
  AffectedNodeName: result
  13:  Var Pass:    let result = __taint_src;
 /sast-js/case/completeness/single_app_tracing/expression/basic_expression_operation/binary_expression_divide_assignment_001_T.js
  AffectedNodeName: __taint_sink
  15:  SINK:    __taint_sink(result);
2026-04-16 16:32:56.907 INFO 
-------------  160 :  taint_flow_test ------------- 
2026-04-16 16:32:56.907 INFO Description: taint_flow_test，回归测试使用，不推荐外部使用
2026-04-16 16:32:56.907 INFO File: /sast-js/case/completeness/single_app_tracing/expression/basic_expression_operation/binary_expression_exponentiation_001_T.js
2026-04-16 16:32:56.908 INFO Line 14: __taint_sink(result)
2026-04-16 16:32:56.908 INFO SINK RULE: __taint_sink
2026-04-16 16:32:56.908 INFO entrypoint: 
2026-04-16 16:32:56.908 INFO {
  filePath: '/sast-js/case/completeness/single_app_tracing/expression/basic_expression_operation/binary_expression_exponentiation_001_T.js',
  functionName: 'binary_expression_exponentiation_001_T',
  attribute: 'fullCallGraphMade',
  type: 'functionCall',
  packageName: undefined,
  funcReceiverType: ''
}
2026-04-16 16:32:56.908 INFO Trace: 
2026-04-16 16:32:56.908 INFO  /sast-js/case/completeness/single_app_tracing/expression/basic_expression_operation/binary_expression_exponentiation_001_T.js
  AffectedNodeName: __taint_src
  11:  SOURCE:  function binary_expression_exponentiation_001_T(__taint_src) {
 /sast-js/case/completeness/single_app_tracing/expression/basic_expression_operation/binary_expression_exponentiation_001_T.js
  AffectedNodeName: result
  13:  Var Pass:    let result = __taint_src ** 2;
 /sast-js/case/completeness/single_app_tracing/expression/basic_expression_operation/binary_expression_exponentiation_001_T.js
  AffectedNodeName: __taint_sink
  14:  SINK:    __taint_sink(result);
2026-04-16 16:32:56.908 INFO 
-------------  161 :  taint_flow_test ------------- 
2026-04-16 16:32:56.908 INFO Description: taint_flow_test，回归测试使用，不推荐外部使用
2026-04-16 16:32:56.908 INFO File: /sast-js/case/completeness/single_app_tracing/expression/basic_expression_operation/binary_expression_modulo_001_T.js
2026-04-16 16:32:56.908 INFO Line 14: __taint_sink(result)
2026-04-16 16:32:56.908 INFO SINK RULE: __taint_sink
2026-04-16 16:32:56.908 INFO entrypoint: 
2026-04-16 16:32:56.908 INFO {
  filePath: '/sast-js/case/completeness/single_app_tracing/expression/basic_expression_operation/binary_expression_modulo_001_T.js',
  functionName: 'binary_expression_modulo_001_T',
  attribute: 'fullCallGraphMade',
  type: 'functionCall',
  packageName: undefined,
  funcReceiverType: ''
}
2026-04-16 16:32:56.908 INFO Trace: 
2026-04-16 16:32:56.908 INFO  /sast-js/case/completeness/single_app_tracing/expression/basic_expression_operation/binary_expression_modulo_001_T.js
  AffectedNodeName: __taint_src
  11:  SOURCE:  function binary_expression_modulo_001_T(__taint_src) {
 /sast-js/case/completeness/single_app_tracing/expression/basic_expression_operation/binary_expression_modulo_001_T.js
  AffectedNodeName: result
  13:  Var Pass:    let result = __taint_src % 3;
 /sast-js/case/completeness/single_app_tracing/expression/basic_expression_operation/binary_expression_modulo_001_T.js
  AffectedNodeName: __taint_sink
  14:  SINK:    __taint_sink(result);
2026-04-16 16:32:56.908 INFO 
-------------  162 :  taint_flow_test ------------- 
2026-04-16 16:32:56.908 INFO Description: taint_flow_test，回归测试使用，不推荐外部使用
2026-04-16 16:32:56.908 INFO File: /sast-js/case/completeness/single_app_tracing/expression/basic_expression_operation/binary_expression_modulo_assignment_001_T.js
2026-04-16 16:32:56.908 INFO Line 15: __taint_sink(result)
2026-04-16 16:32:56.908 INFO SINK RULE: __taint_sink
2026-04-16 16:32:56.908 INFO entrypoint: 
2026-04-16 16:32:56.908 INFO {
  filePath: '/sast-js/case/completeness/single_app_tracing/expression/basic_expression_operation/binary_expression_modulo_assignment_001_T.js',
  functionName: 'binary_expression_modulo_assignment_001_T',
  attribute: 'fullCallGraphMade',
  type: 'functionCall',
  packageName: undefined,
  funcReceiverType: ''
}
2026-04-16 16:32:56.908 INFO Trace: 
2026-04-16 16:32:56.908 INFO  /sast-js/case/completeness/single_app_tracing/expression/basic_expression_operation/binary_expression_modulo_assignment_001_T.js
  AffectedNodeName: __taint_src
  11:  SOURCE:  function binary_expression_modulo_assignment_001_T(__taint_src) {
 /sast-js/case/completeness/single_app_tracing/expression/basic_expression_operation/binary_expression_modulo_assignment_001_T.js
  AffectedNodeName: result
  13:  Var Pass:    let result = __taint_src;
 /sast-js/case/completeness/single_app_tracing/expression/basic_expression_operation/binary_expression_modulo_assignment_001_T.js
  AffectedNodeName: __taint_sink
  15:  SINK:    __taint_sink(result);
2026-04-16 16:32:56.908 INFO 
-------------  163 :  taint_flow_test ------------- 
2026-04-16 16:32:56.908 INFO Description: taint_flow_test，回归测试使用，不推荐外部使用
2026-04-16 16:32:56.908 INFO File: /sast-js/case/completeness/single_app_tracing/expression/basic_expression_operation/binary_expression_multiply_001_T.js
2026-04-16 16:32:56.908 INFO Line 14: __taint_sink(result)
2026-04-16 16:32:56.908 INFO SINK RULE: __taint_sink
2026-04-16 16:32:56.908 INFO entrypoint: 
2026-04-16 16:32:56.908 INFO {
  filePath: '/sast-js/case/completeness/single_app_tracing/expression/basic_expression_operation/binary_expression_multiply_001_T.js',
  functionName: 'binary_expression_multiply_001_T',
  attribute: 'fullCallGraphMade',
  type: 'functionCall',
  packageName: undefined,
  funcReceiverType: ''
}
2026-04-16 16:32:56.908 INFO Trace: 
2026-04-16 16:32:56.908 INFO  /sast-js/case/completeness/single_app_tracing/expression/basic_expression_operation/binary_expression_multiply_001_T.js
  AffectedNodeName: __taint_src
  11:  SOURCE:  function binary_expression_multiply_001_T(__taint_src) {
 /sast-js/case/completeness/single_app_tracing/expression/basic_expression_operation/binary_expression_multiply_001_T.js
  AffectedNodeName: result
  13:  Var Pass:    let result = __taint_src * 2;
 /sast-js/case/completeness/single_app_tracing/expression/basic_expression_operation/binary_expression_multiply_001_T.js
  AffectedNodeName: __taint_sink
  14:  SINK:    __taint_sink(result);
2026-04-16 16:32:56.908 INFO 
-------------  164 :  taint_flow_test ------------- 
2026-04-16 16:32:56.908 INFO Description: taint_flow_test，回归测试使用，不推荐外部使用
2026-04-16 16:32:56.908 INFO File: /sast-js/case/completeness/single_app_tracing/expression/basic_expression_operation/binary_expression_multiply_assignment_001_T.js
2026-04-16 16:32:56.908 INFO Line 15: __taint_sink(result)
2026-04-16 16:32:56.908 INFO SINK RULE: __taint_sink
2026-04-16 16:32:56.908 INFO entrypoint: 
2026-04-16 16:32:56.908 INFO {
  filePath: '/sast-js/case/completeness/single_app_tracing/expression/basic_expression_operation/binary_expression_multiply_assignment_001_T.js',
  functionName: 'binary_expression_multiply_assignment_001_T',
  attribute: 'fullCallGraphMade',
  type: 'functionCall',
  packageName: undefined,
  funcReceiverType: ''
}
2026-04-16 16:32:56.908 INFO Trace: 
2026-04-16 16:32:56.908 INFO  /sast-js/case/completeness/single_app_tracing/expression/basic_expression_operation/binary_expression_multiply_assignment_001_T.js
  AffectedNodeName: __taint_src
  11:  SOURCE:  function binary_expression_multiply_assignment_001_T(__taint_src) {
 /sast-js/case/completeness/single_app_tracing/expression/basic_expression_operation/binary_expression_multiply_assignment_001_T.js
  AffectedNodeName: result
  13:  Var Pass:    let result = __taint_src;
 /sast-js/case/completeness/single_app_tracing/expression/basic_expression_operation/binary_expression_multiply_assignment_001_T.js
  AffectedNodeName: __taint_sink
  15:  SINK:    __taint_sink(result);
2026-04-16 16:32:56.909 INFO 
-------------  165 :  taint_flow_test ------------- 
2026-04-16 16:32:56.909 INFO Description: taint_flow_test，回归测试使用，不推荐外部使用
2026-04-16 16:32:56.909 INFO File: /sast-js/case/completeness/single_app_tracing/expression/basic_expression_operation/binary_expression_subtract_001_T.js
2026-04-16 16:32:56.909 INFO Line 14: __taint_sink(result)
2026-04-16 16:32:56.909 INFO SINK RULE: __taint_sink
2026-04-16 16:32:56.909 INFO entrypoint: 
2026-04-16 16:32:56.909 INFO {
  filePath: '/sast-js/case/completeness/single_app_tracing/expression/basic_expression_operation/binary_expression_subtract_001_T.js',
  functionName: 'binary_expression_subtract_001_T',
  attribute: 'fullCallGraphMade',
  type: 'functionCall',
  packageName: undefined,
  funcReceiverType: ''
}
2026-04-16 16:32:56.909 INFO Trace: 
2026-04-16 16:32:56.909 INFO  /sast-js/case/completeness/single_app_tracing/expression/basic_expression_operation/binary_expression_subtract_001_T.js
  AffectedNodeName: __taint_src
  11:  SOURCE:  function binary_expression_subtract_001_T(__taint_src) {
 /sast-js/case/completeness/single_app_tracing/expression/basic_expression_operation/binary_expression_subtract_001_T.js
  AffectedNodeName: result
  13:  Var Pass:    let result = __taint_src - 1;
 /sast-js/case/completeness/single_app_tracing/expression/basic_expression_operation/binary_expression_subtract_001_T.js
  AffectedNodeName: __taint_sink
  14:  SINK:    __taint_sink(result);
2026-04-16 16:32:56.909 INFO 
-------------  166 :  taint_flow_test ------------- 
2026-04-16 16:32:56.909 INFO Description: taint_flow_test，回归测试使用，不推荐外部使用
2026-04-16 16:32:56.909 INFO File: /sast-js/case/completeness/single_app_tracing/expression/basic_expression_operation/binary_expression_subtract_assignment_001_T.js
2026-04-16 16:32:56.909 INFO Line 15: __taint_sink(result)
2026-04-16 16:32:56.909 INFO SINK RULE: __taint_sink
2026-04-16 16:32:56.909 INFO entrypoint: 
2026-04-16 16:32:56.909 INFO {
  filePath: '/sast-js/case/completeness/single_app_tracing/expression/basic_expression_operation/binary_expression_subtract_assignment_001_T.js',
  functionName: 'binary_expression_subtract_assignment_001_T',
  attribute: 'fullCallGraphMade',
  type: 'functionCall',
  packageName: undefined,
  funcReceiverType: ''
}
2026-04-16 16:32:56.909 INFO Trace: 
2026-04-16 16:32:56.909 INFO  /sast-js/case/completeness/single_app_tracing/expression/basic_expression_operation/binary_expression_subtract_assignment_001_T.js
  AffectedNodeName: __taint_src
  11:  SOURCE:  function binary_expression_subtract_assignment_001_T(__taint_src) {
 /sast-js/case/completeness/single_app_tracing/expression/basic_expression_operation/binary_expression_subtract_assignment_001_T.js
  AffectedNodeName: result
  13:  Var Pass:    let result = __taint_src;
 /sast-js/case/completeness/single_app_tracing/expression/basic_expression_operation/binary_expression_subtract_assignment_001_T.js
  AffectedNodeName: __taint_sink
  15:  SINK:    __taint_sink(result);
2026-04-16 16:32:56.909 INFO 
-------------  167 :  taint_flow_test ------------- 
2026-04-16 16:32:56.909 INFO Description: taint_flow_test，回归测试使用，不推荐外部使用
2026-04-16 16:32:56.909 INFO File: /sast-js/case/completeness/single_app_tracing/expression/basic_expression_operation/binary_expression_subtract_assignment_002_F.js
2026-04-16 16:32:56.909 INFO Line 15: __taint_sink(result)
2026-04-16 16:32:56.909 INFO SINK RULE: __taint_sink
2026-04-16 16:32:56.909 INFO entrypoint: 
2026-04-16 16:32:56.909 INFO {
  filePath: '/sast-js/case/completeness/single_app_tracing/expression/basic_expression_operation/binary_expression_subtract_assignment_002_F.js',
  functionName: 'binary_expression_subtract_assignment_002_F',
  attribute: 'fullCallGraphMade',
  type: 'functionCall',
  packageName: undefined,
  funcReceiverType: ''
}
2026-04-16 16:32:56.909 INFO Trace: 
2026-04-16 16:32:56.909 INFO  /sast-js/case/completeness/single_app_tracing/expression/basic_expression_operation/binary_expression_subtract_assignment_002_F.js
  AffectedNodeName: __taint_src
  11:  SOURCE:  function binary_expression_subtract_assignment_002_F(__taint_src) {
 /sast-js/case/completeness/single_app_tracing/expression/basic_expression_operation/binary_expression_subtract_assignment_002_F.js
  AffectedNodeName: result
  13:  Var Pass:    let result = __taint_src;
 /sast-js/case/completeness/single_app_tracing/expression/basic_expression_operation/binary_expression_subtract_assignment_002_F.js
  AffectedNodeName: __taint_sink
  15:  SINK:    __taint_sink(result);
2026-04-16 16:32:56.909 INFO 
-------------  168 :  taint_flow_test ------------- 
2026-04-16 16:32:56.909 INFO Description: taint_flow_test，回归测试使用，不推荐外部使用
2026-04-16 16:32:56.909 INFO File: /sast-js/case/completeness/single_app_tracing/expression/basic_expression_operation/bitwise_expression_and_001_T.js
2026-04-16 16:32:56.909 INFO Line 13: __taint_sink(result)
2026-04-16 16:32:56.909 INFO SINK RULE: __taint_sink
2026-04-16 16:32:56.909 INFO entrypoint: 
2026-04-16 16:32:56.909 INFO {
  filePath: '/sast-js/case/completeness/single_app_tracing/expression/basic_expression_operation/bitwise_expression_and_001_T.js',
  functionName: 'bitwise_expression_and_001_T',
  attribute: 'fullCallGraphMade',
  type: 'functionCall',
  packageName: undefined,
  funcReceiverType: ''
}
2026-04-16 16:32:56.909 INFO Trace: 
2026-04-16 16:32:56.909 INFO  /sast-js/case/completeness/single_app_tracing/expression/basic_expression_operation/bitwise_expression_and_001_T.js
  AffectedNodeName: __taint_src
  11:  SOURCE:  function bitwise_expression_and_001_T(__taint_src) {
 /sast-js/case/completeness/single_app_tracing/expression/basic_expression_operation/bitwise_expression_and_001_T.js
  AffectedNodeName: result
  12:  Var Pass:    let result = __taint_src & 1;
 /sast-js/case/completeness/single_app_tracing/expression/basic_expression_operation/bitwise_expression_and_001_T.js
  AffectedNodeName: __taint_sink
  13:  SINK:    __taint_sink(result);
2026-04-16 16:32:56.909 INFO 
-------------  169 :  taint_flow_test ------------- 
2026-04-16 16:32:56.909 INFO Description: taint_flow_test，回归测试使用，不推荐外部使用
2026-04-16 16:32:56.909 INFO File: /sast-js/case/completeness/single_app_tracing/expression/basic_expression_operation/bitwise_expression_lsh_001_T.js
2026-04-16 16:32:56.909 INFO Line 13: __taint_sink(result)
2026-04-16 16:32:56.909 INFO SINK RULE: __taint_sink
2026-04-16 16:32:56.910 INFO entrypoint: 
2026-04-16 16:32:56.910 INFO {
  filePath: '/sast-js/case/completeness/single_app_tracing/expression/basic_expression_operation/bitwise_expression_lsh_001_T.js',
  functionName: 'bitwise_expression_lsh_001_T',
  attribute: 'fullCallGraphMade',
  type: 'functionCall',
  packageName: undefined,
  funcReceiverType: ''
}
2026-04-16 16:32:56.910 INFO Trace: 
2026-04-16 16:32:56.910 INFO  /sast-js/case/completeness/single_app_tracing/expression/basic_expression_operation/bitwise_expression_lsh_001_T.js
  AffectedNodeName: __taint_src
  11:  SOURCE:  function bitwise_expression_lsh_001_T(__taint_src) {
 /sast-js/case/completeness/single_app_tracing/expression/basic_expression_operation/bitwise_expression_lsh_001_T.js
  AffectedNodeName: result
  12:  Var Pass:    let result = __taint_src << 1;
 /sast-js/case/completeness/single_app_tracing/expression/basic_expression_operation/bitwise_expression_lsh_001_T.js
  AffectedNodeName: __taint_sink
  13:  SINK:    __taint_sink(result);
2026-04-16 16:32:56.910 INFO 
-------------  170 :  taint_flow_test ------------- 
2026-04-16 16:32:56.910 INFO Description: taint_flow_test，回归测试使用，不推荐外部使用
2026-04-16 16:32:56.910 INFO File: /sast-js/case/completeness/single_app_tracing/expression/basic_expression_operation/bitwise_expression_not_001_T.js
2026-04-16 16:32:56.910 INFO Line 13: __taint_sink(result)
2026-04-16 16:32:56.910 INFO SINK RULE: __taint_sink
2026-04-16 16:32:56.910 INFO entrypoint: 
2026-04-16 16:32:56.910 INFO {
  filePath: '/sast-js/case/completeness/single_app_tracing/expression/basic_expression_operation/bitwise_expression_not_001_T.js',
  functionName: 'bitwise_expression_not_001_T',
  attribute: 'fullCallGraphMade',
  type: 'functionCall',
  packageName: undefined,
  funcReceiverType: ''
}
2026-04-16 16:32:56.910 INFO Trace: 
2026-04-16 16:32:56.910 INFO  /sast-js/case/completeness/single_app_tracing/expression/basic_expression_operation/bitwise_expression_not_001_T.js
  AffectedNodeName: __taint_src
  11:  SOURCE:  function bitwise_expression_not_001_T(__taint_src) {
 /sast-js/case/completeness/single_app_tracing/expression/basic_expression_operation/bitwise_expression_not_001_T.js
  AffectedNodeName: __taint_sink
  13:  SINK:    __taint_sink(result);
2026-04-16 16:32:56.910 INFO 
-------------  171 :  taint_flow_test ------------- 
2026-04-16 16:32:56.910 INFO Description: taint_flow_test，回归测试使用，不推荐外部使用
2026-04-16 16:32:56.910 INFO File: /sast-js/case/completeness/single_app_tracing/expression/basic_expression_operation/bitwise_expression_or_001_T.js
2026-04-16 16:32:56.910 INFO Line 13: __taint_sink(result)
2026-04-16 16:32:56.910 INFO SINK RULE: __taint_sink
2026-04-16 16:32:56.910 INFO entrypoint: 
2026-04-16 16:32:56.910 INFO {
  filePath: '/sast-js/case/completeness/single_app_tracing/expression/basic_expression_operation/bitwise_expression_or_001_T.js',
  functionName: 'bitwise_expression_or_001_T',
  attribute: 'fullCallGraphMade',
  type: 'functionCall',
  packageName: undefined,
  funcReceiverType: ''
}
2026-04-16 16:32:56.910 INFO Trace: 
2026-04-16 16:32:56.910 INFO  /sast-js/case/completeness/single_app_tracing/expression/basic_expression_operation/bitwise_expression_or_001_T.js
  AffectedNodeName: __taint_src
  11:  SOURCE:  function bitwise_expression_or_001_T(__taint_src) {
 /sast-js/case/completeness/single_app_tracing/expression/basic_expression_operation/bitwise_expression_or_001_T.js
  AffectedNodeName: result
  12:  Var Pass:    let result = __taint_src | 1;
 /sast-js/case/completeness/single_app_tracing/expression/basic_expression_operation/bitwise_expression_or_001_T.js
  AffectedNodeName: __taint_sink
  13:  SINK:    __taint_sink(result);
2026-04-16 16:32:56.913 INFO 
-------------  172 :  taint_flow_test ------------- 
2026-04-16 16:32:56.913 INFO Description: taint_flow_test，回归测试使用，不推荐外部使用
2026-04-16 16:32:56.913 INFO File: /sast-js/case/completeness/single_app_tracing/expression/basic_expression_operation/bitwise_expression_rsh_001_T.js
2026-04-16 16:32:56.913 INFO Line 13: __taint_sink(result)
2026-04-16 16:32:56.913 INFO SINK RULE: __taint_sink
2026-04-16 16:32:56.913 INFO entrypoint: 
2026-04-16 16:32:56.913 INFO {
  filePath: '/sast-js/case/completeness/single_app_tracing/expression/basic_expression_operation/bitwise_expression_rsh_001_T.js',
  functionName: 'bitwise_expression_rsh_001_T',
  attribute: 'fullCallGraphMade',
  type: 'functionCall',
  packageName: undefined,
  funcReceiverType: ''
}
2026-04-16 16:32:56.913 INFO Trace: 
2026-04-16 16:32:56.913 INFO  /sast-js/case/completeness/single_app_tracing/expression/basic_expression_operation/bitwise_expression_rsh_001_T.js
  AffectedNodeName: __taint_src
  11:  SOURCE:  function bitwise_expression_rsh_001_T(__taint_src) {
 /sast-js/case/completeness/single_app_tracing/expression/basic_expression_operation/bitwise_expression_rsh_001_T.js
  AffectedNodeName: result
  12:  Var Pass:    let result = __taint_src >> 1;
 /sast-js/case/completeness/single_app_tracing/expression/basic_expression_operation/bitwise_expression_rsh_001_T.js
  AffectedNodeName: __taint_sink
  13:  SINK:    __taint_sink(result);
2026-04-16 16:32:56.913 INFO 
-------------  173 :  taint_flow_test ------------- 
2026-04-16 16:32:56.913 INFO Description: taint_flow_test，回归测试使用，不推荐外部使用
2026-04-16 16:32:56.913 INFO File: /sast-js/case/completeness/single_app_tracing/expression/basic_expression_operation/bitwise_expression_xor_001_T.js
2026-04-16 16:32:56.913 INFO Line 13: __taint_sink(result)
2026-04-16 16:32:56.913 INFO SINK RULE: __taint_sink
2026-04-16 16:32:56.913 INFO entrypoint: 
2026-04-16 16:32:56.913 INFO {
  filePath: '/sast-js/case/completeness/single_app_tracing/expression/basic_expression_operation/bitwise_expression_xor_001_T.js',
  functionName: 'bitwise_expression_xor_001_T',
  attribute: 'fullCallGraphMade',
  type: 'functionCall',
  packageName: undefined,
  funcReceiverType: ''
}
2026-04-16 16:32:56.913 INFO Trace: 
2026-04-16 16:32:56.913 INFO  /sast-js/case/completeness/single_app_tracing/expression/basic_expression_operation/bitwise_expression_xor_001_T.js
  AffectedNodeName: __taint_src
  11:  SOURCE:  function bitwise_expression_xor_001_T(__taint_src) {
 /sast-js/case/completeness/single_app_tracing/expression/basic_expression_operation/bitwise_expression_xor_001_T.js
  AffectedNodeName: result
  12:  Var Pass:    let result = __taint_src ^ 1;
 /sast-js/case/completeness/single_app_tracing/expression/basic_expression_operation/bitwise_expression_xor_001_T.js
  AffectedNodeName: __taint_sink
  13:  SINK:    __taint_sink(result);
2026-04-16 16:32:56.913 INFO 
-------------  174 :  taint_flow_test ------------- 
2026-04-16 16:32:56.914 INFO Description: taint_flow_test，回归测试使用，不推荐外部使用
2026-04-16 16:32:56.914 INFO File: /sast-js/case/completeness/single_app_tracing/expression/conditional_expression/conditional_expression_001_T.js
2026-04-16 16:32:56.914 INFO Line 14: __taint_sink(result)
2026-04-16 16:32:56.914 INFO SINK RULE: __taint_sink
2026-04-16 16:32:56.914 INFO entrypoint: 
2026-04-16 16:32:56.914 INFO {
  filePath: '/sast-js/case/completeness/single_app_tracing/expression/conditional_expression/conditional_expression_001_T.js',
  functionName: 'conditional_expression_001_T',
  attribute: 'fullCallGraphMade',
  type: 'functionCall',
  packageName: undefined,
  funcReceiverType: ''
}
2026-04-16 16:32:56.914 INFO Trace: 
2026-04-16 16:32:56.914 INFO  /sast-js/case/completeness/single_app_tracing/expression/conditional_expression/conditional_expression_001_T.js
  AffectedNodeName: __taint_src
  11:  SOURCE:  function conditional_expression_001_T(__taint_src) {
 /sast-js/case/completeness/single_app_tracing/expression/conditional_expression/conditional_expression_001_T.js
  AffectedNodeName: result
  13:  Var Pass:   result = true ? __taint_src : "aa";
 /sast-js/case/completeness/single_app_tracing/expression/conditional_expression/conditional_expression_001_T.js
  AffectedNodeName: __taint_sink
  14:  SINK:    __taint_sink(result);
2026-04-16 16:32:56.914 INFO 
-------------  175 :  taint_flow_test ------------- 
2026-04-16 16:32:56.914 INFO Description: taint_flow_test，回归测试使用，不推荐外部使用
2026-04-16 16:32:56.914 INFO File: /sast-js/case/completeness/single_app_tracing/expression/basic_expression_operation/logic_expression_and_002_T.js
2026-04-16 16:32:56.914 INFO Line 13: __taint_sink(result)
2026-04-16 16:32:56.914 INFO SINK RULE: __taint_sink
2026-04-16 16:32:56.914 INFO entrypoint: 
2026-04-16 16:32:56.914 INFO {
  filePath: '/sast-js/case/completeness/single_app_tracing/expression/basic_expression_operation/logic_expression_and_002_T.js',
  functionName: 'logic_expression_and_002_T',
  attribute: 'fullCallGraphMade',
  type: 'functionCall',
  packageName: undefined,
  funcReceiverType: ''
}
2026-04-16 16:32:56.914 INFO Trace: 
2026-04-16 16:32:56.914 INFO  /sast-js/case/completeness/single_app_tracing/expression/basic_expression_operation/logic_expression_and_002_T.js
  AffectedNodeName: __taint_src
  11:  SOURCE:  function logic_expression_and_002_T(__taint_src) {
 /sast-js/case/completeness/single_app_tracing/expression/basic_expression_operation/logic_expression_and_002_T.js
  AffectedNodeName: result
  12:  Var Pass:    let result = "_" && __taint_src;
 /sast-js/case/completeness/single_app_tracing/expression/basic_expression_operation/logic_expression_and_002_T.js
  AffectedNodeName: __taint_sink
  13:  SINK:    __taint_sink(result);
2026-04-16 16:32:56.914 INFO 
-------------  176 :  taint_flow_test ------------- 
2026-04-16 16:32:56.914 INFO Description: taint_flow_test，回归测试使用，不推荐外部使用
2026-04-16 16:32:56.914 INFO File: /sast-js/case/completeness/single_app_tracing/expression/basic_expression_operation/logic_expression_not_001_T.js
2026-04-16 16:32:56.914 INFO Line 14: __taint_sink(result)
2026-04-16 16:32:56.914 INFO SINK RULE: __taint_sink
2026-04-16 16:32:56.914 INFO entrypoint: 
2026-04-16 16:32:56.914 INFO {
  filePath: '/sast-js/case/completeness/single_app_tracing/expression/basic_expression_operation/logic_expression_not_001_T.js',
  functionName: 'logic_expression_not_001_T',
  attribute: 'fullCallGraphMade',
  type: 'functionCall',
  packageName: undefined,
  funcReceiverType: ''
}
2026-04-16 16:32:56.914 INFO Trace: 
2026-04-16 16:32:56.914 INFO  /sast-js/case/completeness/single_app_tracing/expression/basic_expression_operation/logic_expression_not_001_T.js
  AffectedNodeName: __taint_src
  11:  SOURCE:  function logic_expression_not_001_T(__taint_src) {
 /sast-js/case/completeness/single_app_tracing/expression/basic_expression_operation/logic_expression_not_001_T.js
  AffectedNodeName: __taint_sink
  14:  SINK:    __taint_sink(result);
2026-04-16 16:32:56.914 INFO 
-------------  177 :  taint_flow_test ------------- 
2026-04-16 16:32:56.914 INFO Description: taint_flow_test，回归测试使用，不推荐外部使用
2026-04-16 16:32:56.914 INFO File: /sast-js/case/completeness/single_app_tracing/expression/basic_expression_operation/logic_expression_or_001_T.js
2026-04-16 16:32:56.914 INFO Line 13: __taint_sink(result)
2026-04-16 16:32:56.914 INFO SINK RULE: __taint_sink
2026-04-16 16:32:56.914 INFO entrypoint: 
2026-04-16 16:32:56.914 INFO {
  filePath: '/sast-js/case/completeness/single_app_tracing/expression/basic_expression_operation/logic_expression_or_001_T.js',
  functionName: 'logic_expression_or_001_T',
  attribute: 'fullCallGraphMade',
  type: 'functionCall',
  packageName: undefined,
  funcReceiverType: ''
}
2026-04-16 16:32:56.914 INFO Trace: 
2026-04-16 16:32:56.914 INFO  /sast-js/case/completeness/single_app_tracing/expression/basic_expression_operation/logic_expression_or_001_T.js
  AffectedNodeName: __taint_src
  11:  SOURCE:  function logic_expression_or_001_T(__taint_src) {
 /sast-js/case/completeness/single_app_tracing/expression/basic_expression_operation/logic_expression_or_001_T.js
  AffectedNodeName: result
  12:  Var Pass:    let result = __taint_src || "_";
 /sast-js/case/completeness/single_app_tracing/expression/basic_expression_operation/logic_expression_or_001_T.js
  AffectedNodeName: __taint_sink
  13:  SINK:    __taint_sink(result);
2026-04-16 16:32:56.914 INFO 
-------------  178 :  taint_flow_test ------------- 
2026-04-16 16:32:56.914 INFO Description: taint_flow_test，回归测试使用，不推荐外部使用
2026-04-16 16:32:56.914 INFO File: /sast-js/case/completeness/single_app_tracing/expression/basic_expression_operation/prefix_expression_001_T.js
2026-04-16 16:32:56.914 INFO Line 13: __taint_sink(result)
2026-04-16 16:32:56.914 INFO SINK RULE: __taint_sink
2026-04-16 16:32:56.915 INFO entrypoint: 
2026-04-16 16:32:56.915 INFO {
  filePath: '/sast-js/case/completeness/single_app_tracing/expression/basic_expression_operation/prefix_expression_001_T.js',
  functionName: 'prefix_expression_001_T',
  attribute: 'fullCallGraphMade',
  type: 'functionCall',
  packageName: undefined,
  funcReceiverType: ''
}
2026-04-16 16:32:56.915 INFO Trace: 
2026-04-16 16:32:56.915 INFO  /sast-js/case/completeness/single_app_tracing/expression/basic_expression_operation/prefix_expression_001_T.js
  AffectedNodeName: __taint_src
  11:  SOURCE:  function prefix_expression_001_T(__taint_src) {
 /sast-js/case/completeness/single_app_tracing/expression/basic_expression_operation/prefix_expression_001_T.js
  AffectedNodeName: __taint_sink
  13:  SINK:    __taint_sink(result);
2026-04-16 16:32:56.915 INFO 
-------------  179 :  taint_flow_test ------------- 
2026-04-16 16:32:56.915 INFO Description: taint_flow_test，回归测试使用，不推荐外部使用
2026-04-16 16:32:56.915 INFO File: /sast-js/case/completeness/single_app_tracing/expression/basic_expression_operation/relation_expression_equal_001_T.js
2026-04-16 16:32:56.915 INFO Line 13: __taint_sink(result)
2026-04-16 16:32:56.915 INFO SINK RULE: __taint_sink
2026-04-16 16:32:56.915 INFO entrypoint: 
2026-04-16 16:32:56.915 INFO {
  filePath: '/sast-js/case/completeness/single_app_tracing/expression/basic_expression_operation/relation_expression_equal_001_T.js',
  functionName: 'relation_expression_equal_001_T',
  attribute: 'fullCallGraphMade',
  type: 'functionCall',
  packageName: undefined,
  funcReceiverType: ''
}
2026-04-16 16:32:56.915 INFO Trace: 
2026-04-16 16:32:56.915 INFO  /sast-js/case/completeness/single_app_tracing/expression/basic_expression_operation/relation_expression_equal_001_T.js
  AffectedNodeName: __taint_src
  11:  SOURCE:  function relation_expression_equal_001_T(__taint_src) {
 /sast-js/case/completeness/single_app_tracing/expression/basic_expression_operation/relation_expression_equal_001_T.js
  AffectedNodeName: result
  12:  Var Pass:    let result = __taint_src === "taint_src_value";
 /sast-js/case/completeness/single_app_tracing/expression/basic_expression_operation/relation_expression_equal_001_T.js
  AffectedNodeName: __taint_sink
  13:  SINK:    __taint_sink(result);
2026-04-16 16:32:56.915 INFO 
-------------  180 :  taint_flow_test ------------- 
2026-04-16 16:32:56.915 INFO Description: taint_flow_test，回归测试使用，不推荐外部使用
2026-04-16 16:32:56.915 INFO File: /sast-js/case/completeness/single_app_tracing/expression/basic_expression_operation/relation_expression_equal_002_F.js
2026-04-16 16:32:56.915 INFO Line 13: __taint_sink(result)
2026-04-16 16:32:56.915 INFO SINK RULE: __taint_sink
2026-04-16 16:32:56.915 INFO entrypoint: 
2026-04-16 16:32:56.915 INFO {
  filePath: '/sast-js/case/completeness/single_app_tracing/expression/basic_expression_operation/relation_expression_equal_002_F.js',
  functionName: 'relation_expression_equal_002_F',
  attribute: 'fullCallGraphMade',
  type: 'functionCall',
  packageName: undefined,
  funcReceiverType: ''
}
2026-04-16 16:32:56.915 INFO Trace: 
2026-04-16 16:32:56.915 INFO  /sast-js/case/completeness/single_app_tracing/expression/basic_expression_operation/relation_expression_equal_002_F.js
  AffectedNodeName: __taint_src
  11:  SOURCE:  function relation_expression_equal_002_F(__taint_src) {
 /sast-js/case/completeness/single_app_tracing/expression/basic_expression_operation/relation_expression_equal_002_F.js
  AffectedNodeName: result
  12:  Var Pass:    let result = __taint_src === "__taint_src";
 /sast-js/case/completeness/single_app_tracing/expression/basic_expression_operation/relation_expression_equal_002_F.js
  AffectedNodeName: __taint_sink
  13:  SINK:    __taint_sink(result);
2026-04-16 16:32:56.915 INFO 
-------------  181 :  taint_flow_test ------------- 
2026-04-16 16:32:56.915 INFO Description: taint_flow_test，回归测试使用，不推荐外部使用
2026-04-16 16:32:56.915 INFO File: /sast-js/case/completeness/single_app_tracing/expression/basic_expression_operation/relation_expression_greater_001_T.js
2026-04-16 16:32:56.915 INFO Line 13: __taint_sink(result)
2026-04-16 16:32:56.915 INFO SINK RULE: __taint_sink
2026-04-16 16:32:56.915 INFO entrypoint: 
2026-04-16 16:32:56.915 INFO {
  filePath: '/sast-js/case/completeness/single_app_tracing/expression/basic_expression_operation/relation_expression_greater_001_T.js',
  functionName: 'relation_expression_greater_001_T',
  attribute: 'fullCallGraphMade',
  type: 'functionCall',
  packageName: undefined,
  funcReceiverType: ''
}
2026-04-16 16:32:56.915 INFO Trace: 
2026-04-16 16:32:56.915 INFO  /sast-js/case/completeness/single_app_tracing/expression/basic_expression_operation/relation_expression_greater_001_T.js
  AffectedNodeName: __taint_src
  11:  SOURCE:  function relation_expression_greater_001_T(__taint_src) {
 /sast-js/case/completeness/single_app_tracing/expression/basic_expression_operation/relation_expression_greater_001_T.js
  AffectedNodeName: result
  12:  Var Pass:    let result = __taint_src > "__taint_src";
 /sast-js/case/completeness/single_app_tracing/expression/basic_expression_operation/relation_expression_greater_001_T.js
  AffectedNodeName: __taint_sink
  13:  SINK:    __taint_sink(result);
2026-04-16 16:32:56.915 INFO 
-------------  182 :  taint_flow_test ------------- 
2026-04-16 16:32:56.915 INFO Description: taint_flow_test，回归测试使用，不推荐外部使用
2026-04-16 16:32:56.915 INFO File: /sast-js/case/completeness/single_app_tracing/expression/basic_expression_operation/relation_expression_greater_002_F.js
2026-04-16 16:32:56.915 INFO Line 13: __taint_sink(result)
2026-04-16 16:32:56.915 INFO SINK RULE: __taint_sink
2026-04-16 16:32:56.915 INFO entrypoint: 
2026-04-16 16:32:56.915 INFO {
  filePath: '/sast-js/case/completeness/single_app_tracing/expression/basic_expression_operation/relation_expression_greater_002_F.js',
  functionName: 'relation_expression_greater_002_F',
  attribute: 'fullCallGraphMade',
  type: 'functionCall',
  packageName: undefined,
  funcReceiverType: ''
}
2026-04-16 16:32:56.915 INFO Trace: 
2026-04-16 16:32:56.915 INFO  /sast-js/case/completeness/single_app_tracing/expression/basic_expression_operation/relation_expression_greater_002_F.js
  AffectedNodeName: __taint_src
  11:  SOURCE:  function relation_expression_greater_002_F(__taint_src) {
 /sast-js/case/completeness/single_app_tracing/expression/basic_expression_operation/relation_expression_greater_002_F.js
  AffectedNodeName: result
  12:  Var Pass:    let result = __taint_src > "taint_src_value";
 /sast-js/case/completeness/single_app_tracing/expression/basic_expression_operation/relation_expression_greater_002_F.js
  AffectedNodeName: __taint_sink
  13:  SINK:    __taint_sink(result);
2026-04-16 16:32:56.915 INFO 
-------------  183 :  taint_flow_test ------------- 
2026-04-16 16:32:56.915 INFO Description: taint_flow_test，回归测试使用，不推荐外部使用
2026-04-16 16:32:56.915 INFO File: /sast-js/case/completeness/single_app_tracing/expression/basic_expression_operation/relation_expression_greater_equal_001_T.js
2026-04-16 16:32:56.916 INFO Line 14: __taint_sink(result)
2026-04-16 16:32:56.916 INFO SINK RULE: __taint_sink
2026-04-16 16:32:56.916 INFO entrypoint: 
2026-04-16 16:32:56.916 INFO {
  filePath: '/sast-js/case/completeness/single_app_tracing/expression/basic_expression_operation/relation_expression_greater_equal_001_T.js',
  functionName: 'relation_expression_greater_equal_001_T',
  attribute: 'fullCallGraphMade',
  type: 'functionCall',
  packageName: undefined,
  funcReceiverType: ''
}
2026-04-16 16:32:56.916 INFO Trace: 
2026-04-16 16:32:56.916 INFO  /sast-js/case/completeness/single_app_tracing/expression/basic_expression_operation/relation_expression_greater_equal_001_T.js
  AffectedNodeName: __taint_src
  11:  SOURCE:  function relation_expression_greater_equal_001_T(__taint_src) {
 /sast-js/case/completeness/single_app_tracing/expression/basic_expression_operation/relation_expression_greater_equal_001_T.js
  AffectedNodeName: result
  13:  Var Pass:    let result = __taint_src >= 5;
 /sast-js/case/completeness/single_app_tracing/expression/basic_expression_operation/relation_expression_greater_equal_001_T.js
  AffectedNodeName: __taint_sink
  14:  SINK:    __taint_sink(result);
2026-04-16 16:32:56.916 INFO 
-------------  184 :  taint_flow_test ------------- 
2026-04-16 16:32:56.916 INFO Description: taint_flow_test，回归测试使用，不推荐外部使用
2026-04-16 16:32:56.916 INFO File: /sast-js/case/completeness/single_app_tracing/expression/basic_expression_operation/relation_expression_less_001_T.js
2026-04-16 16:32:56.916 INFO Line 13: __taint_sink(result)
2026-04-16 16:32:56.916 INFO SINK RULE: __taint_sink
2026-04-16 16:32:56.916 INFO entrypoint: 
2026-04-16 16:32:56.916 INFO {
  filePath: '/sast-js/case/completeness/single_app_tracing/expression/basic_expression_operation/relation_expression_less_001_T.js',
  functionName: 'relation_expression_less_001_T',
  attribute: 'fullCallGraphMade',
  type: 'functionCall',
  packageName: undefined,
  funcReceiverType: ''
}
2026-04-16 16:32:56.916 INFO Trace: 
2026-04-16 16:32:56.916 INFO  /sast-js/case/completeness/single_app_tracing/expression/basic_expression_operation/relation_expression_less_001_T.js
  AffectedNodeName: __taint_src
  11:  SOURCE:  function relation_expression_less_001_T(__taint_src) {
 /sast-js/case/completeness/single_app_tracing/expression/basic_expression_operation/relation_expression_less_001_T.js
  AffectedNodeName: result
  12:  Var Pass:    let result = __taint_src < "__taint_src";
 /sast-js/case/completeness/single_app_tracing/expression/basic_expression_operation/relation_expression_less_001_T.js
  AffectedNodeName: __taint_sink
  13:  SINK:    __taint_sink(result);
2026-04-16 16:32:56.916 INFO 
-------------  185 :  taint_flow_test ------------- 
2026-04-16 16:32:56.916 INFO Description: taint_flow_test，回归测试使用，不推荐外部使用
2026-04-16 16:32:56.916 INFO File: /sast-js/case/completeness/single_app_tracing/expression/basic_expression_operation/relation_expression_less_002_F.js
2026-04-16 16:32:56.916 INFO Line 13: __taint_sink(result)
2026-04-16 16:32:56.916 INFO SINK RULE: __taint_sink
2026-04-16 16:32:56.916 INFO entrypoint: 
2026-04-16 16:32:56.916 INFO {
  filePath: '/sast-js/case/completeness/single_app_tracing/expression/basic_expression_operation/relation_expression_less_002_F.js',
  functionName: 'relation_expression_less_002_F',
  attribute: 'fullCallGraphMade',
  type: 'functionCall',
  packageName: undefined,
  funcReceiverType: ''
}
2026-04-16 16:32:56.916 INFO Trace: 
2026-04-16 16:32:56.916 INFO  /sast-js/case/completeness/single_app_tracing/expression/basic_expression_operation/relation_expression_less_002_F.js
  AffectedNodeName: __taint_src
  11:  SOURCE:  function relation_expression_less_002_F(__taint_src) {
 /sast-js/case/completeness/single_app_tracing/expression/basic_expression_operation/relation_expression_less_002_F.js
  AffectedNodeName: result
  12:  Var Pass:    let result = __taint_src < "taint_src_valueaa";
 /sast-js/case/completeness/single_app_tracing/expression/basic_expression_operation/relation_expression_less_002_F.js
  AffectedNodeName: __taint_sink
  13:  SINK:    __taint_sink(result);
2026-04-16 16:32:56.916 INFO 
-------------  186 :  taint_flow_test ------------- 
2026-04-16 16:32:56.916 INFO Description: taint_flow_test，回归测试使用，不推荐外部使用
2026-04-16 16:32:56.916 INFO File: /sast-js/case/completeness/single_app_tracing/expression/basic_expression_operation/relation_expression_less_equal_001_T.js
2026-04-16 16:32:56.916 INFO Line 14: __taint_sink(result)
2026-04-16 16:32:56.916 INFO SINK RULE: __taint_sink
2026-04-16 16:32:56.916 INFO entrypoint: 
2026-04-16 16:32:56.916 INFO {
  filePath: '/sast-js/case/completeness/single_app_tracing/expression/basic_expression_operation/relation_expression_less_equal_001_T.js',
  functionName: 'relation_expression_less_equal_001_T',
  attribute: 'fullCallGraphMade',
  type: 'functionCall',
  packageName: undefined,
  funcReceiverType: ''
}
2026-04-16 16:32:56.916 INFO Trace: 
2026-04-16 16:32:56.916 INFO  /sast-js/case/completeness/single_app_tracing/expression/basic_expression_operation/relation_expression_less_equal_001_T.js
  AffectedNodeName: __taint_src
  11:  SOURCE:  function relation_expression_less_equal_001_T(__taint_src) {
 /sast-js/case/completeness/single_app_tracing/expression/basic_expression_operation/relation_expression_less_equal_001_T.js
  AffectedNodeName: result
  13:  Var Pass:    let result = __taint_src <= 5;
 /sast-js/case/completeness/single_app_tracing/expression/basic_expression_operation/relation_expression_less_equal_001_T.js
  AffectedNodeName: __taint_sink
  14:  SINK:    __taint_sink(result);
2026-04-16 16:32:56.916 INFO 
-------------  187 :  taint_flow_test ------------- 
2026-04-16 16:32:56.916 INFO Description: taint_flow_test，回归测试使用，不推荐外部使用
2026-04-16 16:32:56.916 INFO File: /sast-js/case/completeness/single_app_tracing/expression/basic_expression_operation/relation_expression_not_equal_001_T.js
2026-04-16 16:32:56.916 INFO Line 14: __taint_sink(result)
2026-04-16 16:32:56.916 INFO SINK RULE: __taint_sink
2026-04-16 16:32:56.916 INFO entrypoint: 
2026-04-16 16:32:56.916 INFO {
  filePath: '/sast-js/case/completeness/single_app_tracing/expression/basic_expression_operation/relation_expression_not_equal_001_T.js',
  functionName: 'relation_expression_not_equal_001_T',
  attribute: 'fullCallGraphMade',
  type: 'functionCall',
  packageName: undefined,
  funcReceiverType: ''
}
2026-04-16 16:32:56.917 INFO Trace: 
2026-04-16 16:32:56.917 INFO  /sast-js/case/completeness/single_app_tracing/expression/basic_expression_operation/relation_expression_not_equal_001_T.js
  AffectedNodeName: __taint_src
  11:  SOURCE:  function relation_expression_not_equal_001_T(__taint_src) {
 /sast-js/case/completeness/single_app_tracing/expression/basic_expression_operation/relation_expression_not_equal_001_T.js
  AffectedNodeName: result
  13:  Var Pass:    let result = __taint_src != "safe_value";
 /sast-js/case/completeness/single_app_tracing/expression/basic_expression_operation/relation_expression_not_equal_001_T.js
  AffectedNodeName: __taint_sink
  14:  SINK:    __taint_sink(result);
2026-04-16 16:32:56.917 INFO 
-------------  188 :  taint_flow_test ------------- 
2026-04-16 16:32:56.917 INFO Description: taint_flow_test，回归测试使用，不推荐外部使用
2026-04-16 16:32:56.917 INFO File: /sast-js/case/completeness/single_app_tracing/expression/basic_expression_operation/relation_expression_strict_not_equal_001_T.js
2026-04-16 16:32:56.917 INFO Line 14: __taint_sink(result)
2026-04-16 16:32:56.917 INFO SINK RULE: __taint_sink
2026-04-16 16:32:56.917 INFO entrypoint: 
2026-04-16 16:32:56.917 INFO {
  filePath: '/sast-js/case/completeness/single_app_tracing/expression/basic_expression_operation/relation_expression_strict_not_equal_001_T.js',
  functionName: 'relation_expression_strict_not_equal_001_T',
  attribute: 'fullCallGraphMade',
  type: 'functionCall',
  packageName: undefined,
  funcReceiverType: ''
}
2026-04-16 16:32:56.917 INFO Trace: 
2026-04-16 16:32:56.917 INFO  /sast-js/case/completeness/single_app_tracing/expression/basic_expression_operation/relation_expression_strict_not_equal_001_T.js
  AffectedNodeName: __taint_src
  11:  SOURCE:  function relation_expression_strict_not_equal_001_T(__taint_src) {
 /sast-js/case/completeness/single_app_tracing/expression/basic_expression_operation/relation_expression_strict_not_equal_001_T.js
  AffectedNodeName: result
  13:  Var Pass:    let result = __taint_src !== "safe_value";
 /sast-js/case/completeness/single_app_tracing/expression/basic_expression_operation/relation_expression_strict_not_equal_001_T.js
  AffectedNodeName: __taint_sink
  14:  SINK:    __taint_sink(result);
2026-04-16 16:32:56.917 INFO 
-------------  189 :  taint_flow_test ------------- 
2026-04-16 16:32:56.917 INFO Description: taint_flow_test，回归测试使用，不推荐外部使用
2026-04-16 16:32:56.917 INFO File: /sast-js/case/completeness/single_app_tracing/expression/basic_expression_operation/suffix_expression_001_T.js
2026-04-16 16:32:56.917 INFO Line 13: __taint_sink(result)
2026-04-16 16:32:56.917 INFO SINK RULE: __taint_sink
2026-04-16 16:32:56.917 INFO entrypoint: 
2026-04-16 16:32:56.917 INFO {
  filePath: '/sast-js/case/completeness/single_app_tracing/expression/basic_expression_operation/suffix_expression_001_T.js',
  functionName: 'suffix_expression_001_T',
  attribute: 'fullCallGraphMade',
  type: 'functionCall',
  packageName: undefined,
  funcReceiverType: ''
}
2026-04-16 16:32:56.917 INFO Trace: 
2026-04-16 16:32:56.917 INFO  /sast-js/case/completeness/single_app_tracing/expression/basic_expression_operation/suffix_expression_001_T.js
  AffectedNodeName: __taint_src
  11:  SOURCE:  function suffix_expression_001_T(__taint_src) {
 /sast-js/case/completeness/single_app_tracing/expression/basic_expression_operation/suffix_expression_001_T.js
  AffectedNodeName: __taint_sink
  13:  SINK:    __taint_sink(result);
2026-04-16 16:32:56.917 INFO 
-------------  190 :  taint_flow_test ------------- 
2026-04-16 16:32:56.917 INFO Description: taint_flow_test，回归测试使用，不推荐外部使用
2026-04-16 16:32:56.917 INFO File: /sast-js/case/completeness/single_app_tracing/expression/lambda_expression/lambda_expression_001_T.js
2026-04-16 16:32:56.917 INFO Line 15: __taint_sink(result)
2026-04-16 16:32:56.917 INFO SINK RULE: __taint_sink
2026-04-16 16:32:56.917 INFO entrypoint: 
2026-04-16 16:32:56.917 INFO {
  filePath: '/sast-js/case/completeness/single_app_tracing/expression/lambda_expression/lambda_expression_001_T.js',
  functionName: 'lambda_expression_001_T',
  attribute: 'fullCallGraphMade',
  type: 'functionCall',
  packageName: undefined,
  funcReceiverType: ''
}
2026-04-16 16:32:56.917 INFO Trace: 
2026-04-16 16:32:56.917 INFO  /sast-js/case/completeness/single_app_tracing/expression/lambda_expression/lambda_expression_001_T.js
  AffectedNodeName: __taint_src
  11:  SOURCE:  function lambda_expression_001_T(__taint_src) {
 /sast-js/case/completeness/single_app_tracing/expression/lambda_expression/lambda_expression_001_T.js
  AffectedNodeName: <anonymousFunc_13_18_13_26>
  14:  CALL:    result = lambda(__taint_src);
 /sast-js/case/completeness/single_app_tracing/expression/lambda_expression/lambda_expression_001_T.js
  AffectedNodeName: a
  13:  ARG PASS:    const lambda = (a) => a;
 /sast-js/case/completeness/single_app_tracing/expression/lambda_expression/lambda_expression_001_T.js
  AffectedNodeName: [return value]
  13:  Return Value:    const lambda = (a) => a;
 /sast-js/case/completeness/single_app_tracing/expression/lambda_expression/lambda_expression_001_T.js
  AffectedNodeName: <anonymousFunc_13_18_13_26>
  14:  CALL RETURN:   result = lambda(__taint_src);
 /sast-js/case/completeness/single_app_tracing/expression/lambda_expression/lambda_expression_001_T.js
  AffectedNodeName: result
  14:  Var Pass:   result = lambda(__taint_src);
 /sast-js/case/completeness/single_app_tracing/expression/lambda_expression/lambda_expression_001_T.js
  AffectedNodeName: __taint_sink
  15:  SINK:    __taint_sink(result);
2026-04-16 16:32:56.917 INFO 
-------------  191 :  taint_flow_test ------------- 
2026-04-16 16:32:56.917 INFO Description: taint_flow_test，回归测试使用，不推荐外部使用
2026-04-16 16:32:56.917 INFO File: /sast-js/case/completeness/single_app_tracing/expression/special_expression/delete_expression_001_T.js
2026-04-16 16:32:56.918 INFO Line 17: __taint_sink(Employee.lastname)
2026-04-16 16:32:56.918 INFO SINK RULE: __taint_sink
2026-04-16 16:32:56.918 INFO entrypoint: 
2026-04-16 16:32:56.918 INFO {
  filePath: '/sast-js/case/completeness/single_app_tracing/expression/special_expression/delete_expression_001_T.js',
  functionName: 'delete_expression_001_T',
  attribute: 'fullCallGraphMade',
  type: 'functionCall',
  packageName: undefined,
  funcReceiverType: ''
}
2026-04-16 16:32:56.918 INFO Trace: 
2026-04-16 16:32:56.918 INFO  /sast-js/case/completeness/single_app_tracing/expression/special_expression/delete_expression_001_T.js
  AffectedNodeName: __taint_src
  10:  SOURCE:  function delete_expression_001_T(__taint_src) {
 /sast-js/case/completeness/single_app_tracing/expression/special_expression/delete_expression_001_T.js
  AffectedNodeName: Employee
  11:  Var Pass:    const Employee = {
  12:  Var Pass:      firstname: "Bob",
  13:  Var Pass:      lastname: __taint_src,
  14:  Var Pass:    };
 /sast-js/case/completeness/single_app_tracing/expression/special_expression/delete_expression_001_T.js
  AffectedNodeName: __taint_sink
  17:  SINK:    __taint_sink(Employee.lastname);
2026-04-16 16:32:56.918 INFO 
-------------  192 :  taint_flow_test ------------- 
2026-04-16 16:32:56.918 INFO Description: taint_flow_test，回归测试使用，不推荐外部使用
2026-04-16 16:32:56.918 INFO File: /sast-js/case/completeness/single_app_tracing/expression/special_expression/delete_expression_003_T.js
2026-04-16 16:32:56.918 INFO Line 13: __taint_sink(array)
2026-04-16 16:32:56.918 INFO SINK RULE: __taint_sink
2026-04-16 16:32:56.918 INFO entrypoint: 
2026-04-16 16:32:56.918 INFO {
  filePath: '/sast-js/case/completeness/single_app_tracing/expression/special_expression/delete_expression_003_T.js',
  functionName: 'delete_expression_003_T',
  attribute: 'fullCallGraphMade',
  type: 'functionCall',
  packageName: undefined,
  funcReceiverType: ''
}
2026-04-16 16:32:56.918 INFO Trace: 
2026-04-16 16:32:56.918 INFO  /sast-js/case/completeness/single_app_tracing/expression/special_expression/delete_expression_003_T.js
  AffectedNodeName: __taint_src
  10:  SOURCE:  function delete_expression_003_T(__taint_src) {
 /sast-js/case/completeness/single_app_tracing/expression/special_expression/delete_expression_003_T.js
  AffectedNodeName: array
  11:  Var Pass:    const array = [__taint_src, "b", "c", "d"];
 /sast-js/case/completeness/single_app_tracing/expression/special_expression/delete_expression_003_T.js
  AffectedNodeName: __taint_sink
  13:  SINK:    __taint_sink(array);
2026-04-16 16:32:56.918 INFO 
-------------  193 :  taint_flow_test ------------- 
2026-04-16 16:32:56.918 INFO Description: taint_flow_test，回归测试使用，不推荐外部使用
2026-04-16 16:32:56.918 INFO File: /sast-js/case/completeness/single_app_tracing/expression/special_expression/destructuring_assignment_001_T.js
2026-04-16 16:32:56.918 INFO Line 14: __taint_sink(result)
2026-04-16 16:32:56.918 INFO SINK RULE: __taint_sink
2026-04-16 16:32:56.918 INFO entrypoint: 
2026-04-16 16:32:56.918 INFO {
  filePath: '/sast-js/case/completeness/single_app_tracing/expression/special_expression/destructuring_assignment_001_T.js',
  functionName: 'destructuring_assignment_001_T',
  attribute: 'fullCallGraphMade',
  type: 'functionCall',
  packageName: undefined,
  funcReceiverType: ''
}
2026-04-16 16:32:56.918 INFO Trace: 
2026-04-16 16:32:56.918 INFO  /sast-js/case/completeness/single_app_tracing/expression/special_expression/destructuring_assignment_001_T.js
  AffectedNodeName: __taint_src
  11:  SOURCE:  function destructuring_assignment_001_T(__taint_src) {
 /sast-js/case/completeness/single_app_tracing/expression/special_expression/destructuring_assignment_001_T.js
  AffectedNodeName: arr
  12:  Var Pass:    let arr = ["_", "_", __taint_src];
 /sast-js/case/completeness/single_app_tracing/expression/special_expression/destructuring_assignment_001_T.js
  AffectedNodeName: result
  13:  Var Pass:    let [a, b, result] = arr;
 /sast-js/case/completeness/single_app_tracing/expression/special_expression/destructuring_assignment_001_T.js
  AffectedNodeName: __taint_sink
  14:  SINK:    __taint_sink(result);
2026-04-16 16:32:56.918 INFO 
-------------  194 :  taint_flow_test ------------- 
2026-04-16 16:32:56.918 INFO Description: taint_flow_test，回归测试使用，不推荐外部使用
2026-04-16 16:32:56.918 INFO File: /sast-js/case/completeness/single_app_tracing/expression/special_expression/destructuring_assignment_003_T.js
2026-04-16 16:32:56.918 INFO Line 14: __taint_sink(c)
2026-04-16 16:32:56.918 INFO SINK RULE: __taint_sink
2026-04-16 16:32:56.918 INFO entrypoint: 
2026-04-16 16:32:56.918 INFO {
  filePath: '/sast-js/case/completeness/single_app_tracing/expression/special_expression/destructuring_assignment_003_T.js',
  functionName: 'destructuring_assignment_003_T',
  attribute: 'fullCallGraphMade',
  type: 'functionCall',
  packageName: undefined,
  funcReceiverType: ''
}
2026-04-16 16:32:56.918 INFO Trace: 
2026-04-16 16:32:56.918 INFO  /sast-js/case/completeness/single_app_tracing/expression/special_expression/destructuring_assignment_003_T.js
  AffectedNodeName: __taint_src
  11:  SOURCE:  function destructuring_assignment_003_T(__taint_src) {
 /sast-js/case/completeness/single_app_tracing/expression/special_expression/destructuring_assignment_003_T.js
  AffectedNodeName: arr
  12:  Var Pass:    let arr = { a: "_", b: "_", c: __taint_src };
 /sast-js/case/completeness/single_app_tracing/expression/special_expression/destructuring_assignment_003_T.js
  AffectedNodeName: c
  13:  Var Pass:    let { a, b, c } = arr;
 /sast-js/case/completeness/single_app_tracing/expression/special_expression/destructuring_assignment_003_T.js
  AffectedNodeName: __taint_sink
  14:  SINK:    __taint_sink(c);
2026-04-16 16:32:56.918 INFO 
-------------  195 :  taint_flow_test ------------- 
2026-04-16 16:32:56.918 INFO Description: taint_flow_test，回归测试使用，不推荐外部使用
2026-04-16 16:32:56.918 INFO File: /sast-js/case/completeness/single_app_tracing/expression/special_expression/destructuring_assignment_005_T.js
2026-04-16 16:32:56.918 INFO Line 14: __taint_sink(c)
2026-04-16 16:32:56.918 INFO SINK RULE: __taint_sink
2026-04-16 16:32:56.918 INFO entrypoint: 
2026-04-16 16:32:56.918 INFO {
  filePath: '/sast-js/case/completeness/single_app_tracing/expression/special_expression/destructuring_assignment_005_T.js',
  functionName: 'destructuring_assignment_005_T',
  attribute: 'fullCallGraphMade',
  type: 'functionCall',
  packageName: undefined,
  funcReceiverType: ''
}
2026-04-16 16:32:56.919 INFO Trace: 
2026-04-16 16:32:56.919 INFO  /sast-js/case/completeness/single_app_tracing/expression/special_expression/destructuring_assignment_005_T.js
  AffectedNodeName: __taint_src
  11:  SOURCE:  function destructuring_assignment_005_T(__taint_src) {
 /sast-js/case/completeness/single_app_tracing/expression/special_expression/destructuring_assignment_005_T.js
  AffectedNodeName: arr
  12:  Var Pass:    let arr = ["_", "_", [__taint_src, "_"]];
 /sast-js/case/completeness/single_app_tracing/expression/special_expression/destructuring_assignment_005_T.js
  AffectedNodeName: c
  13:  Var Pass:    let [a, b, [c, d]] = arr;
 /sast-js/case/completeness/single_app_tracing/expression/special_expression/destructuring_assignment_005_T.js
  AffectedNodeName: __taint_sink
  14:  SINK:    __taint_sink(c);
2026-04-16 16:32:56.919 INFO 
-------------  196 :  taint_flow_test ------------- 
2026-04-16 16:32:56.919 INFO Description: taint_flow_test，回归测试使用，不推荐外部使用
2026-04-16 16:32:56.919 INFO File: /sast-js/case/completeness/single_app_tracing/expression/special_expression/destructuring_assignment_007_T.js
2026-04-16 16:32:56.919 INFO Line 14: __taint_sink(c)
2026-04-16 16:32:56.919 INFO SINK RULE: __taint_sink
2026-04-16 16:32:56.919 INFO entrypoint: 
2026-04-16 16:32:56.919 INFO {
  filePath: '/sast-js/case/completeness/single_app_tracing/expression/special_expression/destructuring_assignment_007_T.js',
  functionName: 'destructuring_assignment_007_T',
  attribute: 'fullCallGraphMade',
  type: 'functionCall',
  packageName: undefined,
  funcReceiverType: ''
}
2026-04-16 16:32:56.919 INFO Trace: 
2026-04-16 16:32:56.919 INFO  /sast-js/case/completeness/single_app_tracing/expression/special_expression/destructuring_assignment_007_T.js
  AffectedNodeName: __taint_src
  11:  SOURCE:  function destructuring_assignment_007_T(__taint_src) {
 /sast-js/case/completeness/single_app_tracing/expression/special_expression/destructuring_assignment_007_T.js
  AffectedNodeName: arr
  12:  Var Pass:    let arr = { a: "_", b: "_", c: { __taint_src, d: "a" } };
 /sast-js/case/completeness/single_app_tracing/expression/special_expression/destructuring_assignment_007_T.js
  AffectedNodeName: c
  13:  Var Pass:    let { a, b, c } = arr;
 /sast-js/case/completeness/single_app_tracing/expression/special_expression/destructuring_assignment_007_T.js
  AffectedNodeName: __taint_sink
  14:  SINK:    __taint_sink(c);
2026-04-16 16:32:56.919 INFO 
-------------  197 :  taint_flow_test ------------- 
2026-04-16 16:32:56.919 INFO Description: taint_flow_test，回归测试使用，不推荐外部使用
2026-04-16 16:32:56.919 INFO File: /sast-js/case/completeness/single_app_tracing/expression/special_expression/exponentiation_operator_001_T.js
2026-04-16 16:32:56.919 INFO Line 13: __taint_sink(result)
2026-04-16 16:32:56.919 INFO SINK RULE: __taint_sink
2026-04-16 16:32:56.919 INFO entrypoint: 
2026-04-16 16:32:56.919 INFO {
  filePath: '/sast-js/case/completeness/single_app_tracing/expression/special_expression/exponentiation_operator_001_T.js',
  functionName: 'exponentiation_operator_001_T',
  attribute: 'fullCallGraphMade',
  type: 'functionCall',
  packageName: undefined,
  funcReceiverType: ''
}
2026-04-16 16:32:56.919 INFO Trace: 
2026-04-16 16:32:56.919 INFO  /sast-js/case/completeness/single_app_tracing/expression/special_expression/exponentiation_operator_001_T.js
  AffectedNodeName: __taint_src
  11:  SOURCE:  function exponentiation_operator_001_T(__taint_src) {
 /sast-js/case/completeness/single_app_tracing/expression/special_expression/exponentiation_operator_001_T.js
  AffectedNodeName: result
  12:  Var Pass:    let result = __taint_src ** 2;
 /sast-js/case/completeness/single_app_tracing/expression/special_expression/exponentiation_operator_001_T.js
  AffectedNodeName: __taint_sink
  13:  SINK:    __taint_sink(result);
2026-04-16 16:32:56.919 INFO 
-------------  198 :  taint_flow_test ------------- 
2026-04-16 16:32:56.919 INFO Description: taint_flow_test，回归测试使用，不推荐外部使用
2026-04-16 16:32:56.919 INFO File: /sast-js/case/completeness/single_app_tracing/expression/special_expression/nullish_coalescing_operator_001_T.js
2026-04-16 16:32:56.919 INFO Line 13: __taint_sink(result)
2026-04-16 16:32:56.919 INFO SINK RULE: __taint_sink
2026-04-16 16:32:56.919 INFO entrypoint: 
2026-04-16 16:32:56.919 INFO {
  filePath: '/sast-js/case/completeness/single_app_tracing/expression/special_expression/nullish_coalescing_operator_001_T.js',
  functionName: 'nullish_coalescing_operator_001_T',
  attribute: 'fullCallGraphMade',
  type: 'functionCall',
  packageName: undefined,
  funcReceiverType: ''
}
2026-04-16 16:32:56.919 INFO Trace: 
2026-04-16 16:32:56.919 INFO  /sast-js/case/completeness/single_app_tracing/expression/special_expression/nullish_coalescing_operator_001_T.js
  AffectedNodeName: __taint_src
  11:  SOURCE:  function nullish_coalescing_operator_001_T(__taint_src) {
 /sast-js/case/completeness/single_app_tracing/expression/special_expression/nullish_coalescing_operator_001_T.js
  AffectedNodeName: result
  12:  Var Pass:    let result = null ?? __taint_src;
 /sast-js/case/completeness/single_app_tracing/expression/special_expression/nullish_coalescing_operator_001_T.js
  AffectedNodeName: __taint_sink
  13:  SINK:    __taint_sink(result);
2026-04-16 16:32:56.919 INFO 
-------------  199 :  taint_flow_test ------------- 
2026-04-16 16:32:56.919 INFO Description: taint_flow_test，回归测试使用，不推荐外部使用
2026-04-16 16:32:56.919 INFO File: /sast-js/case/completeness/single_app_tracing/expression/special_expression/optional_chaining_operator_001_T.js
2026-04-16 16:32:56.919 INFO Line 17: __taint_sink(result)
2026-04-16 16:32:56.919 INFO SINK RULE: __taint_sink
2026-04-16 16:32:56.919 INFO entrypoint: 
2026-04-16 16:32:56.919 INFO {
  filePath: '/sast-js/case/completeness/single_app_tracing/expression/special_expression/optional_chaining_operator_001_T.js',
  functionName: 'optional_chaining_operator_001_T',
  attribute: 'fullCallGraphMade',
  type: 'functionCall',
  packageName: undefined,
  funcReceiverType: ''
}
2026-04-16 16:32:56.919 INFO Trace: 
2026-04-16 16:32:56.919 INFO  /sast-js/case/completeness/single_app_tracing/expression/special_expression/optional_chaining_operator_001_T.js
  AffectedNodeName: __taint_src
  11:  SOURCE:  function optional_chaining_operator_001_T(__taint_src) {
 /sast-js/case/completeness/single_app_tracing/expression/special_expression/optional_chaining_operator_001_T.js
  AffectedNodeName: obj
  12:  Var Pass:    let obj = {
  13:  Var Pass:      taintKey: __taint_src,
  14:  Var Pass:    };
 /sast-js/case/completeness/single_app_tracing/expression/special_expression/optional_chaining_operator_001_T.js
  AffectedNodeName: result
  16:  Var Pass:    let result = obj?.taintKey;
 /sast-js/case/completeness/single_app_tracing/expression/special_expression/optional_chaining_operator_001_T.js
  AffectedNodeName: __taint_sink
  17:  SINK:    __taint_sink(result);
2026-04-16 16:32:56.920 INFO 
-------------  200 :  taint_flow_test ------------- 
2026-04-16 16:32:56.920 INFO Description: taint_flow_test，回归测试使用，不推荐外部使用
2026-04-16 16:32:56.920 INFO File: /sast-js/case/completeness/single_app_tracing/expression/special_expression/rest_parameter_001_T.js
2026-04-16 16:32:56.920 INFO Line 16: __taint_sink(args)
2026-04-16 16:32:56.920 INFO SINK RULE: __taint_sink
2026-04-16 16:32:56.920 INFO entrypoint: 
2026-04-16 16:32:56.920 INFO {
  filePath: '/sast-js/case/completeness/single_app_tracing/expression/special_expression/rest_parameter_001_T.js',
  functionName: 'rest_parameter_001_T',
  attribute: 'fullCallGraphMade',
  type: 'functionCall',
  packageName: undefined,
  funcReceiverType: ''
}
2026-04-16 16:32:56.920 INFO Trace: 
2026-04-16 16:32:56.920 INFO  /sast-js/case/completeness/single_app_tracing/expression/special_expression/rest_parameter_001_T.js
  AffectedNodeName: __taint_src
  11:  SOURCE:  function rest_parameter_001_T(__taint_src) {
 /sast-js/case/completeness/single_app_tracing/expression/special_expression/rest_parameter_001_T.js
  AffectedNodeName: collectArgs
  12:  CALL:    collectArgs("prefix", __taint_src, "suffix");
 /sast-js/case/completeness/single_app_tracing/expression/special_expression/rest_parameter_001_T.js
  AffectedNodeName: __tmp1__
  15:  ARG PASS:  function collectArgs(...args) {
 /sast-js/case/completeness/single_app_tracing/expression/special_expression/rest_parameter_001_T.js
  AffectedNodeName: args
  15:  Var Pass: function collectArgs(...args) {
  16:  Var Pass:   __taint_sink(args);
  17:  Var Pass: }
 /sast-js/case/completeness/single_app_tracing/expression/special_expression/rest_parameter_001_T.js
  AffectedNodeName: __taint_sink
  16:  SINK:    __taint_sink(args);
2026-04-16 16:32:56.920 INFO 
-------------  201 :  taint_flow_test ------------- 
2026-04-16 16:32:56.920 INFO Description: taint_flow_test，回归测试使用，不推荐外部使用
2026-04-16 16:32:56.920 INFO File: /sast-js/case/completeness/single_app_tracing/expression/special_expression/rest_parameter_003_T.js
2026-04-16 16:32:56.920 INFO Line 17: __taint_sink({with(params)})
2026-04-16 16:32:56.920 INFO SINK RULE: __taint_sink
2026-04-16 16:32:56.920 INFO entrypoint: 
2026-04-16 16:32:56.920 INFO {
  filePath: '/sast-js/case/completeness/single_app_tracing/expression/special_expression/rest_parameter_003_T.js',
  functionName: 'rest_parameter_003_T',
  attribute: 'fullCallGraphMade',
  type: 'functionCall',
  packageName: undefined,
  funcReceiverType: ''
}
2026-04-16 16:32:56.920 INFO Trace: 
2026-04-16 16:32:56.920 INFO  /sast-js/case/completeness/single_app_tracing/expression/special_expression/rest_parameter_003_T.js
  AffectedNodeName: __taint_src
  11:  SOURCE:  function rest_parameter_003_T(__taint_src) {
 /sast-js/case/completeness/single_app_tracing/expression/special_expression/rest_parameter_003_T.js
  AffectedNodeName: params
  12:  Var Pass:    const params = {
  13:  Var Pass:      name: "Tony",
  14:  Var Pass:      age: "12",
  15:  Var Pass:      id: __taint_src,
  16:  Var Pass:    };
 /sast-js/case/completeness/single_app_tracing/expression/special_expression/rest_parameter_003_T.js
  AffectedNodeName: __taint_sink
  17:  SINK:    __taint_sink({ ...params });
2026-04-16 16:32:56.920 INFO 
-------------  202 :  taint_flow_test ------------- 
2026-04-16 16:32:56.920 INFO Description: taint_flow_test，回归测试使用，不推荐外部使用
2026-04-16 16:32:56.920 INFO File: /sast-js/case/completeness/single_app_tracing/expression/special_expression/rest_parameter_005_T.js
2026-04-16 16:32:56.920 INFO Line 16: __taint_sink(args)
2026-04-16 16:32:56.920 INFO SINK RULE: __taint_sink
2026-04-16 16:32:56.920 INFO entrypoint: 
2026-04-16 16:32:56.920 INFO {
  filePath: '/sast-js/case/completeness/single_app_tracing/expression/special_expression/rest_parameter_005_T.js',
  functionName: 'rest_parameter_005_T',
  attribute: 'fullCallGraphMade',
  type: 'functionCall',
  packageName: undefined,
  funcReceiverType: ''
}
2026-04-16 16:32:56.920 INFO Trace: 
2026-04-16 16:32:56.920 INFO  /sast-js/case/completeness/single_app_tracing/expression/special_expression/rest_parameter_005_T.js
  AffectedNodeName: __taint_src
  11:  SOURCE:  function rest_parameter_005_T(__taint_src) {
 /sast-js/case/completeness/single_app_tracing/expression/special_expression/rest_parameter_005_T.js
  AffectedNodeName: collectArgs
  12:  CALL:    collectArgs(["prefix", __taint_src, "suffix"]);
 /sast-js/case/completeness/single_app_tracing/expression/special_expression/rest_parameter_005_T.js
  AffectedNodeName: __tmp1__
  15:  ARG PASS:  function collectArgs(...args) {
 /sast-js/case/completeness/single_app_tracing/expression/special_expression/rest_parameter_005_T.js
  AffectedNodeName: args
  15:  Var Pass: function collectArgs(...args) {
  16:  Var Pass:   __taint_sink(args);
  17:  Var Pass: }
 /sast-js/case/completeness/single_app_tracing/expression/special_expression/rest_parameter_005_T.js
  AffectedNodeName: __taint_sink
  16:  SINK:    __taint_sink(args);
2026-04-16 16:32:56.920 INFO 
-------------  203 :  taint_flow_test ------------- 
2026-04-16 16:32:56.920 INFO Description: taint_flow_test，回归测试使用，不推荐外部使用
2026-04-16 16:32:56.920 INFO File: /sast-js/case/completeness/single_app_tracing/expression/special_expression/spread_operator_001_T.js
2026-04-16 16:32:56.920 INFO Line 14: __taint_sink(array)
2026-04-16 16:32:56.920 INFO SINK RULE: __taint_sink
2026-04-16 16:32:56.920 INFO entrypoint: 
2026-04-16 16:32:56.920 INFO {
  filePath: '/sast-js/case/completeness/single_app_tracing/expression/special_expression/spread_operator_001_T.js',
  functionName: 'spread_operator_001_T',
  attribute: 'fullCallGraphMade',
  type: 'functionCall',
  packageName: undefined,
  funcReceiverType: ''
}
2026-04-16 16:32:56.921 INFO Trace: 
2026-04-16 16:32:56.921 INFO  /sast-js/case/completeness/single_app_tracing/expression/special_expression/spread_operator_001_T.js
  AffectedNodeName: __taint_src
  11:  SOURCE:  function spread_operator_001_T(__taint_src) {
 /sast-js/case/completeness/single_app_tracing/expression/special_expression/spread_operator_001_T.js
  AffectedNodeName: array1
  12:  Var Pass:    let array1 = ["a", "b", __taint_src];
 /sast-js/case/completeness/single_app_tracing/expression/special_expression/spread_operator_001_T.js
  AffectedNodeName: array
  13:  Var Pass:    let array = ["c", ...array1];
 /sast-js/case/completeness/single_app_tracing/expression/special_expression/spread_operator_001_T.js
  AffectedNodeName: __taint_sink
  14:  SINK:    __taint_sink(array);
2026-04-16 16:32:56.921 INFO 
-------------  204 :  taint_flow_test ------------- 
2026-04-16 16:32:56.921 INFO Description: taint_flow_test，回归测试使用，不推荐外部使用
2026-04-16 16:32:56.921 INFO File: /sast-js/case/completeness/single_app_tracing/expression/special_expression/spread_operator_003_T.js
2026-04-16 16:32:56.921 INFO Line 21: __taint_sink(newParams)
2026-04-16 16:32:56.921 INFO SINK RULE: __taint_sink
2026-04-16 16:32:56.921 INFO entrypoint: 
2026-04-16 16:32:56.921 INFO {
  filePath: '/sast-js/case/completeness/single_app_tracing/expression/special_expression/spread_operator_003_T.js',
  functionName: 'spread_operator_003_T',
  attribute: 'fullCallGraphMade',
  type: 'functionCall',
  packageName: undefined,
  funcReceiverType: ''
}
2026-04-16 16:32:56.921 INFO Trace: 
2026-04-16 16:32:56.921 INFO  /sast-js/case/completeness/single_app_tracing/expression/special_expression/spread_operator_003_T.js
  AffectedNodeName: __taint_src
  11:  SOURCE:  function spread_operator_003_T(__taint_src) {
 /sast-js/case/completeness/single_app_tracing/expression/special_expression/spread_operator_003_T.js
  AffectedNodeName: params
  12:  Var Pass:    const params = {
  13:  Var Pass:      name: "Tony",
  14:  Var Pass:      age: "12",
  15:  Var Pass:      id: __taint_src,
  16:  Var Pass:    };
 /sast-js/case/completeness/single_app_tracing/expression/special_expression/spread_operator_003_T.js
  AffectedNodeName: newParams
  17:  Var Pass:    const newParams = {
  18:  Var Pass:      score: 100,
  19:  Var Pass:      ...params,
  20:  Var Pass:    };
 /sast-js/case/completeness/single_app_tracing/expression/special_expression/spread_operator_003_T.js
  AffectedNodeName: __taint_sink
  21:  SINK:    __taint_sink(newParams);
2026-04-16 16:32:56.921 INFO 
-------------  205 :  taint_flow_test ------------- 
2026-04-16 16:32:56.921 INFO Description: taint_flow_test，回归测试使用，不推荐外部使用
2026-04-16 16:32:56.921 INFO File: /sast-js/case/completeness/single_app_tracing/expression/special_expression/spread_operator_005_T.js
2026-04-16 16:32:56.921 INFO Line 15: __taint_sink(rest)
2026-04-16 16:32:56.921 INFO SINK RULE: __taint_sink
2026-04-16 16:32:56.921 INFO entrypoint: 
2026-04-16 16:32:56.921 INFO {
  filePath: '/sast-js/case/completeness/single_app_tracing/expression/special_expression/spread_operator_005_T.js',
  functionName: 'spread_operator_005_T',
  attribute: 'fullCallGraphMade',
  type: 'functionCall',
  packageName: undefined,
  funcReceiverType: ''
}
2026-04-16 16:32:56.921 INFO Trace: 
2026-04-16 16:32:56.921 INFO  /sast-js/case/completeness/single_app_tracing/expression/special_expression/spread_operator_005_T.js
  AffectedNodeName: __taint_src
  11:  SOURCE:  function spread_operator_005_T(__taint_src) {
 /sast-js/case/completeness/single_app_tracing/expression/special_expression/spread_operator_005_T.js
  AffectedNodeName: foo
  12:  Var Pass:    const foo = __taint_src;
 /sast-js/case/completeness/single_app_tracing/expression/special_expression/spread_operator_005_T.js
  AffectedNodeName: __tmp2__
  14:  Var Pass:    const [r1, r2, ...rest] = [123, 456, foo, bar];
 /sast-js/case/completeness/single_app_tracing/expression/special_expression/spread_operator_005_T.js
  AffectedNodeName: rest
  14:  Var Pass:   const [r1, r2, ...rest] = [123, 456, foo, bar];
 /sast-js/case/completeness/single_app_tracing/expression/special_expression/spread_operator_005_T.js
  AffectedNodeName: __taint_sink
  15:  SINK:    __taint_sink(rest);
2026-04-16 16:32:56.921 INFO 
-------------  206 :  taint_flow_test ------------- 
2026-04-16 16:32:56.921 INFO Description: taint_flow_test，回归测试使用，不推荐外部使用
2026-04-16 16:32:56.921 INFO File: /sast-js/case/completeness/single_app_tracing/expression/special_expression/template_literal_001_T.js
2026-04-16 16:32:56.921 INFO Line 13: __taint_sink(result)
2026-04-16 16:32:56.921 INFO SINK RULE: __taint_sink
2026-04-16 16:32:56.921 INFO entrypoint: 
2026-04-16 16:32:56.921 INFO {
  filePath: '/sast-js/case/completeness/single_app_tracing/expression/special_expression/template_literal_001_T.js',
  functionName: 'template_literal_001_T',
  attribute: 'fullCallGraphMade',
  type: 'functionCall',
  packageName: undefined,
  funcReceiverType: ''
}
2026-04-16 16:32:56.921 INFO Trace: 
2026-04-16 16:32:56.921 INFO  /sast-js/case/completeness/single_app_tracing/expression/special_expression/template_literal_001_T.js
  AffectedNodeName: __taint_src
  11:  SOURCE:  function template_literal_001_T(__taint_src) {
 /sast-js/case/completeness/single_app_tracing/expression/special_expression/template_literal_001_T.js
  AffectedNodeName: result
  12:  Var Pass:    let result = `_${__taint_src}`;
 /sast-js/case/completeness/single_app_tracing/expression/special_expression/template_literal_001_T.js
  AffectedNodeName: __taint_sink
  13:  SINK:    __taint_sink(result);
2026-04-16 16:32:56.921 INFO 
-------------  207 :  taint_flow_test ------------- 
2026-04-16 16:32:56.921 INFO Description: taint_flow_test，回归测试使用，不推荐外部使用
2026-04-16 16:32:56.921 INFO File: /sast-js/case/completeness/single_app_tracing/expression/special_expression/template_literal_003_T.js
2026-04-16 16:32:56.921 INFO Line 13: __taint_sink(result)
2026-04-16 16:32:56.921 INFO SINK RULE: __taint_sink
2026-04-16 16:32:56.921 INFO entrypoint: 
2026-04-16 16:32:56.921 INFO {
  filePath: '/sast-js/case/completeness/single_app_tracing/expression/special_expression/template_literal_003_T.js',
  functionName: 'template_literal_003_T',
  attribute: 'fullCallGraphMade',
  type: 'functionCall',
  packageName: undefined,
  funcReceiverType: ''
}
2026-04-16 16:32:56.922 INFO Trace: 
2026-04-16 16:32:56.922 INFO  /sast-js/case/completeness/single_app_tracing/expression/special_expression/template_literal_003_T.js
  AffectedNodeName: __taint_src
  11:  SOURCE:  function template_literal_003_T(__taint_src) {
 /sast-js/case/completeness/single_app_tracing/expression/special_expression/template_literal_003_T.js
  AffectedNodeName: result
  12:  Var Pass:    let result = `${__taint_src}_`;
 /sast-js/case/completeness/single_app_tracing/expression/special_expression/template_literal_003_T.js
  AffectedNodeName: __taint_sink
  13:  SINK:    __taint_sink(result);
2026-04-16 16:32:56.922 INFO 
-------------  208 :  taint_flow_test ------------- 
2026-04-16 16:32:56.922 INFO Description: taint_flow_test，回归测试使用，不推荐外部使用
2026-04-16 16:32:56.922 INFO File: /sast-js/case/completeness/single_app_tracing/expression/special_expression/template_literal_005_T.js
2026-04-16 16:32:56.922 INFO Line 13: __taint_sink(result)
2026-04-16 16:32:56.922 INFO SINK RULE: __taint_sink
2026-04-16 16:32:56.922 INFO entrypoint: 
2026-04-16 16:32:56.922 INFO {
  filePath: '/sast-js/case/completeness/single_app_tracing/expression/special_expression/template_literal_005_T.js',
  functionName: 'template_literal_005_T',
  attribute: 'fullCallGraphMade',
  type: 'functionCall',
  packageName: undefined,
  funcReceiverType: ''
}
2026-04-16 16:32:56.922 INFO Trace: 
2026-04-16 16:32:56.922 INFO  /sast-js/case/completeness/single_app_tracing/expression/special_expression/template_literal_005_T.js
  AffectedNodeName: __taint_src
  11:  SOURCE:  function template_literal_005_T(__taint_src) {
 /sast-js/case/completeness/single_app_tracing/expression/special_expression/template_literal_005_T.js
  AffectedNodeName: result
  12:  Var Pass:    let result = `_${__taint_src}_`;
 /sast-js/case/completeness/single_app_tracing/expression/special_expression/template_literal_005_T.js
  AffectedNodeName: __taint_sink
  13:  SINK:    __taint_sink(result);
2026-04-16 16:32:56.922 INFO 
-------------  209 :  taint_flow_test ------------- 
2026-04-16 16:32:56.922 INFO Description: taint_flow_test，回归测试使用，不推荐外部使用
2026-04-16 16:32:56.922 INFO File: /sast-js/case/completeness/single_app_tracing/expression/this_expression/this_expression_001_T.js
2026-04-16 16:32:56.922 INFO Line 20: __taint_sink(result)
2026-04-16 16:32:56.922 INFO SINK RULE: __taint_sink
2026-04-16 16:32:56.922 INFO entrypoint: 
2026-04-16 16:32:56.922 INFO {
  filePath: '/sast-js/case/completeness/single_app_tracing/expression/this_expression/this_expression_001_T.js',
  functionName: 'this_expression_001_T',
  attribute: 'fullCallGraphMade',
  type: 'functionCall',
  packageName: undefined,
  funcReceiverType: ''
}
2026-04-16 16:32:56.922 INFO Trace: 
2026-04-16 16:32:56.922 INFO  /sast-js/case/completeness/single_app_tracing/expression/this_expression/this_expression_001_T.js
  AffectedNodeName: __taint_src
  11:  SOURCE:  function this_expression_001_T(__taint_src) {
 /sast-js/case/completeness/single_app_tracing/expression/this_expression/this_expression_001_T.js
  AffectedNodeName: obj
  12:  Var Pass:    let obj = {
  13:  Var Pass:      value: __taint_src,
  14:  Var Pass:      getValue: function () {
  15:  Var Pass:        return this.value;
  16:  Var Pass:      },
  17:  Var Pass:    };
 /sast-js/case/completeness/single_app_tracing/expression/this_expression/this_expression_001_T.js
  AffectedNodeName: <anonymousFunc_14_15_16_6>
  19:  CALL:    let result = obj.getValue();
 /sast-js/case/completeness/single_app_tracing/expression/this_expression/this_expression_001_T.js
  AffectedNodeName: obj
  19:  ARG PASS:    let result = obj.getValue();
 /sast-js/case/completeness/single_app_tracing/expression/this_expression/this_expression_001_T.js
  AffectedNodeName: [return value]
  15:  Return Value:        return this.value;
 /sast-js/case/completeness/single_app_tracing/expression/this_expression/this_expression_001_T.js
  AffectedNodeName: <anonymousFunc_14_15_16_6>
  19:  CALL RETURN:   let result = obj.getValue();
 /sast-js/case/completeness/single_app_tracing/expression/this_expression/this_expression_001_T.js
  AffectedNodeName: result
  19:  Var Pass:    let result = obj.getValue();
 /sast-js/case/completeness/single_app_tracing/expression/this_expression/this_expression_001_T.js
  AffectedNodeName: __taint_sink
  20:  SINK:    __taint_sink(result);
2026-04-16 16:32:56.922 INFO 
-------------  210 :  taint_flow_test ------------- 
2026-04-16 16:32:56.922 INFO Description: taint_flow_test，回归测试使用，不推荐外部使用
2026-04-16 16:32:56.922 INFO File: /sast-js/case/completeness/single_app_tracing/expression/this_expression/this_expression_003_T.js
2026-04-16 16:32:56.922 INFO Line 15: __taint_sink(this.result)
2026-04-16 16:32:56.922 INFO SINK RULE: __taint_sink
2026-04-16 16:32:56.925 INFO entrypoint: 
2026-04-16 16:32:56.925 INFO {
  filePath: '/sast-js/case/completeness/single_app_tracing/expression/this_expression/this_expression_003_T.js',
  functionName: 'this_expression_003_T',
  attribute: 'fullCallGraphMade',
  type: 'functionCall',
  packageName: undefined,
  funcReceiverType: ''
}
2026-04-16 16:32:56.925 INFO Trace: 
2026-04-16 16:32:56.925 INFO  /sast-js/case/completeness/single_app_tracing/expression/this_expression/this_expression_003_T.js
  AffectedNodeName: __taint_src
  13:  SOURCE:  function this_expression_003_T(__taint_src) {
 /sast-js/case/completeness/single_app_tracing/expression/this_expression/this_expression_003_T.js
  AffectedNodeName: this.result
  14:  Var Pass:   this.result = __taint_src;
 /sast-js/case/completeness/single_app_tracing/expression/this_expression/this_expression_003_T.js
  AffectedNodeName: __taint_sink
  15:  SINK:    __taint_sink(this.result);
2026-04-16 16:32:56.925 INFO 
-------------  211 :  taint_flow_test ------------- 
2026-04-16 16:32:56.925 INFO Description: taint_flow_test，回归测试使用，不推荐外部使用
2026-04-16 16:32:56.925 INFO File: /sast-js/case/completeness/single_app_tracing/expression/type_cast/type_cast_001_T.js
2026-04-16 16:32:56.925 INFO Line 13: __taint_sink(result)
2026-04-16 16:32:56.925 INFO SINK RULE: __taint_sink
2026-04-16 16:32:56.925 INFO entrypoint: 
2026-04-16 16:32:56.926 INFO {
  filePath: '/sast-js/case/completeness/single_app_tracing/expression/type_cast/type_cast_001_T.js',
  functionName: 'type_cast_001_T',
  attribute: 'fullCallGraphMade',
  type: 'functionCall',
  packageName: undefined,
  funcReceiverType: ''
}
2026-04-16 16:32:56.926 INFO Trace: 
2026-04-16 16:32:56.926 INFO  /sast-js/case/completeness/single_app_tracing/expression/type_cast/type_cast_001_T.js
  AffectedNodeName: __taint_src
  11:  SOURCE:  function type_cast_001_T(__taint_src) {
 /sast-js/case/completeness/single_app_tracing/expression/type_cast/type_cast_001_T.js
  AffectedNodeName: result
  12:  Var Pass:    let result = Number(__taint_src);
 /sast-js/case/completeness/single_app_tracing/expression/type_cast/type_cast_001_T.js
  AffectedNodeName: __taint_sink
  13:  SINK:    __taint_sink(result);
2026-04-16 16:32:56.926 INFO 
-------------  212 :  taint_flow_test ------------- 
2026-04-16 16:32:56.926 INFO Description: taint_flow_test，回归测试使用，不推荐外部使用
2026-04-16 16:32:56.926 INFO File: /sast-js/case/completeness/single_app_tracing/expression/type_cast/type_cast_003_T.js
2026-04-16 16:32:56.926 INFO Line 13: __taint_sink(result)
2026-04-16 16:32:56.926 INFO SINK RULE: __taint_sink
2026-04-16 16:32:56.926 INFO entrypoint: 
2026-04-16 16:32:56.926 INFO {
  filePath: '/sast-js/case/completeness/single_app_tracing/expression/type_cast/type_cast_003_T.js',
  functionName: 'type_cast_003_T',
  attribute: 'fullCallGraphMade',
  type: 'functionCall',
  packageName: undefined,
  funcReceiverType: ''
}
2026-04-16 16:32:56.926 INFO Trace: 
2026-04-16 16:32:56.926 INFO  /sast-js/case/completeness/single_app_tracing/expression/type_cast/type_cast_003_T.js
  AffectedNodeName: __taint_src
  11:  SOURCE:  function type_cast_003_T(__taint_src) {
 /sast-js/case/completeness/single_app_tracing/expression/type_cast/type_cast_003_T.js
  AffectedNodeName: result
  12:  Var Pass:    let result = __taint_src == 5;
 /sast-js/case/completeness/single_app_tracing/expression/type_cast/type_cast_003_T.js
  AffectedNodeName: __taint_sink
  13:  SINK:    __taint_sink(result);
2026-04-16 16:32:56.926 INFO 
-------------  213 :  taint_flow_test ------------- 
2026-04-16 16:32:56.926 INFO Description: taint_flow_test，回归测试使用，不推荐外部使用
2026-04-16 16:32:56.926 INFO File: /sast-js/case/completeness/single_app_tracing/expression/type_cast/type_cast_004_T.js
2026-04-16 16:32:56.926 INFO Line 13: __taint_sink(result)
2026-04-16 16:32:56.926 INFO SINK RULE: __taint_sink
2026-04-16 16:32:56.926 INFO entrypoint: 
2026-04-16 16:32:56.926 INFO {
  filePath: '/sast-js/case/completeness/single_app_tracing/expression/type_cast/type_cast_004_T.js',
  functionName: 'type_cast_004_T',
  attribute: 'fullCallGraphMade',
  type: 'functionCall',
  packageName: undefined,
  funcReceiverType: ''
}
2026-04-16 16:32:56.926 INFO Trace: 
2026-04-16 16:32:56.926 INFO  /sast-js/case/completeness/single_app_tracing/expression/type_cast/type_cast_004_T.js
  AffectedNodeName: __taint_src
  11:  SOURCE:  function type_cast_004_T(__taint_src) {
 /sast-js/case/completeness/single_app_tracing/expression/type_cast/type_cast_004_T.js
  AffectedNodeName: result
  12:  Var Pass:    let result = __taint_src == "5";
 /sast-js/case/completeness/single_app_tracing/expression/type_cast/type_cast_004_T.js
  AffectedNodeName: __taint_sink
  13:  SINK:    __taint_sink(result);
2026-04-16 16:32:56.926 INFO 
-------------  214 :  taint_flow_test ------------- 
2026-04-16 16:32:56.926 INFO Description: taint_flow_test，回归测试使用，不推荐外部使用
2026-04-16 16:32:56.926 INFO File: /sast-js/case/completeness/single_app_tracing/function_call/anonymous_function_closure/anonymous_function_002_T.js
2026-04-16 16:32:56.926 INFO Line 14: __taint_sink(process(__taint_src, foo))
2026-04-16 16:32:56.926 INFO SINK RULE: __taint_sink
2026-04-16 16:32:56.926 INFO entrypoint: 
2026-04-16 16:32:56.926 INFO {
  filePath: '/sast-js/case/completeness/single_app_tracing/function_call/anonymous_function_closure/anonymous_function_002_T.js',
  functionName: 'anonymous_function_002_T',
  attribute: 'fullCallGraphMade',
  type: 'functionCall',
  packageName: undefined,
  funcReceiverType: ''
}
2026-04-16 16:32:56.926 INFO Trace: 
2026-04-16 16:32:56.926 INFO  /sast-js/case/completeness/single_app_tracing/function_call/anonymous_function_closure/anonymous_function_002_T.js
  AffectedNodeName: __taint_src
  10:  SOURCE:  function anonymous_function_002_T(__taint_src) {
 /sast-js/case/completeness/single_app_tracing/function_call/anonymous_function_closure/anonymous_function_002_T.js
  AffectedNodeName: <anonymousFunc_11_19_13_4>
  14:  CALL:    __taint_sink(process(__taint_src, "foo"));
 /sast-js/case/completeness/single_app_tracing/function_call/anonymous_function_closure/anonymous_function_002_T.js
  AffectedNodeName: a
  11:  ARG PASS:    const process = function (a, b) {
 /sast-js/case/completeness/single_app_tracing/function_call/anonymous_function_closure/anonymous_function_002_T.js
  AffectedNodeName: [return value]
  12:  Return Value:      return a + b;
 /sast-js/case/completeness/single_app_tracing/function_call/anonymous_function_closure/anonymous_function_002_T.js
  AffectedNodeName: <anonymousFunc_11_19_13_4>
  14:  CALL RETURN:   __taint_sink(process(__taint_src, "foo"));
 /sast-js/case/completeness/single_app_tracing/function_call/anonymous_function_closure/anonymous_function_002_T.js
  AffectedNodeName: __taint_sink
  14:  SINK:    __taint_sink(process(__taint_src, "foo"));
2026-04-16 16:32:56.926 INFO 
-------------  215 :  taint_flow_test ------------- 
2026-04-16 16:32:56.926 INFO Description: taint_flow_test，回归测试使用，不推荐外部使用
2026-04-16 16:32:56.926 INFO File: /sast-js/case/completeness/single_app_tracing/function_call/anonymous_function_closure/anonymous_function_004_T.js
2026-04-16 16:32:56.926 INFO Line 12: __taint_sink(input)
2026-04-16 16:32:56.926 INFO SINK RULE: __taint_sink
2026-04-16 16:32:56.926 INFO entrypoint: 
2026-04-16 16:32:56.926 INFO {
  filePath: '/sast-js/case/completeness/single_app_tracing/function_call/anonymous_function_closure/anonymous_function_004_T.js',
  functionName: 'anonymous_function_004_T',
  attribute: 'fullCallGraphMade',
  type: 'functionCall',
  packageName: undefined,
  funcReceiverType: ''
}
2026-04-16 16:32:56.926 INFO Trace: 
2026-04-16 16:32:56.926 INFO  /sast-js/case/completeness/single_app_tracing/function_call/anonymous_function_closure/anonymous_function_004_T.js
  AffectedNodeName: __taint_src
  10:  SOURCE:  function anonymous_function_004_T(__taint_src) {
 /sast-js/case/completeness/single_app_tracing/function_call/anonymous_function_closure/anonymous_function_004_T.js
  AffectedNodeName: <anonymousFunc_11_17_13_4>
  15:  CALL:    process(__taint_src);
 /sast-js/case/completeness/single_app_tracing/function_call/anonymous_function_closure/anonymous_function_004_T.js
  AffectedNodeName: input
  11:  ARG PASS:    let process = function (input) {
 /sast-js/case/completeness/single_app_tracing/function_call/anonymous_function_closure/anonymous_function_004_T.js
  AffectedNodeName: __taint_sink
  12:  SINK:      __taint_sink(input);
2026-04-16 16:32:56.926 INFO 
-------------  216 :  taint_flow_test ------------- 
2026-04-16 16:32:56.926 INFO Description: taint_flow_test，回归测试使用，不推荐外部使用
2026-04-16 16:32:56.926 INFO File: /sast-js/case/completeness/single_app_tracing/function_call/anonymous_function_closure/anonymous_function_006_T.js
2026-04-16 16:32:56.926 INFO Line 12: __taint_sink(__taint_src)
2026-04-16 16:32:56.926 INFO SINK RULE: __taint_sink
2026-04-16 16:32:56.927 INFO entrypoint: 
2026-04-16 16:32:56.927 INFO {
  filePath: '/sast-js/case/completeness/single_app_tracing/function_call/anonymous_function_closure/anonymous_function_006_T.js',
  functionName: 'anonymous_function_006_T',
  attribute: 'fullCallGraphMade',
  type: 'functionCall',
  packageName: undefined,
  funcReceiverType: ''
}
2026-04-16 16:32:56.927 INFO Trace: 
2026-04-16 16:32:56.927 INFO  /sast-js/case/completeness/single_app_tracing/function_call/anonymous_function_closure/anonymous_function_006_T.js
  AffectedNodeName: __taint_src
  10:  SOURCE:  function anonymous_function_006_T(__taint_src) {
 /sast-js/case/completeness/single_app_tracing/function_call/anonymous_function_closure/anonymous_function_006_T.js
  AffectedNodeName: __taint_sink
  12:  SINK:      __taint_sink(__taint_src);
2026-04-16 16:32:56.927 INFO 
-------------  217 :  taint_flow_test ------------- 
2026-04-16 16:32:56.927 INFO Description: taint_flow_test，回归测试使用，不推荐外部使用
2026-04-16 16:32:56.927 INFO File: /sast-js/case/completeness/single_app_tracing/function_call/anonymous_function_closure/closure_function_002_T.js
2026-04-16 16:32:56.927 INFO Line 12: __taint_sink(__taint_src)
2026-04-16 16:32:56.927 INFO SINK RULE: __taint_sink
2026-04-16 16:32:56.927 INFO entrypoint: 
2026-04-16 16:32:56.927 INFO {
  filePath: '/sast-js/case/completeness/single_app_tracing/function_call/anonymous_function_closure/closure_function_002_T.js',
  functionName: 'closure_function_002_T',
  attribute: 'fullCallGraphMade',
  type: 'functionCall',
  packageName: undefined,
  funcReceiverType: ''
}
2026-04-16 16:32:56.927 INFO Trace: 
2026-04-16 16:32:56.927 INFO  /sast-js/case/completeness/single_app_tracing/function_call/anonymous_function_closure/closure_function_002_T.js
  AffectedNodeName: __taint_src
  10:  SOURCE:  function closure_function_002_T(__taint_src) {
 /sast-js/case/completeness/single_app_tracing/function_call/anonymous_function_closure/closure_function_002_T.js
  AffectedNodeName: __taint_sink
  12:  SINK:      __taint_sink(__taint_src);
2026-04-16 16:32:56.927 INFO 
-------------  218 :  taint_flow_test ------------- 
2026-04-16 16:32:56.927 INFO Description: taint_flow_test，回归测试使用，不推荐外部使用
2026-04-16 16:32:56.927 INFO File: /sast-js/case/completeness/single_app_tracing/function_call/anonymous_function_closure/closure_function_004_T.js
2026-04-16 16:32:56.927 INFO Line 13: __taint_sink(__taint_src)
2026-04-16 16:32:56.927 INFO SINK RULE: __taint_sink
2026-04-16 16:32:56.927 INFO entrypoint: 
2026-04-16 16:32:56.927 INFO {
  filePath: '/sast-js/case/completeness/single_app_tracing/function_call/anonymous_function_closure/closure_function_004_T.js',
  functionName: 'closure_function_004_T',
  attribute: 'fullCallGraphMade',
  type: 'functionCall',
  packageName: undefined,
  funcReceiverType: ''
}
2026-04-16 16:32:56.927 INFO Trace: 
2026-04-16 16:32:56.927 INFO  /sast-js/case/completeness/single_app_tracing/function_call/anonymous_function_closure/closure_function_004_T.js
  AffectedNodeName: __taint_src
  10:  SOURCE:  function closure_function_004_T(__taint_src) {
 /sast-js/case/completeness/single_app_tracing/function_call/anonymous_function_closure/closure_function_004_T.js
  AffectedNodeName: __taint_sink
  13:  SINK:        __taint_sink(__taint_src);
2026-04-16 16:32:56.927 INFO 
-------------  219 :  taint_flow_test ------------- 
2026-04-16 16:32:56.927 INFO Description: taint_flow_test，回归测试使用，不推荐外部使用
2026-04-16 16:32:56.927 INFO File: /sast-js/case/completeness/single_app_tracing/function_call/anonymous_function_closure/closure_function_007_T.js
2026-04-16 16:32:56.927 INFO Line 25: __taint_sink(a.update())
2026-04-16 16:32:56.927 INFO SINK RULE: __taint_sink
2026-04-16 16:32:56.927 INFO entrypoint: 
2026-04-16 16:32:56.927 INFO {
  filePath: '/sast-js/case/completeness/single_app_tracing/function_call/anonymous_function_closure/closure_function_007_T.js',
  functionName: 'closure_function_007_T',
  attribute: 'fullCallGraphMade',
  type: 'functionCall',
  packageName: undefined,
  funcReceiverType: ''
}
2026-04-16 16:32:56.927 INFO Trace: 
2026-04-16 16:32:56.927 INFO  /sast-js/case/completeness/single_app_tracing/function_call/anonymous_function_closure/closure_function_007_T.js
  AffectedNodeName: __taint_src
  10:  SOURCE:  function closure_function_007_T(__taint_src) {
 /sast-js/case/completeness/single_app_tracing/function_call/anonymous_function_closure/closure_function_007_T.js
  AffectedNodeName: source
  15:  Var Pass:         source = __taint_src;
 /sast-js/case/completeness/single_app_tracing/function_call/anonymous_function_closure/closure_function_007_T.js
  AffectedNodeName: [return value]
  16:  Return Value:          return source;
 /sast-js/case/completeness/single_app_tracing/function_call/anonymous_function_closure/closure_function_007_T.js
  AffectedNodeName: <anonymousFunc_14_15_17_8>
  25:  CALL RETURN:   __taint_sink(a.update());
 /sast-js/case/completeness/single_app_tracing/function_call/anonymous_function_closure/closure_function_007_T.js
  AffectedNodeName: __taint_sink
  25:  SINK:    __taint_sink(a.update());
2026-04-16 16:32:56.927 INFO 
-------------  220 :  taint_flow_test ------------- 
2026-04-16 16:32:56.927 INFO Description: taint_flow_test，回归测试使用，不推荐外部使用
2026-04-16 16:32:56.927 INFO File: /sast-js/case/completeness/single_app_tracing/function_call/anonymous_function_closure/closure_function_009_T.js
2026-04-16 16:32:56.927 INFO Line 18: __taint_sink(middleVar)
2026-04-16 16:32:56.927 INFO SINK RULE: __taint_sink
2026-04-16 16:32:56.927 INFO entrypoint: 
2026-04-16 16:32:56.927 INFO {
  filePath: '/sast-js/case/completeness/single_app_tracing/function_call/anonymous_function_closure/closure_function_009_T.js',
  functionName: 'closure_function_009_T',
  attribute: 'fullCallGraphMade',
  type: 'functionCall',
  packageName: undefined,
  funcReceiverType: ''
}
2026-04-16 16:32:56.927 INFO Trace: 
2026-04-16 16:32:56.927 INFO  /sast-js/case/completeness/single_app_tracing/function_call/anonymous_function_closure/closure_function_009_T.js
  AffectedNodeName: __taint_src
  10:  SOURCE:  function closure_function_009_T(__taint_src) {
 /sast-js/case/completeness/single_app_tracing/function_call/anonymous_function_closure/closure_function_009_T.js
  AffectedNodeName: outerVar
  12:  Var Pass:      let outerVar = __taint_src;
 /sast-js/case/completeness/single_app_tracing/function_call/anonymous_function_closure/closure_function_009_T.js
  AffectedNodeName: middleVar
  15:  Var Pass:        let middleVar = outerVar;
 /sast-js/case/completeness/single_app_tracing/function_call/anonymous_function_closure/closure_function_009_T.js
  AffectedNodeName: __taint_sink
  18:  SINK:          __taint_sink(middleVar);
2026-04-16 16:32:56.927 INFO 
-------------  221 :  taint_flow_test ------------- 
2026-04-16 16:32:56.927 INFO Description: taint_flow_test，回归测试使用，不推荐外部使用
2026-04-16 16:32:56.927 INFO File: /sast-js/case/completeness/single_app_tracing/function_call/anonymous_function_closure/closure_function_011_T.js
2026-04-16 16:32:56.927 INFO Line 16: __taint_sink(outerVar)
2026-04-16 16:32:56.927 INFO SINK RULE: __taint_sink
2026-04-16 16:32:56.927 INFO entrypoint: 
2026-04-16 16:32:56.927 INFO {
  filePath: '/sast-js/case/completeness/single_app_tracing/function_call/anonymous_function_closure/closure_function_011_T.js',
  functionName: 'closure_function_011_T',
  attribute: 'fullCallGraphMade',
  type: 'functionCall',
  packageName: undefined,
  funcReceiverType: ''
}
2026-04-16 16:32:56.927 INFO Trace: 
2026-04-16 16:32:56.927 INFO  /sast-js/case/completeness/single_app_tracing/function_call/anonymous_function_closure/closure_function_011_T.js
  AffectedNodeName: __taint_src
  10:  SOURCE:  function closure_function_011_T(__taint_src) {
 /sast-js/case/completeness/single_app_tracing/function_call/anonymous_function_closure/closure_function_011_T.js
  AffectedNodeName: outerVar
  12:  Var Pass:      let outerVar = __taint_src;
 /sast-js/case/completeness/single_app_tracing/function_call/anonymous_function_closure/closure_function_011_T.js
  AffectedNodeName: __taint_sink
  16:  SINK:          __taint_sink(outerVar);
2026-04-16 16:32:56.927 INFO 
-------------  222 :  taint_flow_test ------------- 
2026-04-16 16:32:56.927 INFO Description: taint_flow_test，回归测试使用，不推荐外部使用
2026-04-16 16:32:56.927 INFO File: /sast-js/case/completeness/single_app_tracing/function_call/anonymous_function_closure/closure_function_013_T.js
2026-04-16 16:32:56.927 INFO Line 14: __taint_sink(this.name)
2026-04-16 16:32:56.928 INFO SINK RULE: __taint_sink
2026-04-16 16:32:56.928 INFO entrypoint: 
2026-04-16 16:32:56.928 INFO {
  filePath: '/sast-js/case/completeness/single_app_tracing/function_call/anonymous_function_closure/closure_function_013_T.js',
  functionName: 'closure_function_013_T',
  attribute: 'fullCallGraphMade',
  type: 'functionCall',
  packageName: undefined,
  funcReceiverType: ''
}
2026-04-16 16:32:56.928 INFO Trace: 
2026-04-16 16:32:56.928 INFO  /sast-js/case/completeness/single_app_tracing/function_call/anonymous_function_closure/closure_function_013_T.js
  AffectedNodeName: __taint_src
  10:  SOURCE:  function closure_function_013_T(__taint_src) {
 /sast-js/case/completeness/single_app_tracing/function_call/anonymous_function_closure/closure_function_013_T.js
  AffectedNodeName: data
  11:  Var Pass:    var data = {
  12:  Var Pass:      name: __taint_src,
  13:  Var Pass:      show: function () {
  14:  Var Pass:        __taint_sink(this.name);
  15:  Var Pass:      },
  16:  Var Pass:    };
 /sast-js/case/completeness/single_app_tracing/function_call/anonymous_function_closure/closure_function_013_T.js
  AffectedNodeName: <anonymousFunc_13_11_15_6>
  17:  CALL:    data.show();
 /sast-js/case/completeness/single_app_tracing/function_call/anonymous_function_closure/closure_function_013_T.js
  AffectedNodeName: data
  17:  ARG PASS:    data.show();
 /sast-js/case/completeness/single_app_tracing/function_call/anonymous_function_closure/closure_function_013_T.js
  AffectedNodeName: __taint_sink
  14:  SINK:        __taint_sink(this.name);
2026-04-16 16:32:56.928 INFO 
-------------  223 :  taint_flow_test ------------- 
2026-04-16 16:32:56.928 INFO Description: taint_flow_test，回归测试使用，不推荐外部使用
2026-04-16 16:32:56.928 INFO File: /sast-js/case/completeness/single_app_tracing/function_call/anonymous_function_closure/closure_function_015_T.js
2026-04-16 16:32:56.928 INFO Line 15: __taint_sink(this.name)
2026-04-16 16:32:56.928 INFO SINK RULE: __taint_sink
2026-04-16 16:32:56.928 INFO entrypoint: 
2026-04-16 16:32:56.928 INFO {
  filePath: '/sast-js/case/completeness/single_app_tracing/function_call/anonymous_function_closure/closure_function_015_T.js',
  functionName: 'closure_function_015_T',
  attribute: 'fullCallGraphMade',
  type: 'functionCall',
  packageName: undefined,
  funcReceiverType: ''
}
2026-04-16 16:32:56.928 INFO Trace: 
2026-04-16 16:32:56.928 INFO  /sast-js/case/completeness/single_app_tracing/function_call/anonymous_function_closure/closure_function_015_T.js
  AffectedNodeName: __taint_src
  10:  SOURCE:  function closure_function_015_T(__taint_src) {
 /sast-js/case/completeness/single_app_tracing/function_call/anonymous_function_closure/closure_function_015_T.js
  AffectedNodeName: data
  11:  Var Pass:    var data = {
  12:  Var Pass:      name: __taint_src,
  13:  Var Pass:      show: function () {
  14:  Var Pass:        return function () {
  15:  Var Pass:          __taint_sink(this.name);
  16:  Var Pass:        };
  17:  Var Pass:      },
  18:  Var Pass:    };
 /sast-js/case/completeness/single_app_tracing/function_call/anonymous_function_closure/closure_function_015_T.js
  AffectedNodeName: <anonymousFunc_13_11_17_6>
  19:  CALL:    data.show().call(data);
 /sast-js/case/completeness/single_app_tracing/function_call/anonymous_function_closure/closure_function_015_T.js
  AffectedNodeName: data
  19:  ARG PASS:    data.show().call(data);
 /sast-js/case/completeness/single_app_tracing/function_call/anonymous_function_closure/closure_function_015_T.js
  AffectedNodeName: <anonymousFunc_14_14_16_8>
  19:  CALL:    data.show().call(data);
 /sast-js/case/completeness/single_app_tracing/function_call/anonymous_function_closure/closure_function_015_T.js
  AffectedNodeName: data.show()
  19:  ARG PASS:    data.show().call(data);
 /sast-js/case/completeness/single_app_tracing/function_call/anonymous_function_closure/closure_function_015_T.js
  AffectedNodeName: __taint_sink
  15:  SINK:          __taint_sink(this.name);
2026-04-16 16:32:56.928 INFO 
-------------  224 :  taint_flow_test ------------- 
2026-04-16 16:32:56.928 INFO Description: taint_flow_test，回归测试使用，不推荐外部使用
2026-04-16 16:32:56.928 INFO File: /sast-js/case/completeness/single_app_tracing/function_call/anonymous_function_closure/closure_function_017_T.js
2026-04-16 16:32:56.928 INFO Line 14: __taint_sink(this.data)
2026-04-16 16:32:56.928 INFO SINK RULE: __taint_sink
2026-04-16 16:32:56.928 INFO entrypoint: 
2026-04-16 16:32:56.928 INFO {
  filePath: '/sast-js/case/completeness/single_app_tracing/function_call/anonymous_function_closure/closure_function_017_T.js',
  functionName: 'closure_function_017_T',
  attribute: 'fullCallGraphMade',
  type: 'functionCall',
  packageName: undefined,
  funcReceiverType: ''
}
2026-04-16 16:32:56.928 INFO Trace: 
2026-04-16 16:32:56.928 INFO  /sast-js/case/completeness/single_app_tracing/function_call/anonymous_function_closure/closure_function_017_T.js
  AffectedNodeName: __taint_src
  10:  SOURCE:  function closure_function_017_T(__taint_src) {
 /sast-js/case/completeness/single_app_tracing/function_call/anonymous_function_closure/closure_function_017_T.js
  AffectedNodeName: Process
  18:  CALL:    const p = new Process(__taint_src);
 /sast-js/case/completeness/single_app_tracing/function_call/anonymous_function_closure/closure_function_017_T.js
  AffectedNodeName: data
  11:  ARG PASS:    function Process(data) {
 /sast-js/case/completeness/single_app_tracing/function_call/anonymous_function_closure/closure_function_017_T.js
  AffectedNodeName: this.data
  12:  Var Pass:     this.data = data;
 /sast-js/case/completeness/single_app_tracing/function_call/anonymous_function_closure/closure_function_017_T.js
  AffectedNodeName: p
  18:  Var Pass:    const p = new Process(__taint_src);
 /sast-js/case/completeness/single_app_tracing/function_call/anonymous_function_closure/closure_function_017_T.js
  AffectedNodeName: <anonymousFunc_13_17_15_6>
  19:  CALL:    p.show();
 /sast-js/case/completeness/single_app_tracing/function_call/anonymous_function_closure/closure_function_017_T.js
  AffectedNodeName: p
  19:  ARG PASS:    p.show();
 /sast-js/case/completeness/single_app_tracing/function_call/anonymous_function_closure/closure_function_017_T.js
  AffectedNodeName: __taint_sink
  14:  SINK:        __taint_sink(this.data);
2026-04-16 16:32:56.928 INFO 
-------------  225 :  taint_flow_test ------------- 
2026-04-16 16:32:56.928 INFO Description: taint_flow_test，回归测试使用，不推荐外部使用
2026-04-16 16:32:56.928 INFO File: /sast-js/case/completeness/single_app_tracing/function_call/argument_passing/argument_passing_default_value_002_T.js
2026-04-16 16:32:56.928 INFO Line 15: __taint_sink(input)
2026-04-16 16:32:56.928 INFO SINK RULE: __taint_sink
2026-04-16 16:32:56.928 INFO entrypoint: 
2026-04-16 16:32:56.928 INFO {
  filePath: '/sast-js/case/completeness/single_app_tracing/function_call/argument_passing/argument_passing_default_value_002_T.js',
  functionName: 'argument_passing_default_value_002_T',
  attribute: 'fullCallGraphMade',
  type: 'functionCall',
  packageName: undefined,
  funcReceiverType: ''
}
2026-04-16 16:32:56.928 INFO Trace: 
2026-04-16 16:32:56.928 INFO  /sast-js/case/completeness/single_app_tracing/function_call/argument_passing/argument_passing_default_value_002_T.js
  AffectedNodeName: __taint_src
  11:  SOURCE:  function argument_passing_default_value_002_T(__taint_src) {
 /sast-js/case/completeness/single_app_tracing/function_call/argument_passing/argument_passing_default_value_002_T.js
  AffectedNodeName: process
  12:  CALL:    process(__taint_src);
 /sast-js/case/completeness/single_app_tracing/function_call/argument_passing/argument_passing_default_value_002_T.js
  AffectedNodeName: __tmp1__
  14:  ARG PASS:    function process(input = "default_value") {
 /sast-js/case/completeness/single_app_tracing/function_call/argument_passing/argument_passing_default_value_002_T.js
  AffectedNodeName: input
  14:  Var Pass:    function process(input = "default_value") {
  15:  Var Pass:      __taint_sink(input);
  16:  Var Pass:    }
 /sast-js/case/completeness/single_app_tracing/function_call/argument_passing/argument_passing_default_value_002_T.js
  AffectedNodeName: __taint_sink
  15:  SINK:      __taint_sink(input);
2026-04-16 16:32:56.928 INFO 
-------------  226 :  taint_flow_test ------------- 
2026-04-16 16:32:56.928 INFO Description: taint_flow_test，回归测试使用，不推荐外部使用
2026-04-16 16:32:56.928 INFO File: /sast-js/case/completeness/single_app_tracing/function_call/argument_passing/argument_passing_destruct_params_002_T.js
2026-04-16 16:32:56.928 INFO Line 16: __taint_sink(b)
2026-04-16 16:32:56.928 INFO SINK RULE: __taint_sink
2026-04-16 16:32:56.928 INFO entrypoint: 
2026-04-16 16:32:56.928 INFO {
  filePath: '/sast-js/case/completeness/single_app_tracing/function_call/argument_passing/argument_passing_destruct_params_002_T.js',
  functionName: 'argument_passing_destruct_params_002_T',
  attribute: 'fullCallGraphMade',
  type: 'functionCall',
  packageName: undefined,
  funcReceiverType: ''
}
2026-04-16 16:32:56.928 INFO Trace: 
2026-04-16 16:32:56.929 INFO  /sast-js/case/completeness/single_app_tracing/function_call/argument_passing/argument_passing_destruct_params_002_T.js
  AffectedNodeName: __taint_src
  11:  SOURCE:  function argument_passing_destruct_params_002_T(__taint_src) {
 /sast-js/case/completeness/single_app_tracing/function_call/argument_passing/argument_passing_destruct_params_002_T.js
  AffectedNodeName: process
  12:  CALL:    process({ a: "safe_value", b: __taint_src });
 /sast-js/case/completeness/single_app_tracing/function_call/argument_passing/argument_passing_destruct_params_002_T.js
  AffectedNodeName: __tmp1__
  15:  ARG PASS:    function process({ a, b }) {
 /sast-js/case/completeness/single_app_tracing/function_call/argument_passing/argument_passing_destruct_params_002_T.js
  AffectedNodeName: b
  15:  Var Pass:    function process({ a, b }) {
  16:  Var Pass:      __taint_sink(b);
  17:  Var Pass:    }
 /sast-js/case/completeness/single_app_tracing/function_call/argument_passing/argument_passing_destruct_params_002_T.js
  AffectedNodeName: __taint_sink
  16:  SINK:      __taint_sink(b);
2026-04-16 16:32:56.930 INFO 
-------------  227 :  taint_flow_test ------------- 
2026-04-16 16:32:56.930 INFO Description: taint_flow_test，回归测试使用，不推荐外部使用
2026-04-16 16:32:56.930 INFO File: /sast-js/case/completeness/single_app_tracing/function_call/argument_passing/argument_passing_normal_value_002_T.js
2026-04-16 16:32:56.930 INFO Line 15: __taint_sink(arg)
2026-04-16 16:32:56.930 INFO SINK RULE: __taint_sink
2026-04-16 16:32:56.930 INFO entrypoint: 
2026-04-16 16:32:56.930 INFO {
  filePath: '/sast-js/case/completeness/single_app_tracing/function_call/argument_passing/argument_passing_normal_value_002_T.js',
  functionName: 'argument_passing_normal_value_002_T',
  attribute: 'fullCallGraphMade',
  type: 'functionCall',
  packageName: undefined,
  funcReceiverType: ''
}
2026-04-16 16:32:56.930 INFO Trace: 
2026-04-16 16:32:56.930 INFO  /sast-js/case/completeness/single_app_tracing/function_call/argument_passing/argument_passing_normal_value_002_T.js
  AffectedNodeName: __taint_src
  11:  SOURCE:  function argument_passing_normal_value_002_T(__taint_src) {
 /sast-js/case/completeness/single_app_tracing/function_call/argument_passing/argument_passing_normal_value_002_T.js
  AffectedNodeName: process
  12:  CALL:    process(__taint_src);
 /sast-js/case/completeness/single_app_tracing/function_call/argument_passing/argument_passing_normal_value_002_T.js
  AffectedNodeName: arg
  14:  ARG PASS:    function process(arg) {
 /sast-js/case/completeness/single_app_tracing/function_call/argument_passing/argument_passing_normal_value_002_T.js
  AffectedNodeName: __taint_sink
  15:  SINK:      __taint_sink(arg);
2026-04-16 16:32:56.930 INFO 
-------------  228 :  taint_flow_test ------------- 
2026-04-16 16:32:56.930 INFO Description: taint_flow_test，回归测试使用，不推荐外部使用
2026-04-16 16:32:56.930 INFO File: /sast-js/case/completeness/single_app_tracing/function_call/argument_passing/argument_passing_normal_value_004_T.js
2026-04-16 16:32:56.930 INFO Line 15: __taint_sink(arg1)
2026-04-16 16:32:56.930 INFO SINK RULE: __taint_sink
2026-04-16 16:32:56.930 INFO entrypoint: 
2026-04-16 16:32:56.930 INFO {
  filePath: '/sast-js/case/completeness/single_app_tracing/function_call/argument_passing/argument_passing_normal_value_004_T.js',
  functionName: 'argument_passing_normal_value_004_T',
  attribute: 'fullCallGraphMade',
  type: 'functionCall',
  packageName: undefined,
  funcReceiverType: ''
}
2026-04-16 16:32:56.930 INFO Trace: 
2026-04-16 16:32:56.930 INFO  /sast-js/case/completeness/single_app_tracing/function_call/argument_passing/argument_passing_normal_value_004_T.js
  AffectedNodeName: __taint_src
  11:  SOURCE:  function argument_passing_normal_value_004_T(__taint_src) {
 /sast-js/case/completeness/single_app_tracing/function_call/argument_passing/argument_passing_normal_value_004_T.js
  AffectedNodeName: process
  12:  CALL:    process(__taint_src, "_");
 /sast-js/case/completeness/single_app_tracing/function_call/argument_passing/argument_passing_normal_value_004_T.js
  AffectedNodeName: arg1
  14:  ARG PASS:    function process(arg1, arg2) {
 /sast-js/case/completeness/single_app_tracing/function_call/argument_passing/argument_passing_normal_value_004_T.js
  AffectedNodeName: __taint_sink
  15:  SINK:      __taint_sink(arg1);
2026-04-16 16:32:56.930 INFO 
-------------  229 :  taint_flow_test ------------- 
2026-04-16 16:32:56.930 INFO Description: taint_flow_test，回归测试使用，不推荐外部使用
2026-04-16 16:32:56.930 INFO File: /sast-js/case/completeness/single_app_tracing/function_call/argument_passing/argument_passing_normal_value_006_T.js
2026-04-16 16:32:56.930 INFO Line 13: __taint_sink(innerInput)
2026-04-16 16:32:56.930 INFO SINK RULE: __taint_sink
2026-04-16 16:32:56.930 INFO entrypoint: 
2026-04-16 16:32:56.930 INFO {
  filePath: '/sast-js/case/completeness/single_app_tracing/function_call/argument_passing/argument_passing_normal_value_006_T.js',
  functionName: 'argument_passing_normal_value_006_T',
  attribute: 'fullCallGraphMade',
  type: 'functionCall',
  packageName: undefined,
  funcReceiverType: ''
}
2026-04-16 16:32:56.930 INFO Trace: 
2026-04-16 16:32:56.930 INFO  /sast-js/case/completeness/single_app_tracing/function_call/argument_passing/argument_passing_normal_value_006_T.js
  AffectedNodeName: __taint_src
  10:  SOURCE:  function argument_passing_normal_value_006_T(__taint_src) {
 /sast-js/case/completeness/single_app_tracing/function_call/argument_passing/argument_passing_normal_value_006_T.js
  AffectedNodeName: outer
  19:  CALL:    outer(__taint_src);
 /sast-js/case/completeness/single_app_tracing/function_call/argument_passing/argument_passing_normal_value_006_T.js
  AffectedNodeName: input
  11:  ARG PASS:    function outer(input) {
 /sast-js/case/completeness/single_app_tracing/function_call/argument_passing/argument_passing_normal_value_006_T.js
  AffectedNodeName: inner
  16:  CALL:      inner(input);
 /sast-js/case/completeness/single_app_tracing/function_call/argument_passing/argument_passing_normal_value_006_T.js
  AffectedNodeName: innerInput
  12:  ARG PASS:      function inner(innerInput) {
 /sast-js/case/completeness/single_app_tracing/function_call/argument_passing/argument_passing_normal_value_006_T.js
  AffectedNodeName: __taint_sink
  13:  SINK:        __taint_sink(innerInput);
2026-04-16 16:32:56.930 INFO 
-------------  230 :  taint_flow_test ------------- 
2026-04-16 16:32:56.930 INFO Description: taint_flow_test，回归测试使用，不推荐外部使用
2026-04-16 16:32:56.931 INFO File: /sast-js/case/completeness/single_app_tracing/function_call/argument_passing/argument_passing_reference_002_T.js
2026-04-16 16:32:56.931 INFO Line 14: __taint_sink(obj.data)
2026-04-16 16:32:56.931 INFO SINK RULE: __taint_sink
2026-04-16 16:32:56.931 INFO entrypoint: 
2026-04-16 16:32:56.931 INFO {
  filePath: '/sast-js/case/completeness/single_app_tracing/function_call/argument_passing/argument_passing_reference_002_T.js',
  functionName: 'argument_passing_reference_002_T',
  attribute: 'fullCallGraphMade',
  type: 'functionCall',
  packageName: undefined,
  funcReceiverType: ''
}
2026-04-16 16:32:56.931 INFO Trace: 
2026-04-16 16:32:56.931 INFO  /sast-js/case/completeness/single_app_tracing/function_call/argument_passing/argument_passing_reference_002_T.js
  AffectedNodeName: __taint_src
  11:  SOURCE:  function argument_passing_reference_002_T(__taint_src) {
 /sast-js/case/completeness/single_app_tracing/function_call/argument_passing/argument_passing_reference_002_T.js
  AffectedNodeName: obj.data
  17:  Var Pass:     obj.data = __taint_src;
 /sast-js/case/completeness/single_app_tracing/function_call/argument_passing/argument_passing_reference_002_T.js
  AffectedNodeName: __taint_sink
  14:  SINK:    __taint_sink(obj.data);
2026-04-16 16:32:56.931 INFO 
-------------  231 :  taint_flow_test ------------- 
2026-04-16 16:32:56.931 INFO Description: taint_flow_test，回归测试使用，不推荐外部使用
2026-04-16 16:32:56.931 INFO File: /sast-js/case/completeness/single_app_tracing/function_call/argument_passing/argument_passing_reference_004_T.js
2026-04-16 16:32:56.931 INFO Line 14: __taint_sink(arr)
2026-04-16 16:32:56.931 INFO SINK RULE: __taint_sink
2026-04-16 16:32:56.931 INFO entrypoint: 
2026-04-16 16:32:56.931 INFO {
  filePath: '/sast-js/case/completeness/single_app_tracing/function_call/argument_passing/argument_passing_reference_004_T.js',
  functionName: 'argument_passing_reference_004_T',
  attribute: 'fullCallGraphMade',
  type: 'functionCall',
  packageName: undefined,
  funcReceiverType: ''
}
2026-04-16 16:32:56.931 INFO Trace: 
2026-04-16 16:32:56.931 INFO  /sast-js/case/completeness/single_app_tracing/function_call/argument_passing/argument_passing_reference_004_T.js
  AffectedNodeName: __taint_src
  11:  SOURCE:  function argument_passing_reference_004_T(__taint_src) {
 /sast-js/case/completeness/single_app_tracing/function_call/argument_passing/argument_passing_reference_004_T.js
  AffectedNodeName: inputArr[0]
  17:  Var Pass:     inputArr[0] = __taint_src;
 /sast-js/case/completeness/single_app_tracing/function_call/argument_passing/argument_passing_reference_004_T.js
  AffectedNodeName: __taint_sink
  14:  SINK:    __taint_sink(arr);
2026-04-16 16:32:56.931 INFO 
-------------  232 :  taint_flow_test ------------- 
2026-04-16 16:32:56.931 INFO Description: taint_flow_test，回归测试使用，不推荐外部使用
2026-04-16 16:32:56.931 INFO File: /sast-js/case/completeness/single_app_tracing/function_call/argument_passing/argument_passing_reference_006_T.js
2026-04-16 16:32:56.931 INFO Line 16: __taint_sink(objB.name)
2026-04-16 16:32:56.931 INFO SINK RULE: __taint_sink
2026-04-16 16:32:56.931 INFO entrypoint: 
2026-04-16 16:32:56.931 INFO {
  filePath: '/sast-js/case/completeness/single_app_tracing/function_call/argument_passing/argument_passing_reference_006_T.js',
  functionName: 'argument_passing_reference_006_T',
  attribute: 'fullCallGraphMade',
  type: 'functionCall',
  packageName: undefined,
  funcReceiverType: ''
}
2026-04-16 16:32:56.931 INFO Trace: 
2026-04-16 16:32:56.931 INFO  /sast-js/case/completeness/single_app_tracing/function_call/argument_passing/argument_passing_reference_006_T.js
  AffectedNodeName: __taint_src
  11:  SOURCE:  function argument_passing_reference_006_T(__taint_src) {
 /sast-js/case/completeness/single_app_tracing/function_call/argument_passing/argument_passing_reference_006_T.js
  AffectedNodeName: objA
  12:  Var Pass:    const objA = { name: __taint_src };
 /sast-js/case/completeness/single_app_tracing/function_call/argument_passing/argument_passing_reference_006_T.js
  AffectedNodeName: swap
  15:  CALL:    swap(objA, objB);
 /sast-js/case/completeness/single_app_tracing/function_call/argument_passing/argument_passing_reference_006_T.js
  AffectedNodeName: obj1
  18:  ARG PASS:    function swap(obj1, obj2) {
 /sast-js/case/completeness/single_app_tracing/function_call/argument_passing/argument_passing_reference_006_T.js
  AffectedNodeName: temp
  19:  Var Pass:      const temp = obj1.name;
 /sast-js/case/completeness/single_app_tracing/function_call/argument_passing/argument_passing_reference_006_T.js
  AffectedNodeName: obj2.name
  21:  Var Pass:     obj2.name = temp;
 /sast-js/case/completeness/single_app_tracing/function_call/argument_passing/argument_passing_reference_006_T.js
  AffectedNodeName: __taint_sink
  16:  SINK:    __taint_sink(objB.name);
2026-04-16 16:32:56.931 INFO 
-------------  233 :  taint_flow_test ------------- 
2026-04-16 16:32:56.931 INFO Description: taint_flow_test，回归测试使用，不推荐外部使用
2026-04-16 16:32:56.931 INFO File: /sast-js/case/completeness/single_app_tracing/function_call/argument_passing/argument_passing_rest_params_002_T.js
2026-04-16 16:32:56.931 INFO Line 16: __taint_sink(args.0)
2026-04-16 16:32:56.931 INFO SINK RULE: __taint_sink
2026-04-16 16:32:56.931 INFO entrypoint: 
2026-04-16 16:32:56.932 INFO {
  filePath: '/sast-js/case/completeness/single_app_tracing/function_call/argument_passing/argument_passing_rest_params_002_T.js',
  functionName: 'argument_passing_rest_params_002_T',
  attribute: 'fullCallGraphMade',
  type: 'functionCall',
  packageName: undefined,
  funcReceiverType: ''
}
2026-04-16 16:32:56.932 INFO Trace: 
2026-04-16 16:32:56.932 INFO  /sast-js/case/completeness/single_app_tracing/function_call/argument_passing/argument_passing_rest_params_002_T.js
  AffectedNodeName: __taint_src
  11:  SOURCE:  function argument_passing_rest_params_002_T(__taint_src) {
 /sast-js/case/completeness/single_app_tracing/function_call/argument_passing/argument_passing_rest_params_002_T.js
  AffectedNodeName: process
  12:  CALL:    process(__taint_src, "safe_value");
 /sast-js/case/completeness/single_app_tracing/function_call/argument_passing/argument_passing_rest_params_002_T.js
  AffectedNodeName: __tmp1__
  15:  ARG PASS:    function process(...args) {
 /sast-js/case/completeness/single_app_tracing/function_call/argument_passing/argument_passing_rest_params_002_T.js
  AffectedNodeName: args
  15:  Var Pass:   function process(...args) {
  16:  Var Pass:     __taint_sink(args[0]);
  17:  Var Pass:   }
 /sast-js/case/completeness/single_app_tracing/function_call/argument_passing/argument_passing_rest_params_002_T.js
  AffectedNodeName: __taint_sink
  16:  SINK:      __taint_sink(args[0]);
2026-04-16 16:32:56.932 INFO 
-------------  234 :  taint_flow_test ------------- 
2026-04-16 16:32:56.932 INFO Description: taint_flow_test，回归测试使用，不推荐外部使用
2026-04-16 16:32:56.932 INFO File: /sast-js/case/completeness/single_app_tracing/function_call/argument_passing/argument_passing_spread_params_002_T.js
2026-04-16 16:32:56.932 INFO Line 17: __taint_sink(arg1)
2026-04-16 16:32:56.932 INFO SINK RULE: __taint_sink
2026-04-16 16:32:56.932 INFO entrypoint: 
2026-04-16 16:32:56.932 INFO {
  filePath: '/sast-js/case/completeness/single_app_tracing/function_call/argument_passing/argument_passing_spread_params_002_T.js',
  functionName: 'argument_passing_spread_params_002_T',
  attribute: 'fullCallGraphMade',
  type: 'functionCall',
  packageName: undefined,
  funcReceiverType: ''
}
2026-04-16 16:32:56.932 INFO Trace: 
2026-04-16 16:32:56.932 INFO  /sast-js/case/completeness/single_app_tracing/function_call/argument_passing/argument_passing_spread_params_002_T.js
  AffectedNodeName: __taint_src
  11:  SOURCE:  function argument_passing_spread_params_002_T(__taint_src) {
 /sast-js/case/completeness/single_app_tracing/function_call/argument_passing/argument_passing_spread_params_002_T.js
  AffectedNodeName: array
  12:  Var Pass:    const array = [__taint_src, "safe_value"];
 /sast-js/case/completeness/single_app_tracing/function_call/argument_passing/argument_passing_spread_params_002_T.js
  AffectedNodeName: process
  13:  CALL:    process(...array);
 /sast-js/case/completeness/single_app_tracing/function_call/argument_passing/argument_passing_spread_params_002_T.js
  AffectedNodeName: arg1
  16:  ARG PASS:    function process(arg1, arg2) {
 /sast-js/case/completeness/single_app_tracing/function_call/argument_passing/argument_passing_spread_params_002_T.js
  AffectedNodeName: __taint_sink
  17:  SINK:      __taint_sink(arg1);
2026-04-16 16:32:56.932 INFO 
-------------  235 :  taint_flow_test ------------- 
2026-04-16 16:32:56.932 INFO Description: taint_flow_test，回归测试使用，不推荐外部使用
2026-04-16 16:32:56.932 INFO File: /sast-js/case/completeness/single_app_tracing/function_call/argument_passing/argument_passing_this_binding_002_T.js
2026-04-16 16:32:56.932 INFO Line 19: __taint_sink(obj.data)
2026-04-16 16:32:56.932 INFO SINK RULE: __taint_sink
2026-04-16 16:32:56.932 INFO entrypoint: 
2026-04-16 16:32:56.932 INFO {
  filePath: '/sast-js/case/completeness/single_app_tracing/function_call/argument_passing/argument_passing_this_binding_002_T.js',
  functionName: 'argument_passing_this_binding_002_T',
  attribute: 'fullCallGraphMade',
  type: 'functionCall',
  packageName: undefined,
  funcReceiverType: ''
}
2026-04-16 16:32:56.932 INFO Trace: 
2026-04-16 16:32:56.932 INFO  /sast-js/case/completeness/single_app_tracing/function_call/argument_passing/argument_passing_this_binding_002_T.js
  AffectedNodeName: __taint_src
  11:  SOURCE:  function argument_passing_this_binding_002_T(__taint_src) {
 /sast-js/case/completeness/single_app_tracing/function_call/argument_passing/argument_passing_this_binding_002_T.js
  AffectedNodeName: func
  24:  CALL:    obj2.func.call(obj, __taint_src);
 /sast-js/case/completeness/single_app_tracing/function_call/argument_passing/argument_passing_this_binding_002_T.js
  AffectedNodeName: param
  17:  ARG PASS:      func(param) {
 /sast-js/case/completeness/single_app_tracing/function_call/argument_passing/argument_passing_this_binding_002_T.js
  AffectedNodeName: this.data
  18:  Var Pass:       this.data = param;
 /sast-js/case/completeness/single_app_tracing/function_call/argument_passing/argument_passing_this_binding_002_T.js
  AffectedNodeName: __taint_sink
  19:  SINK:        __taint_sink(obj.data);
2026-04-16 16:32:56.933 INFO 
-------------  236 :  taint_flow_test ------------- 
2026-04-16 16:32:56.933 INFO Description: taint_flow_test，回归测试使用，不推荐外部使用
2026-04-16 16:32:56.933 INFO File: /sast-js/case/completeness/single_app_tracing/function_call/argument_passing/argument_passing_this_binding_004_T.js
2026-04-16 16:32:56.933 INFO Line 18: __taint_sink(obj.data)
2026-04-16 16:32:56.933 INFO SINK RULE: __taint_sink
2026-04-16 16:32:56.933 INFO entrypoint: 
2026-04-16 16:32:56.933 INFO {
  filePath: '/sast-js/case/completeness/single_app_tracing/function_call/argument_passing/argument_passing_this_binding_004_T.js',
  functionName: 'argument_passing_this_binding_004_T',
  attribute: 'fullCallGraphMade',
  type: 'functionCall',
  packageName: undefined,
  funcReceiverType: ''
}
2026-04-16 16:32:56.933 INFO Trace: 
2026-04-16 16:32:56.933 INFO  /sast-js/case/completeness/single_app_tracing/function_call/argument_passing/argument_passing_this_binding_004_T.js
  AffectedNodeName: __taint_src
  11:  SOURCE:  function argument_passing_this_binding_004_T(__taint_src) {
 /sast-js/case/completeness/single_app_tracing/function_call/argument_passing/argument_passing_this_binding_004_T.js
  AffectedNodeName: <anonymousFunc_16_16_19_4>
  22:  CALL:    func.apply(obj, ["safe_value", __taint_src]);
 /sast-js/case/completeness/single_app_tracing/function_call/argument_passing/argument_passing_this_binding_004_T.js
  AffectedNodeName: param2
  16:  ARG PASS:    const func = function (param1, param2) {
 /sast-js/case/completeness/single_app_tracing/function_call/argument_passing/argument_passing_this_binding_004_T.js
  AffectedNodeName: this.data
  17:  Var Pass:     this.data = param2;
 /sast-js/case/completeness/single_app_tracing/function_call/argument_passing/argument_passing_this_binding_004_T.js
  AffectedNodeName: __taint_sink
  18:  SINK:      __taint_sink(obj.data);
2026-04-16 16:32:56.933 INFO 
-------------  237 :  taint_flow_test ------------- 
2026-04-16 16:32:56.933 INFO Description: taint_flow_test，回归测试使用，不推荐外部使用
2026-04-16 16:32:56.933 INFO File: /sast-js/case/completeness/single_app_tracing/function_call/arrow_function/arrow_function_002_T.js
2026-04-16 16:32:56.933 INFO Line 12: __taint_sink(__taint_src)
2026-04-16 16:32:56.933 INFO SINK RULE: __taint_sink
2026-04-16 16:32:56.933 INFO entrypoint: 
2026-04-16 16:32:56.933 INFO {
  filePath: '/sast-js/case/completeness/single_app_tracing/function_call/arrow_function/arrow_function_002_T.js',
  functionName: 'arrow_function_002_T',
  attribute: 'fullCallGraphMade',
  type: 'functionCall',
  packageName: undefined,
  funcReceiverType: ''
}
2026-04-16 16:32:56.933 INFO Trace: 
2026-04-16 16:32:56.933 INFO  /sast-js/case/completeness/single_app_tracing/function_call/arrow_function/arrow_function_002_T.js
  AffectedNodeName: __taint_src
  11:  SOURCE:  function arrow_function_002_T(__taint_src) {
 /sast-js/case/completeness/single_app_tracing/function_call/arrow_function/arrow_function_002_T.js
  AffectedNodeName: __taint_sink
  12:  SINK:    let arrowFunction = () => __taint_sink(__taint_src);
2026-04-16 16:32:56.933 INFO 
-------------  238 :  taint_flow_test ------------- 
2026-04-16 16:32:56.933 INFO Description: taint_flow_test，回归测试使用，不推荐外部使用
2026-04-16 16:32:56.933 INFO File: /sast-js/case/completeness/single_app_tracing/function_call/arrow_function/arrow_function_004_T.js
2026-04-16 16:32:56.933 INFO Line 14: __taint_sink(__taint_src)
2026-04-16 16:32:56.933 INFO SINK RULE: __taint_sink
2026-04-16 16:32:56.933 INFO entrypoint: 
2026-04-16 16:32:56.933 INFO {
  filePath: '/sast-js/case/completeness/single_app_tracing/function_call/arrow_function/arrow_function_004_T.js',
  functionName: 'arrow_function_004_T',
  attribute: 'fullCallGraphMade',
  type: 'functionCall',
  packageName: undefined,
  funcReceiverType: ''
}
2026-04-16 16:32:56.933 INFO Trace: 
2026-04-16 16:32:56.933 INFO  /sast-js/case/completeness/single_app_tracing/function_call/arrow_function/arrow_function_004_T.js
  AffectedNodeName: __taint_src
  11:  SOURCE:  function arrow_function_004_T(__taint_src) {
 /sast-js/case/completeness/single_app_tracing/function_call/arrow_function/arrow_function_004_T.js
  AffectedNodeName: __taint_sink
  14:  SINK:        __taint_sink(__taint_src);
2026-04-16 16:32:56.933 INFO 
-------------  239 :  taint_flow_test ------------- 
2026-04-16 16:32:56.933 INFO Description: taint_flow_test，回归测试使用，不推荐外部使用
2026-04-16 16:32:56.933 INFO File: /sast-js/case/completeness/single_app_tracing/function_call/arrow_function/arrow_function_006_T.js
2026-04-16 16:32:56.934 INFO Line 15: __taint_sink(self.name)
2026-04-16 16:32:56.934 INFO SINK RULE: __taint_sink
2026-04-16 16:32:56.934 INFO entrypoint: 
2026-04-16 16:32:56.934 INFO {
  filePath: '/sast-js/case/completeness/single_app_tracing/function_call/arrow_function/arrow_function_006_T.js',
  functionName: 'arrow_function_006_T',
  attribute: 'fullCallGraphMade',
  type: 'functionCall',
  packageName: undefined,
  funcReceiverType: ''
}
2026-04-16 16:32:56.934 INFO Trace: 
2026-04-16 16:32:56.934 INFO  /sast-js/case/completeness/single_app_tracing/function_call/arrow_function/arrow_function_006_T.js
  AffectedNodeName: __taint_src
  11:  SOURCE:  function arrow_function_006_T(__taint_src) {
 /sast-js/case/completeness/single_app_tracing/function_call/arrow_function/arrow_function_006_T.js
  AffectedNodeName: this.name
  12:  Var Pass:   this.name = __taint_src;
 /sast-js/case/completeness/single_app_tracing/function_call/arrow_function/arrow_function_006_T.js
  AffectedNodeName: __taint_sink
  15:  SINK:      show: () => __taint_sink(self.name),
2026-04-16 16:32:56.934 INFO 
-------------  240 :  taint_flow_test ------------- 
2026-04-16 16:32:56.934 INFO Description: taint_flow_test，回归测试使用，不推荐外部使用
2026-04-16 16:32:56.934 INFO File: /sast-js/case/completeness/single_app_tracing/function_call/arrow_function/arrow_function_008_T.js
2026-04-16 16:32:56.934 INFO Line 16: __taint_sink(self.name)
2026-04-16 16:32:56.934 INFO SINK RULE: __taint_sink
2026-04-16 16:32:56.934 INFO entrypoint: 
2026-04-16 16:32:56.934 INFO {
  filePath: '/sast-js/case/completeness/single_app_tracing/function_call/arrow_function/arrow_function_008_T.js',
  functionName: 'arrow_function_008_T',
  attribute: 'fullCallGraphMade',
  type: 'functionCall',
  packageName: undefined,
  funcReceiverType: ''
}
2026-04-16 16:32:56.934 INFO Trace: 
2026-04-16 16:32:56.934 INFO  /sast-js/case/completeness/single_app_tracing/function_call/arrow_function/arrow_function_008_T.js
  AffectedNodeName: __taint_src
  11:  SOURCE:  function arrow_function_008_T(__taint_src) {
 /sast-js/case/completeness/single_app_tracing/function_call/arrow_function/arrow_function_008_T.js
  AffectedNodeName: this.name
  12:  Var Pass:   this.name = __taint_src;
 /sast-js/case/completeness/single_app_tracing/function_call/arrow_function/arrow_function_008_T.js
  AffectedNodeName: __taint_sink
  16:  SINK:        return () => __taint_sink(self.name);
2026-04-16 16:32:56.934 INFO 
-------------  241 :  taint_flow_test ------------- 
2026-04-16 16:32:56.934 INFO Description: taint_flow_test，回归测试使用，不推荐外部使用
2026-04-16 16:32:56.934 INFO File: /sast-js/case/completeness/single_app_tracing/function_call/arrow_function/arrow_function_010_T.js
2026-04-16 16:32:56.934 INFO Line 14: __taint_sink(this.data)
2026-04-16 16:32:56.934 INFO SINK RULE: __taint_sink
2026-04-16 16:32:56.934 INFO entrypoint: 
2026-04-16 16:32:56.934 INFO {
  filePath: '/sast-js/case/completeness/single_app_tracing/function_call/arrow_function/arrow_function_010_T.js',
  functionName: 'arrow_function_010_T',
  attribute: 'fullCallGraphMade',
  type: 'functionCall',
  packageName: undefined,
  funcReceiverType: ''
}
2026-04-16 16:32:56.934 INFO Trace: 
2026-04-16 16:32:56.934 INFO  /sast-js/case/completeness/single_app_tracing/function_call/arrow_function/arrow_function_010_T.js
  AffectedNodeName: __taint_src
  11:  SOURCE:  function arrow_function_010_T(__taint_src) {
 /sast-js/case/completeness/single_app_tracing/function_call/arrow_function/arrow_function_010_T.js
  AffectedNodeName: Process
  17:  CALL:    const p = new Process(__taint_src);
 /sast-js/case/completeness/single_app_tracing/function_call/arrow_function/arrow_function_010_T.js
  AffectedNodeName: data
  12:  ARG PASS:    function Process(data) {
 /sast-js/case/completeness/single_app_tracing/function_call/arrow_function/arrow_function_010_T.js
  AffectedNodeName: this.data
  13:  Var Pass:     this.data = data;
 /sast-js/case/completeness/single_app_tracing/function_call/arrow_function/arrow_function_010_T.js
  AffectedNodeName: p
  17:  Var Pass:    const p = new Process(__taint_src);
 /sast-js/case/completeness/single_app_tracing/function_call/arrow_function/arrow_function_010_T.js
  AffectedNodeName: <anonymousFunc_14_17_14_46>
  18:  CALL:    p.show();
 /sast-js/case/completeness/single_app_tracing/function_call/arrow_function/arrow_function_010_T.js
  AffectedNodeName: p
  18:  ARG PASS:    p.show();
 /sast-js/case/completeness/single_app_tracing/function_call/arrow_function/arrow_function_010_T.js
  AffectedNodeName: __taint_sink
  14:  SINK:      this.show = () => __taint_sink(this.data);
2026-04-16 16:32:56.934 INFO 
-------------  242 :  taint_flow_test ------------- 
2026-04-16 16:32:56.934 INFO Description: taint_flow_test，回归测试使用，不推荐外部使用
2026-04-16 16:32:56.934 INFO File: /sast-js/case/completeness/single_app_tracing/function_call/chained_call/chained_call_002_T.js
2026-04-16 16:32:56.934 INFO Line 28: __taint_sink(this.name)
2026-04-16 16:32:56.935 INFO SINK RULE: __taint_sink
2026-04-16 16:32:56.935 INFO entrypoint: 
2026-04-16 16:32:56.935 INFO {
  filePath: '/sast-js/case/completeness/single_app_tracing/function_call/chained_call/chained_call_002_T.js',
  functionName: 'chained_call_002_T',
  attribute: 'fullCallGraphMade',
  type: 'functionCall',
  packageName: undefined,
  funcReceiverType: ''
}
2026-04-16 16:32:56.935 INFO Trace: 
2026-04-16 16:32:56.935 INFO  /sast-js/case/completeness/single_app_tracing/function_call/chained_call/chained_call_002_T.js
  AffectedNodeName: __taint_src
  11:  SOURCE:  function chained_call_002_T(__taint_src) {
 /sast-js/case/completeness/single_app_tracing/function_call/chained_call/chained_call_002_T.js
  AffectedNodeName: setName
  32:  CALL:    new A().setName("_").clearName().setName(__taint_src).process();
 /sast-js/case/completeness/single_app_tracing/function_call/chained_call/chained_call_002_T.js
  AffectedNodeName: name
  17:  ARG PASS:      setName(name) {
 /sast-js/case/completeness/single_app_tracing/function_call/chained_call/chained_call_002_T.js
  AffectedNodeName: this.name
  18:  Var Pass:       this.name = name;
 /sast-js/case/completeness/single_app_tracing/function_call/chained_call/chained_call_002_T.js
  AffectedNodeName: [return value]
  19:  Return Value:        return this;
 /sast-js/case/completeness/single_app_tracing/function_call/chained_call/chained_call_002_T.js
  AffectedNodeName: setName
  32:  CALL RETURN:   new A().setName("_").clearName().setName(__taint_src).process();
 /sast-js/case/completeness/single_app_tracing/function_call/chained_call/chained_call_002_T.js
  AffectedNodeName: process
  32:  CALL:    new A().setName("_").clearName().setName(__taint_src).process();
 /sast-js/case/completeness/single_app_tracing/function_call/chained_call/chained_call_002_T.js
  AffectedNodeName: new A().setName(_).clearName().setName(__taint_src
  32:  ARG PASS:    new A().setName("_").clearName().setName(__taint_src).process();
 /sast-js/case/completeness/single_app_tracing/function_call/chained_call/chained_call_002_T.js
  AffectedNodeName: __taint_sink
  28:  SINK:        __taint_sink(this.name);
2026-04-16 16:32:56.935 INFO 
-------------  243 :  taint_flow_test ------------- 
2026-04-16 16:32:56.935 INFO Description: taint_flow_test，回归测试使用，不推荐外部使用
2026-04-16 16:32:56.935 INFO File: /sast-js/case/completeness/single_app_tracing/function_call/decorator_function/function_decorator_002_T.js
2026-04-16 16:32:56.935 INFO Line 14: __taint_sink(args)
2026-04-16 16:32:56.935 INFO SINK RULE: __taint_sink
2026-04-16 16:32:56.935 INFO entrypoint: 
2026-04-16 16:32:56.935 INFO {
  filePath: '/sast-js/case/completeness/single_app_tracing/function_call/decorator_function/function_decorator_002_T.js',
  functionName: 'function_decorator_002_T',
  attribute: 'fullCallGraphMade',
  type: 'functionCall',
  packageName: undefined,
  funcReceiverType: ''
}
2026-04-16 16:32:56.935 INFO Trace: 
2026-04-16 16:32:56.935 INFO  /sast-js/case/completeness/single_app_tracing/function_call/decorator_function/function_decorator_002_T.js
  AffectedNodeName: __taint_src
  11:  SOURCE:  function function_decorator_002_T(__taint_src) {
 /sast-js/case/completeness/single_app_tracing/function_call/decorator_function/function_decorator_002_T.js
  AffectedNodeName: <anonymousFunc_13_12_16_6>
  20:  CALL:    decoratedFunction(__taint_src);
 /sast-js/case/completeness/single_app_tracing/function_call/decorator_function/function_decorator_002_T.js
  AffectedNodeName: __tmp1__
  13:  ARG PASS:      return function (...args) {
 /sast-js/case/completeness/single_app_tracing/function_call/decorator_function/function_decorator_002_T.js
  AffectedNodeName: args
  13:  Var Pass:     return function (...args) {
  14:  Var Pass:       __taint_sink(args);
  15:  Var Pass:       return targetFunction.apply(this, args);
  16:  Var Pass:     };
 /sast-js/case/completeness/single_app_tracing/function_call/decorator_function/function_decorator_002_T.js
  AffectedNodeName: __taint_sink
  14:  SINK:        __taint_sink(args);
2026-04-16 16:32:56.935 INFO 
-------------  244 :  taint_flow_test ------------- 
2026-04-16 16:32:56.935 INFO Description: taint_flow_test，回归测试使用，不推荐外部使用
2026-04-16 16:32:56.935 INFO File: /sast-js/case/completeness/single_app_tracing/function_call/decorator_function/function_decorator_004_T.js
2026-04-16 16:32:56.935 INFO Line 19: __taint_sink(input)
2026-04-16 16:32:56.935 INFO SINK RULE: __taint_sink
2026-04-16 16:32:56.935 INFO entrypoint: 
2026-04-16 16:32:56.935 INFO {
  filePath: '/sast-js/case/completeness/single_app_tracing/function_call/decorator_function/function_decorator_004_T.js',
  functionName: 'function_decorator_004_T',
  attribute: 'fullCallGraphMade',
  type: 'functionCall',
  packageName: undefined,
  funcReceiverType: ''
}
2026-04-16 16:32:56.935 INFO Trace: 
2026-04-16 16:32:56.935 INFO  /sast-js/case/completeness/single_app_tracing/function_call/decorator_function/function_decorator_004_T.js
  AffectedNodeName: __taint_src
  11:  SOURCE:  function function_decorator_004_T(__taint_src) {
 /sast-js/case/completeness/single_app_tracing/function_call/decorator_function/function_decorator_004_T.js
  AffectedNodeName: <anonymousFunc_13_12_15_6>
  21:  CALL:    decoratedFunction(__taint_src);
 /sast-js/case/completeness/single_app_tracing/function_call/decorator_function/function_decorator_004_T.js
  AffectedNodeName: __tmp1__
  13:  ARG PASS:      return function (...args) {
 /sast-js/case/completeness/single_app_tracing/function_call/decorator_function/function_decorator_004_T.js
  AffectedNodeName: args
  13:  Var Pass:     return function (...args) {
  14:  Var Pass:       return targetFunction.apply(this, args);
  15:  Var Pass:     };
 /sast-js/case/completeness/single_app_tracing/function_call/decorator_function/function_decorator_004_T.js
  AffectedNodeName: <anonymousFunc_18_44_20_4>
  14:  CALL:        return targetFunction.apply(this, args);
 /sast-js/case/completeness/single_app_tracing/function_call/decorator_function/function_decorator_004_T.js
  AffectedNodeName: input
  18:  ARG PASS:    const decoratedFunction = taintDecorator(function (input) {
 /sast-js/case/completeness/single_app_tracing/function_call/decorator_function/function_decorator_004_T.js
  AffectedNodeName: __taint_sink
  19:  SINK:      __taint_sink(input);
2026-04-16 16:32:56.935 INFO 
-------------  245 :  taint_flow_test ------------- 
2026-04-16 16:32:56.935 INFO Description: taint_flow_test，回归测试使用，不推荐外部使用
2026-04-16 16:32:56.935 INFO File: /sast-js/case/completeness/single_app_tracing/function_call/generator_function/generator_function_004_T.js
2026-04-16 16:32:56.935 INFO Line 21: __taint_sink(g.next(__taint_src).value)
2026-04-16 16:32:56.935 INFO SINK RULE: __taint_sink
2026-04-16 16:32:56.935 INFO entrypoint: 
2026-04-16 16:32:56.935 INFO {
  filePath: '/sast-js/case/completeness/single_app_tracing/function_call/generator_function/generator_function_004_T.js',
  functionName: 'generator_function_004_T',
  attribute: 'fullCallGraphMade',
  type: 'functionCall',
  packageName: undefined,
  funcReceiverType: ''
}
2026-04-16 16:32:56.935 INFO Trace: 
2026-04-16 16:32:56.935 INFO  /sast-js/case/completeness/single_app_tracing/function_call/generator_function/generator_function_004_T.js
  AffectedNodeName: __taint_src
  11:  SOURCE:  function generator_function_004_T(__taint_src) {
 /sast-js/case/completeness/single_app_tracing/function_call/generator_function/generator_function_004_T.js
  AffectedNodeName: __taint_sink
  21:  SINK:    __taint_sink(g.next(__taint_src).value);
2026-04-16 16:32:56.935 INFO 
-------------  246 :  taint_flow_test ------------- 
2026-04-16 16:32:56.935 INFO Description: taint_flow_test，回归测试使用，不推荐外部使用
2026-04-16 16:32:56.936 INFO File: /sast-js/case/completeness/single_app_tracing/function_call/higher_order_function/higher_order_function_002_T.js
2026-04-16 16:32:56.936 INFO Line 19: __taint_sink(f(__taint_src, _)())
2026-04-16 16:32:56.936 INFO SINK RULE: __taint_sink
2026-04-16 16:32:56.936 INFO entrypoint: 
2026-04-16 16:32:56.936 INFO {
  filePath: '/sast-js/case/completeness/single_app_tracing/function_call/higher_order_function/higher_order_function_002_T.js',
  functionName: 'higher_order_function_002_T',
  attribute: 'fullCallGraphMade',
  type: 'functionCall',
  packageName: undefined,
  funcReceiverType: ''
}
2026-04-16 16:32:56.936 INFO Trace: 
2026-04-16 16:32:56.936 INFO  /sast-js/case/completeness/single_app_tracing/function_call/higher_order_function/higher_order_function_002_T.js
  AffectedNodeName: __taint_src
  11:  SOURCE:  function higher_order_function_002_T(__taint_src) {
 /sast-js/case/completeness/single_app_tracing/function_call/higher_order_function/higher_order_function_002_T.js
  AffectedNodeName: f
  19:  CALL:    __taint_sink(f(__taint_src, "_")());
 /sast-js/case/completeness/single_app_tracing/function_call/higher_order_function/higher_order_function_002_T.js
  AffectedNodeName: a
  12:  ARG PASS:    function f(a, b) {
 /sast-js/case/completeness/single_app_tracing/function_call/higher_order_function/higher_order_function_002_T.js
  AffectedNodeName: [return value]
  15:  Return Value:        return a + b + c;
 /sast-js/case/completeness/single_app_tracing/function_call/higher_order_function/higher_order_function_002_T.js
  AffectedNodeName: <anonymousFunc_14_12_16_6>
  19:  CALL RETURN:   __taint_sink(f(__taint_src, "_")());
 /sast-js/case/completeness/single_app_tracing/function_call/higher_order_function/higher_order_function_002_T.js
  AffectedNodeName: __taint_sink
  19:  SINK:    __taint_sink(f(__taint_src, "_")());
2026-04-16 16:32:56.936 INFO 
-------------  247 :  taint_flow_test ------------- 
2026-04-16 16:32:56.936 INFO Description: taint_flow_test，回归测试使用，不推荐外部使用
2026-04-16 16:32:56.936 INFO File: /sast-js/case/completeness/single_app_tracing/function_call/higher_order_function/higher_order_function_004_T.js
2026-04-16 16:32:56.936 INFO Line 23: __taint_sink(f(g, __taint_src, _)())
2026-04-16 16:32:56.936 INFO SINK RULE: __taint_sink
2026-04-16 16:32:56.936 INFO entrypoint: 
2026-04-16 16:32:56.936 INFO {
  filePath: '/sast-js/case/completeness/single_app_tracing/function_call/higher_order_function/higher_order_function_004_T.js',
  functionName: 'higher_order_function_004_T',
  attribute: 'fullCallGraphMade',
  type: 'functionCall',
  packageName: undefined,
  funcReceiverType: ''
}
2026-04-16 16:32:56.936 INFO Trace: 
2026-04-16 16:32:56.936 INFO  /sast-js/case/completeness/single_app_tracing/function_call/higher_order_function/higher_order_function_004_T.js
  AffectedNodeName: __taint_src
  11:  SOURCE:  function higher_order_function_004_T(__taint_src) {
 /sast-js/case/completeness/single_app_tracing/function_call/higher_order_function/higher_order_function_004_T.js
  AffectedNodeName: f
  23:  CALL:    __taint_sink(f(g, __taint_src, "_")());
 /sast-js/case/completeness/single_app_tracing/function_call/higher_order_function/higher_order_function_004_T.js
  AffectedNodeName: a
  12:  ARG PASS:    function f(g, a, b) {
 /sast-js/case/completeness/single_app_tracing/function_call/higher_order_function/higher_order_function_004_T.js
  AffectedNodeName: g
  13:  CALL:      return g(a, b);
 /sast-js/case/completeness/single_app_tracing/function_call/higher_order_function/higher_order_function_004_T.js
  AffectedNodeName: a
  16:  ARG PASS:    function g(a, b) {
 /sast-js/case/completeness/single_app_tracing/function_call/higher_order_function/higher_order_function_004_T.js
  AffectedNodeName: [return value]
  19:  Return Value:        return a + b + c;
 /sast-js/case/completeness/single_app_tracing/function_call/higher_order_function/higher_order_function_004_T.js
  AffectedNodeName: <anonymousFunc_18_12_20_6>
  23:  CALL RETURN:   __taint_sink(f(g, __taint_src, "_")());
 /sast-js/case/completeness/single_app_tracing/function_call/higher_order_function/higher_order_function_004_T.js
  AffectedNodeName: __taint_sink
  23:  SINK:    __taint_sink(f(g, __taint_src, "_")());
2026-04-16 16:32:56.936 INFO 
-------------  248 :  taint_flow_test ------------- 
2026-04-16 16:32:56.936 INFO Description: taint_flow_test，回归测试使用，不推荐外部使用
2026-04-16 16:32:56.936 INFO File: /sast-js/case/completeness/single_app_tracing/function_call/higher_order_function/higher_order_function_006_T.js
2026-04-16 16:32:56.936 INFO Line 27: __taint_sink(f(g, u, __taint_src, _)())
2026-04-16 16:32:56.936 INFO SINK RULE: __taint_sink
2026-04-16 16:32:56.936 INFO entrypoint: 
2026-04-16 16:32:56.936 INFO {
  filePath: '/sast-js/case/completeness/single_app_tracing/function_call/higher_order_function/higher_order_function_006_T.js',
  functionName: 'higher_order_function_006_T',
  attribute: 'fullCallGraphMade',
  type: 'functionCall',
  packageName: undefined,
  funcReceiverType: ''
}
2026-04-16 16:32:56.936 INFO Trace: 
2026-04-16 16:32:56.936 INFO  /sast-js/case/completeness/single_app_tracing/function_call/higher_order_function/higher_order_function_006_T.js
  AffectedNodeName: __taint_src
  11:  SOURCE:  function higher_order_function_006_T(__taint_src) {
 /sast-js/case/completeness/single_app_tracing/function_call/higher_order_function/higher_order_function_006_T.js
  AffectedNodeName: f
  27:  CALL:    __taint_sink(f(g, u, __taint_src, "_")());
 /sast-js/case/completeness/single_app_tracing/function_call/higher_order_function/higher_order_function_006_T.js
  AffectedNodeName: a
  12:  ARG PASS:    function f(g, u, a, b) {
 /sast-js/case/completeness/single_app_tracing/function_call/higher_order_function/higher_order_function_006_T.js
  AffectedNodeName: g
  13:  CALL:      return g(u, a, b);
 /sast-js/case/completeness/single_app_tracing/function_call/higher_order_function/higher_order_function_006_T.js
  AffectedNodeName: a
  16:  ARG PASS:    function g(u, a, b) {
 /sast-js/case/completeness/single_app_tracing/function_call/higher_order_function/higher_order_function_006_T.js
  AffectedNodeName: u
  18:  CALL:      return u(a, b, c);
 /sast-js/case/completeness/single_app_tracing/function_call/higher_order_function/higher_order_function_006_T.js
  AffectedNodeName: a
  21:  ARG PASS:    function u(a, b, c) {
 /sast-js/case/completeness/single_app_tracing/function_call/higher_order_function/higher_order_function_006_T.js
  AffectedNodeName: [return value]
  23:  Return Value:        return a + b + c;
 /sast-js/case/completeness/single_app_tracing/function_call/higher_order_function/higher_order_function_006_T.js
  AffectedNodeName: <anonymousFunc_22_12_24_6>
  27:  CALL RETURN:   __taint_sink(f(g, u, __taint_src, "_")());
 /sast-js/case/completeness/single_app_tracing/function_call/higher_order_function/higher_order_function_006_T.js
  AffectedNodeName: __taint_sink
  27:  SINK:    __taint_sink(f(g, u, __taint_src, "_")());
2026-04-16 16:32:56.936 INFO 
-------------  249 :  taint_flow_test ------------- 
2026-04-16 16:32:56.936 INFO Description: taint_flow_test，回归测试使用，不推荐外部使用
2026-04-16 16:32:56.936 INFO File: /sast-js/case/completeness/single_app_tracing/function_call/higher_order_function/higher_order_function_008_T.js
2026-04-16 16:32:56.936 INFO Line 17: __taint_sink(result)
2026-04-16 16:32:56.936 INFO SINK RULE: __taint_sink
2026-04-16 16:32:56.936 INFO entrypoint: 
2026-04-16 16:32:56.936 INFO {
  filePath: '/sast-js/case/completeness/single_app_tracing/function_call/higher_order_function/higher_order_function_008_T.js',
  functionName: 'higher_order_function_008_T',
  attribute: 'fullCallGraphMade',
  type: 'functionCall',
  packageName: undefined,
  funcReceiverType: ''
}
2026-04-16 16:32:56.936 INFO Trace: 
2026-04-16 16:32:56.936 INFO  /sast-js/case/completeness/single_app_tracing/function_call/higher_order_function/higher_order_function_008_T.js
  AffectedNodeName: __taint_src
  11:  SOURCE:  function higher_order_function_008_T(__taint_src) {
 /sast-js/case/completeness/single_app_tracing/function_call/higher_order_function/higher_order_function_008_T.js
  AffectedNodeName: <anonymousFunc_16_38_16_53>
  13:  CALL:      return callback(__taint_src, "_");
 /sast-js/case/completeness/single_app_tracing/function_call/higher_order_function/higher_order_function_008_T.js
  AffectedNodeName: a
  16:  ARG PASS:    const result = higherOrderFunction((a, b) => a + b);
 /sast-js/case/completeness/single_app_tracing/function_call/higher_order_function/higher_order_function_008_T.js
  AffectedNodeName: [return value]
  16:  Return Value:    const result = higherOrderFunction((a, b) => a + b);
 /sast-js/case/completeness/single_app_tracing/function_call/higher_order_function/higher_order_function_008_T.js
  AffectedNodeName: <anonymousFunc_16_38_16_53>
  13:  CALL RETURN:     return callback(__taint_src, "_");
 /sast-js/case/completeness/single_app_tracing/function_call/higher_order_function/higher_order_function_008_T.js
  AffectedNodeName: [return value]
  13:  Return Value:      return callback(__taint_src, "_");
 /sast-js/case/completeness/single_app_tracing/function_call/higher_order_function/higher_order_function_008_T.js
  AffectedNodeName: higherOrderFunction
  16:  CALL RETURN:   const result = higherOrderFunction((a, b) => a + b);
 /sast-js/case/completeness/single_app_tracing/function_call/higher_order_function/higher_order_function_008_T.js
  AffectedNodeName: result
  16:  Var Pass:    const result = higherOrderFunction((a, b) => a + b);
 /sast-js/case/completeness/single_app_tracing/function_call/higher_order_function/higher_order_function_008_T.js
  AffectedNodeName: __taint_sink
  17:  SINK:    __taint_sink(result);
2026-04-16 16:32:56.936 INFO 
-------------  250 :  taint_flow_test ------------- 
2026-04-16 16:32:56.937 INFO Description: taint_flow_test，回归测试使用，不推荐外部使用
2026-04-16 16:32:56.937 INFO File: /sast-js/case/completeness/single_app_tracing/function_call/higher_order_function/higher_order_function_010_T.js
2026-04-16 16:32:56.937 INFO Line 19: __taint_sink(result)
2026-04-16 16:32:56.937 INFO SINK RULE: __taint_sink
2026-04-16 16:32:56.937 INFO entrypoint: 
2026-04-16 16:32:56.937 INFO {
  filePath: '/sast-js/case/completeness/single_app_tracing/function_call/higher_order_function/higher_order_function_010_T.js',
  functionName: 'higher_order_function_010_T',
  attribute: 'fullCallGraphMade',
  type: 'functionCall',
  packageName: undefined,
  funcReceiverType: ''
}
2026-04-16 16:32:56.937 INFO Trace: 
2026-04-16 16:32:56.937 INFO  /sast-js/case/completeness/single_app_tracing/function_call/higher_order_function/higher_order_function_010_T.js
  AffectedNodeName: __taint_src
  11:  SOURCE:  function higher_order_function_010_T(__taint_src) {
 /sast-js/case/completeness/single_app_tracing/function_call/higher_order_function/higher_order_function_010_T.js
  AffectedNodeName: <anonymousFunc_16_38_18_4>
  13:  CALL:      return callback(__taint_src, "_");
 /sast-js/case/completeness/single_app_tracing/function_call/higher_order_function/higher_order_function_010_T.js
  AffectedNodeName: a
  16:  ARG PASS:    const result = higherOrderFunction(function (a, b) {
 /sast-js/case/completeness/single_app_tracing/function_call/higher_order_function/higher_order_function_010_T.js
  AffectedNodeName: [return value]
  17:  Return Value:      return a + b;
 /sast-js/case/completeness/single_app_tracing/function_call/higher_order_function/higher_order_function_010_T.js
  AffectedNodeName: <anonymousFunc_16_38_18_4>
  13:  CALL RETURN:     return callback(__taint_src, "_");
 /sast-js/case/completeness/single_app_tracing/function_call/higher_order_function/higher_order_function_010_T.js
  AffectedNodeName: [return value]
  13:  Return Value:      return callback(__taint_src, "_");
 /sast-js/case/completeness/single_app_tracing/function_call/higher_order_function/higher_order_function_010_T.js
  AffectedNodeName: higherOrderFunction
  16:  CALL RETURN:   const result = higherOrderFunction(function (a, b) {
  17:  CALL RETURN:     return a + b;
  18:  CALL RETURN:   });
 /sast-js/case/completeness/single_app_tracing/function_call/higher_order_function/higher_order_function_010_T.js
  AffectedNodeName: result
  16:  Var Pass:    const result = higherOrderFunction(function (a, b) {
  17:  Var Pass:      return a + b;
  18:  Var Pass:    });
 /sast-js/case/completeness/single_app_tracing/function_call/higher_order_function/higher_order_function_010_T.js
  AffectedNodeName: __taint_sink
  19:  SINK:    __taint_sink(result);
2026-04-16 16:32:56.937 INFO 
-------------  251 :  taint_flow_test ------------- 
2026-04-16 16:32:56.937 INFO Description: taint_flow_test，回归测试使用，不推荐外部使用
2026-04-16 16:32:56.937 INFO File: /sast-js/case/completeness/single_app_tracing/function_call/library_function/json_001_T.js
2026-04-16 16:32:56.937 INFO Line 15: __taint_sink(obj)
2026-04-16 16:32:56.937 INFO SINK RULE: __taint_sink
2026-04-16 16:32:56.937 INFO entrypoint: 
2026-04-16 16:32:56.937 INFO {
  filePath: '/sast-js/case/completeness/single_app_tracing/function_call/library_function/json_001_T.js',
  functionName: 'json_001_T',
  attribute: 'fullCallGraphMade',
  type: 'functionCall',
  packageName: undefined,
  funcReceiverType: ''
}
2026-04-16 16:32:56.937 INFO Trace: 
2026-04-16 16:32:56.937 INFO  /sast-js/case/completeness/single_app_tracing/function_call/library_function/json_001_T.js
  AffectedNodeName: __taint_src
  10:  SOURCE:  function json_001_T(__taint_src) {
 /sast-js/case/completeness/single_app_tracing/function_call/library_function/json_001_T.js
  AffectedNodeName: process
  11:  CALL:    process(JSON.stringify(__taint_src));
 /sast-js/case/completeness/single_app_tracing/function_call/library_function/json_001_T.js
  AffectedNodeName: arg
  13:  ARG PASS:    function process(arg) {
 /sast-js/case/completeness/single_app_tracing/function_call/library_function/json_001_T.js
  AffectedNodeName: obj
  14:  Var Pass:      let obj = JSON.parse(arg);
 /sast-js/case/completeness/single_app_tracing/function_call/library_function/json_001_T.js
  AffectedNodeName: __taint_sink
  15:  SINK:      __taint_sink(obj);
2026-04-16 16:32:56.937 INFO 
-------------  252 :  taint_flow_test ------------- 
2026-04-16 16:32:56.937 INFO Description: taint_flow_test，回归测试使用，不推荐外部使用
2026-04-16 16:32:56.937 INFO File: /sast-js/case/completeness/single_app_tracing/function_call/library_function/string_001_T.js
2026-04-16 16:32:56.937 INFO Line 15: __taint_sink(result)
2026-04-16 16:32:56.937 INFO SINK RULE: __taint_sink
2026-04-16 16:32:56.937 INFO entrypoint: 
2026-04-16 16:32:56.937 INFO {
  filePath: '/sast-js/case/completeness/single_app_tracing/function_call/library_function/string_001_T.js',
  functionName: 'string_001_T',
  attribute: 'fullCallGraphMade',
  type: 'functionCall',
  packageName: undefined,
  funcReceiverType: ''
}
2026-04-16 16:32:56.937 INFO Trace: 
2026-04-16 16:32:56.937 INFO  /sast-js/case/completeness/single_app_tracing/function_call/library_function/string_001_T.js
  AffectedNodeName: __taint_src
  10:  SOURCE:  function string_001_T(__taint_src) {
 /sast-js/case/completeness/single_app_tracing/function_call/library_function/string_001_T.js
  AffectedNodeName: process
  11:  CALL:    process(__taint_src);
 /sast-js/case/completeness/single_app_tracing/function_call/library_function/string_001_T.js
  AffectedNodeName: arg
  13:  ARG PASS:    function process(arg) {
 /sast-js/case/completeness/single_app_tracing/function_call/library_function/string_001_T.js
  AffectedNodeName: result
  14:  Var Pass:      let result = arg.trim();
 /sast-js/case/completeness/single_app_tracing/function_call/library_function/string_001_T.js
  AffectedNodeName: __taint_sink
  15:  SINK:      __taint_sink(result);
2026-04-16 16:32:56.937 INFO 
-------------  253 :  taint_flow_test ------------- 
2026-04-16 16:32:56.937 INFO Description: taint_flow_test，回归测试使用，不推荐外部使用
2026-04-16 16:32:56.937 INFO File: /sast-js/case/completeness/single_app_tracing/function_call/override/constructor_extends_001_T.js
2026-04-16 16:32:56.937 INFO Line 31: __taint_sink(this.getData())
2026-04-16 16:32:56.937 INFO SINK RULE: __taint_sink
2026-04-16 16:32:56.937 INFO entrypoint: 
2026-04-16 16:32:56.937 INFO {
  filePath: '/sast-js/case/completeness/single_app_tracing/function_call/override/constructor_extends_001_T.js',
  functionName: 'constructor_extends_001_T',
  attribute: 'fullCallGraphMade',
  type: 'functionCall',
  packageName: undefined,
  funcReceiverType: ''
}
2026-04-16 16:32:56.937 INFO Trace: 
2026-04-16 16:32:56.937 INFO  /sast-js/case/completeness/single_app_tracing/function_call/override/constructor_extends_001_T.js
  AffectedNodeName: __taint_src
  10:  SOURCE:  function constructor_extends_001_T(__taint_src) {
 /sast-js/case/completeness/single_app_tracing/function_call/override/constructor_extends_001_T.js
  AffectedNodeName: constructor
  35:  CALL:    const derived = new DerivedClass(__taint_src);
 /sast-js/case/completeness/single_app_tracing/function_call/override/constructor_extends_001_T.js
  AffectedNodeName: data
  26:  ARG PASS:      constructor(data) {
 /sast-js/case/completeness/single_app_tracing/function_call/override/constructor_extends_001_T.js
  AffectedNodeName: constructor
  27:  CALL:        super(data);
 /sast-js/case/completeness/single_app_tracing/function_call/override/constructor_extends_001_T.js
  AffectedNodeName: data
  14:  ARG PASS:      constructor(data) {
 /sast-js/case/completeness/single_app_tracing/function_call/override/constructor_extends_001_T.js
  AffectedNodeName: this.data
  15:  Var Pass:       this.data = data;
 /sast-js/case/completeness/single_app_tracing/function_call/override/constructor_extends_001_T.js
  AffectedNodeName: derived
  35:  Var Pass:    const derived = new DerivedClass(__taint_src);
 /sast-js/case/completeness/single_app_tracing/function_call/override/constructor_extends_001_T.js
  AffectedNodeName: process
  36:  CALL:    derived.process();
 /sast-js/case/completeness/single_app_tracing/function_call/override/constructor_extends_001_T.js
  AffectedNodeName: derived
  36:  ARG PASS:    derived.process();
 /sast-js/case/completeness/single_app_tracing/function_call/override/constructor_extends_001_T.js
  AffectedNodeName: getData
  31:  CALL:        __taint_sink(this.getData());
 /sast-js/case/completeness/single_app_tracing/function_call/override/constructor_extends_001_T.js
  AffectedNodeName: this
  31:  ARG PASS:        __taint_sink(this.getData());
 /sast-js/case/completeness/single_app_tracing/function_call/override/constructor_extends_001_T.js
  AffectedNodeName: [return value]
  19:  Return Value:        return this.data;
 /sast-js/case/completeness/single_app_tracing/function_call/override/constructor_extends_001_T.js
  AffectedNodeName: getData
  31:  CALL RETURN:       __taint_sink(this.getData());
 /sast-js/case/completeness/single_app_tracing/function_call/override/constructor_extends_001_T.js
  AffectedNodeName: __taint_sink
  31:  SINK:        __taint_sink(this.getData());
2026-04-16 16:32:56.938 INFO 
-------------  254 :  taint_flow_test ------------- 
2026-04-16 16:32:56.938 INFO Description: taint_flow_test，回归测试使用，不推荐外部使用
2026-04-16 16:32:56.938 INFO File: /sast-js/case/completeness/single_app_tracing/function_call/override/constructor_extends_003_T.js
2026-04-16 16:32:56.938 INFO Line 29: __taint_sink(this.getData())
2026-04-16 16:32:56.938 INFO SINK RULE: __taint_sink
2026-04-16 16:32:56.938 INFO entrypoint: 
2026-04-16 16:32:56.938 INFO {
  filePath: '/sast-js/case/completeness/single_app_tracing/function_call/override/constructor_extends_003_T.js',
  functionName: 'constructor_extends_003_T',
  attribute: 'fullCallGraphMade',
  type: 'functionCall',
  packageName: undefined,
  funcReceiverType: ''
}
2026-04-16 16:32:56.938 INFO Trace: 
2026-04-16 16:32:56.938 INFO  /sast-js/case/completeness/single_app_tracing/function_call/override/constructor_extends_003_T.js
  AffectedNodeName: __taint_src
  10:  SOURCE:  function constructor_extends_003_T(__taint_src) {
 /sast-js/case/completeness/single_app_tracing/function_call/override/constructor_extends_003_T.js
  AffectedNodeName: this.data
  13:  Var Pass:       this.data = __taint_src;
 /sast-js/case/completeness/single_app_tracing/function_call/override/constructor_extends_003_T.js
  AffectedNodeName: derived
  33:  Var Pass:    const derived = new DerivedClass();
 /sast-js/case/completeness/single_app_tracing/function_call/override/constructor_extends_003_T.js
  AffectedNodeName: process
  34:  CALL:    derived.process();
 /sast-js/case/completeness/single_app_tracing/function_call/override/constructor_extends_003_T.js
  AffectedNodeName: derived
  34:  ARG PASS:    derived.process();
 /sast-js/case/completeness/single_app_tracing/function_call/override/constructor_extends_003_T.js
  AffectedNodeName: getData
  29:  CALL:        __taint_sink(this.getData());
 /sast-js/case/completeness/single_app_tracing/function_call/override/constructor_extends_003_T.js
  AffectedNodeName: this
  29:  ARG PASS:        __taint_sink(this.getData());
 /sast-js/case/completeness/single_app_tracing/function_call/override/constructor_extends_003_T.js
  AffectedNodeName: [return value]
  17:  Return Value:        return this.data;
 /sast-js/case/completeness/single_app_tracing/function_call/override/constructor_extends_003_T.js
  AffectedNodeName: getData
  29:  CALL RETURN:       __taint_sink(this.getData());
 /sast-js/case/completeness/single_app_tracing/function_call/override/constructor_extends_003_T.js
  AffectedNodeName: __taint_sink
  29:  SINK:        __taint_sink(this.getData());
2026-04-16 16:32:56.938 INFO 
-------------  255 :  taint_flow_test ------------- 
2026-04-16 16:32:56.938 INFO Description: taint_flow_test，回归测试使用，不推荐外部使用
2026-04-16 16:32:56.938 INFO File: /sast-js/case/completeness/single_app_tracing/function_call/override/polymorphism_override_001_T.js
2026-04-16 16:32:56.938 INFO Line 26: __taint_sink(sub.call())
2026-04-16 16:32:56.938 INFO SINK RULE: __taint_sink
2026-04-16 16:32:56.938 INFO entrypoint: 
2026-04-16 16:32:56.938 INFO {
  filePath: '/sast-js/case/completeness/single_app_tracing/function_call/override/polymorphism_override_001_T.js',
  functionName: 'polymorphism_override_001_T',
  attribute: 'fullCallGraphMade',
  type: 'functionCall',
  packageName: undefined,
  funcReceiverType: ''
}
2026-04-16 16:32:56.938 INFO Trace: 
2026-04-16 16:32:56.938 INFO  /sast-js/case/completeness/single_app_tracing/function_call/override/polymorphism_override_001_T.js
  AffectedNodeName: __taint_src
  10:  SOURCE:  function polymorphism_override_001_T(__taint_src) {
 /sast-js/case/completeness/single_app_tracing/function_call/override/polymorphism_override_001_T.js
  AffectedNodeName: [return value]
  15:  Return Value:        return __taint_src;
 /sast-js/case/completeness/single_app_tracing/function_call/override/polymorphism_override_001_T.js
  AffectedNodeName: call
  26:  CALL RETURN:   __taint_sink(sub.call());
 /sast-js/case/completeness/single_app_tracing/function_call/override/polymorphism_override_001_T.js
  AffectedNodeName: __taint_sink
  26:  SINK:    __taint_sink(sub.call());
2026-04-16 16:32:56.938 INFO 
-------------  256 :  taint_flow_test ------------- 
2026-04-16 16:32:56.938 INFO Description: taint_flow_test，回归测试使用，不推荐外部使用
2026-04-16 16:32:56.938 INFO File: /sast-js/case/completeness/single_app_tracing/function_call/override/prototype_extends_001_T.js
2026-04-16 16:32:56.938 INFO Line 27: __taint_sink(instance.getChValue())
2026-04-16 16:32:56.938 INFO SINK RULE: __taint_sink
2026-04-16 16:32:56.938 INFO entrypoint: 
2026-04-16 16:32:56.938 INFO {
  filePath: '/sast-js/case/completeness/single_app_tracing/function_call/override/prototype_extends_001_T.js',
  functionName: 'prototype_extends_001_T',
  attribute: 'fullCallGraphMade',
  type: 'functionCall',
  packageName: undefined,
  funcReceiverType: ''
}
2026-04-16 16:32:56.938 INFO Trace: 
2026-04-16 16:32:56.938 INFO  /sast-js/case/completeness/single_app_tracing/function_call/override/prototype_extends_001_T.js
  AffectedNodeName: __taint_src
  10:  SOURCE:  function prototype_extends_001_T(__taint_src) {
 /sast-js/case/completeness/single_app_tracing/function_call/override/prototype_extends_001_T.js
  AffectedNodeName: this.chProperty
  18:  Var Pass:     this.chProperty = __taint_src;
 /sast-js/case/completeness/single_app_tracing/function_call/override/prototype_extends_001_T.js
  AffectedNodeName: instance
  26:  Var Pass:    let instance = new Child();
 /sast-js/case/completeness/single_app_tracing/function_call/override/prototype_extends_001_T.js
  AffectedNodeName: <anonymousFunc_22_32_24_4>
  27:  CALL:    __taint_sink(instance.getChValue());
 /sast-js/case/completeness/single_app_tracing/function_call/override/prototype_extends_001_T.js
  AffectedNodeName: instance
  27:  ARG PASS:    __taint_sink(instance.getChValue());
 /sast-js/case/completeness/single_app_tracing/function_call/override/prototype_extends_001_T.js
  AffectedNodeName: [return value]
  23:  Return Value:      return this.chProperty;
 /sast-js/case/completeness/single_app_tracing/function_call/override/prototype_extends_001_T.js
  AffectedNodeName: <anonymousFunc_22_32_24_4>
  27:  CALL RETURN:   __taint_sink(instance.getChValue());
 /sast-js/case/completeness/single_app_tracing/function_call/override/prototype_extends_001_T.js
  AffectedNodeName: __taint_sink
  27:  SINK:    __taint_sink(instance.getChValue());
2026-04-16 16:32:56.938 INFO 
-------------  257 :  taint_flow_test ------------- 
2026-04-16 16:32:56.938 INFO Description: taint_flow_test，回归测试使用，不推荐外部使用
2026-04-16 16:32:56.938 INFO File: /sast-js/case/completeness/single_app_tracing/function_call/return_value_passing/return_array_method_002_T.js
2026-04-16 16:32:56.938 INFO Line 13: __taint_sink(b)
2026-04-16 16:32:56.938 INFO SINK RULE: __taint_sink
2026-04-16 16:32:56.938 INFO entrypoint: 
2026-04-16 16:32:56.938 INFO {
  filePath: '/sast-js/case/completeness/single_app_tracing/function_call/return_value_passing/return_array_method_002_T.js',
  functionName: 'return_array_method_002_T',
  attribute: 'fullCallGraphMade',
  type: 'functionCall',
  packageName: undefined,
  funcReceiverType: ''
}
2026-04-16 16:32:56.938 INFO Trace: 
2026-04-16 16:32:56.938 INFO  /sast-js/case/completeness/single_app_tracing/function_call/return_value_passing/return_array_method_002_T.js
  AffectedNodeName: __taint_src
  11:  SOURCE:  function return_array_method_002_T(__taint_src) {
 /sast-js/case/completeness/single_app_tracing/function_call/return_value_passing/return_array_method_002_T.js
  AffectedNodeName: [return value]
  17:  Return Value:      return ["safe_value", __taint_src];
 /sast-js/case/completeness/single_app_tracing/function_call/return_value_passing/return_array_method_002_T.js
  AffectedNodeName: processArray
  12:  CALL RETURN:   const [a, b] = processArray();
 /sast-js/case/completeness/single_app_tracing/function_call/return_value_passing/return_array_method_002_T.js
  AffectedNodeName: b
  12:  Var Pass:    const [a, b] = processArray();
 /sast-js/case/completeness/single_app_tracing/function_call/return_value_passing/return_array_method_002_T.js
  AffectedNodeName: __taint_sink
  13:  SINK:    __taint_sink(b);
2026-04-16 16:32:56.938 INFO 
-------------  258 :  taint_flow_test ------------- 
2026-04-16 16:32:56.938 INFO Description: taint_flow_test，回归测试使用，不推荐外部使用
2026-04-16 16:32:56.938 INFO File: /sast-js/case/completeness/single_app_tracing/function_call/return_value_passing/return_destruct_002_T.js
2026-04-16 16:32:56.939 INFO Line 13: __taint_sink(b)
2026-04-16 16:32:56.939 INFO SINK RULE: __taint_sink
2026-04-16 16:32:56.939 INFO entrypoint: 
2026-04-16 16:32:56.939 INFO {
  filePath: '/sast-js/case/completeness/single_app_tracing/function_call/return_value_passing/return_destruct_002_T.js',
  functionName: 'return_destruct_002_T',
  attribute: 'fullCallGraphMade',
  type: 'functionCall',
  packageName: undefined,
  funcReceiverType: ''
}
2026-04-16 16:32:56.939 INFO Trace: 
2026-04-16 16:32:56.939 INFO  /sast-js/case/completeness/single_app_tracing/function_call/return_value_passing/return_destruct_002_T.js
  AffectedNodeName: __taint_src
  11:  SOURCE:  function return_destruct_002_T(__taint_src) {
 /sast-js/case/completeness/single_app_tracing/function_call/return_value_passing/return_destruct_002_T.js
  AffectedNodeName: [return value]
  17:  Return Value:      return { a: "safe_value", b: __taint_src };
 /sast-js/case/completeness/single_app_tracing/function_call/return_value_passing/return_destruct_002_T.js
  AffectedNodeName: process
  12:  CALL RETURN:   const { a, b } = process();
 /sast-js/case/completeness/single_app_tracing/function_call/return_value_passing/return_destruct_002_T.js
  AffectedNodeName: b
  12:  Var Pass:    const { a, b } = process();
 /sast-js/case/completeness/single_app_tracing/function_call/return_value_passing/return_destruct_002_T.js
  AffectedNodeName: __taint_sink
  13:  SINK:    __taint_sink(b);
2026-04-16 16:32:56.939 INFO 
-------------  259 :  taint_flow_test ------------- 
2026-04-16 16:32:56.939 INFO Description: taint_flow_test，回归测试使用，不推荐外部使用
2026-04-16 16:32:56.939 INFO File: /sast-js/case/completeness/single_app_tracing/function_call/return_value_passing/return_normal_value_passing_002_T.js
2026-04-16 16:32:56.939 INFO Line 13: __taint_sink(data)
2026-04-16 16:32:56.939 INFO SINK RULE: __taint_sink
2026-04-16 16:32:56.939 INFO entrypoint: 
2026-04-16 16:32:56.939 INFO {
  filePath: '/sast-js/case/completeness/single_app_tracing/function_call/return_value_passing/return_normal_value_passing_002_T.js',
  functionName: 'return_normal_value_passing_002_T',
  attribute: 'fullCallGraphMade',
  type: 'functionCall',
  packageName: undefined,
  funcReceiverType: ''
}
2026-04-16 16:32:56.939 INFO Trace: 
2026-04-16 16:32:56.939 INFO  /sast-js/case/completeness/single_app_tracing/function_call/return_value_passing/return_normal_value_passing_002_T.js
  AffectedNodeName: __taint_src
  11:  SOURCE:  function return_normal_value_passing_002_T(__taint_src) {
 /sast-js/case/completeness/single_app_tracing/function_call/return_value_passing/return_normal_value_passing_002_T.js
  AffectedNodeName: [return value]
  16:  Return Value:      return __taint_src;
 /sast-js/case/completeness/single_app_tracing/function_call/return_value_passing/return_normal_value_passing_002_T.js
  AffectedNodeName: process
  12:  CALL RETURN:   let data = process();
 /sast-js/case/completeness/single_app_tracing/function_call/return_value_passing/return_normal_value_passing_002_T.js
  AffectedNodeName: data
  12:  Var Pass:    let data = process();
 /sast-js/case/completeness/single_app_tracing/function_call/return_value_passing/return_normal_value_passing_002_T.js
  AffectedNodeName: __taint_sink
  13:  SINK:    __taint_sink(data);
2026-04-16 16:32:56.939 INFO 
-------------  260 :  taint_flow_test ------------- 
2026-04-16 16:32:56.939 INFO Description: taint_flow_test，回归测试使用，不推荐外部使用
2026-04-16 16:32:56.939 INFO File: /sast-js/case/completeness/single_app_tracing/function_call/static_method/static_method_001_T.js
2026-04-16 16:32:56.939 INFO Line 13: __taint_sink(arg)
2026-04-16 16:32:56.939 INFO SINK RULE: __taint_sink
2026-04-16 16:32:56.939 INFO entrypoint: 
2026-04-16 16:32:56.939 INFO {
  filePath: '/sast-js/case/completeness/single_app_tracing/function_call/static_method/static_method_001_T.js',
  functionName: 'static_method_001_T',
  attribute: 'fullCallGraphMade',
  type: 'functionCall',
  packageName: undefined,
  funcReceiverType: ''
}
2026-04-16 16:32:56.939 INFO Trace: 
2026-04-16 16:32:56.939 INFO  /sast-js/case/completeness/single_app_tracing/function_call/static_method/static_method_001_T.js
  AffectedNodeName: __taint_src
  17:  SOURCE:  function static_method_001_T(__taint_src) {
 /sast-js/case/completeness/single_app_tracing/function_call/static_method/static_method_001_T.js
  AffectedNodeName: process
  18:  CALL:    MyClass.process(__taint_src);
 /sast-js/case/completeness/single_app_tracing/function_call/static_method/static_method_001_T.js
  AffectedNodeName: arg
  12:  ARG PASS:    static process(arg) {
 /sast-js/case/completeness/single_app_tracing/function_call/static_method/static_method_001_T.js
  AffectedNodeName: __taint_sink
  13:  SINK:      __taint_sink(arg);
2026-04-16 16:32:56.939 INFO 
-------------  261 :  taint_flow_test ------------- 
2026-04-16 16:32:56.939 INFO Description: taint_flow_test，回归测试使用，不推荐外部使用
2026-04-16 16:32:56.939 INFO File: /sast-js/case/completeness/single_app_tracing/interface_class/anonymous_object/anonymous_object_001_T.js
2026-04-16 16:32:56.939 INFO Line 16: __taint_sink(obj.data)
2026-04-16 16:32:56.939 INFO SINK RULE: __taint_sink
2026-04-16 16:32:56.939 INFO entrypoint: 
2026-04-16 16:32:56.939 INFO {
  filePath: '/sast-js/case/completeness/single_app_tracing/interface_class/anonymous_object/anonymous_object_001_T.js',
  functionName: 'anonymous_object_001_T',
  attribute: 'fullCallGraphMade',
  type: 'functionCall',
  packageName: undefined,
  funcReceiverType: ''
}
2026-04-16 16:32:56.939 INFO Trace: 
2026-04-16 16:32:56.939 INFO  /sast-js/case/completeness/single_app_tracing/interface_class/anonymous_object/anonymous_object_001_T.js
  AffectedNodeName: __taint_src
  11:  SOURCE:  function anonymous_object_001_T(__taint_src) {
 /sast-js/case/completeness/single_app_tracing/interface_class/anonymous_object/anonymous_object_001_T.js
  AffectedNodeName: obj.data
  14:  Var Pass:   obj.data = __taint_src;
 /sast-js/case/completeness/single_app_tracing/interface_class/anonymous_object/anonymous_object_001_T.js
  AffectedNodeName: __taint_sink
  16:  SINK:    __taint_sink(obj.data);
2026-04-16 16:32:56.939 INFO 
-------------  262 :  taint_flow_test ------------- 
2026-04-16 16:32:56.939 INFO Description: taint_flow_test，回归测试使用，不推荐外部使用
2026-04-16 16:32:56.939 INFO File: /sast-js/case/completeness/single_app_tracing/interface_class/anonymous_object/anonymous_object_003_T.js
2026-04-16 16:32:56.939 INFO Line 17: __taint_sink(obj.data)
2026-04-16 16:32:56.939 INFO SINK RULE: __taint_sink
2026-04-16 16:32:56.939 INFO entrypoint: 
2026-04-16 16:32:56.939 INFO {
  filePath: '/sast-js/case/completeness/single_app_tracing/interface_class/anonymous_object/anonymous_object_003_T.js',
  functionName: 'anonymous_object_003_T',
  attribute: 'fullCallGraphMade',
  type: 'functionCall',
  packageName: undefined,
  funcReceiverType: ''
}
2026-04-16 16:32:56.939 INFO Trace: 
2026-04-16 16:32:56.939 INFO  /sast-js/case/completeness/single_app_tracing/interface_class/anonymous_object/anonymous_object_003_T.js
  AffectedNodeName: __taint_src
  11:  SOURCE:  function anonymous_object_003_T(__taint_src) {
 /sast-js/case/completeness/single_app_tracing/interface_class/anonymous_object/anonymous_object_003_T.js
  AffectedNodeName: obj
  13:  Var Pass:    const obj = {
  14:  Var Pass:      data: __taint_src,
  15:  Var Pass:    };
 /sast-js/case/completeness/single_app_tracing/interface_class/anonymous_object/anonymous_object_003_T.js
  AffectedNodeName: __taint_sink
  17:  SINK:    __taint_sink(obj.data);
2026-04-16 16:32:56.939 INFO 
-------------  263 :  taint_flow_test ------------- 
2026-04-16 16:32:56.939 INFO Description: taint_flow_test，回归测试使用，不推荐外部使用
2026-04-16 16:32:56.939 INFO File: /sast-js/case/completeness/single_app_tracing/interface_class/anonymous_object/anonymous_object_005_T.js
2026-04-16 16:32:56.939 INFO Line 18: __taint_sink(obj.data)
2026-04-16 16:32:56.939 INFO SINK RULE: __taint_sink
2026-04-16 16:32:56.939 INFO entrypoint: 
2026-04-16 16:32:56.939 INFO {
  filePath: '/sast-js/case/completeness/single_app_tracing/interface_class/anonymous_object/anonymous_object_005_T.js',
  functionName: 'anonymous_object_005_T',
  attribute: 'fullCallGraphMade',
  type: 'functionCall',
  packageName: undefined,
  funcReceiverType: ''
}
2026-04-16 16:32:56.940 INFO Trace: 
2026-04-16 16:32:56.940 INFO  /sast-js/case/completeness/single_app_tracing/interface_class/anonymous_object/anonymous_object_005_T.js
  AffectedNodeName: __taint_src
  11:  SOURCE:  function anonymous_object_005_T(__taint_src) {
 /sast-js/case/completeness/single_app_tracing/interface_class/anonymous_object/anonymous_object_005_T.js
  AffectedNodeName: [return value]
  14:  Return Value:      return { data: __taint_src };
 /sast-js/case/completeness/single_app_tracing/interface_class/anonymous_object/anonymous_object_005_T.js
  AffectedNodeName: create
  16:  CALL RETURN:   const obj = create();
 /sast-js/case/completeness/single_app_tracing/interface_class/anonymous_object/anonymous_object_005_T.js
  AffectedNodeName: obj
  16:  Var Pass:    const obj = create();
 /sast-js/case/completeness/single_app_tracing/interface_class/anonymous_object/anonymous_object_005_T.js
  AffectedNodeName: __taint_sink
  18:  SINK:    __taint_sink(obj.data);
2026-04-16 16:32:56.940 INFO 
-------------  264 :  taint_flow_test ------------- 
2026-04-16 16:32:56.940 INFO Description: taint_flow_test，回归测试使用，不推荐外部使用
2026-04-16 16:32:56.940 INFO File: /sast-js/case/completeness/single_app_tracing/interface_class/complex_object/cross_class_001_T.js
2026-04-16 16:32:56.940 INFO Line 29: __taint_sink(obj)
2026-04-16 16:32:56.940 INFO SINK RULE: __taint_sink
2026-04-16 16:32:56.940 INFO entrypoint: 
2026-04-16 16:32:56.940 INFO {
  filePath: '/sast-js/case/completeness/single_app_tracing/interface_class/complex_object/cross_class_001_T.js',
  functionName: 'cross_class_001_T',
  attribute: 'fullCallGraphMade',
  type: 'functionCall',
  packageName: undefined,
  funcReceiverType: ''
}
2026-04-16 16:32:56.940 INFO Trace: 
2026-04-16 16:32:56.940 INFO  /sast-js/case/completeness/single_app_tracing/interface_class/complex_object/cross_class_001_T.js
  AffectedNodeName: __taint_src
  11:  SOURCE:  function cross_class_001_T(__taint_src) {
 /sast-js/case/completeness/single_app_tracing/interface_class/complex_object/cross_class_001_T.js
  AffectedNodeName: this.data
  14:  Var Pass:       this.data = __taint_src;
 /sast-js/case/completeness/single_app_tracing/interface_class/complex_object/cross_class_001_T.js
  AffectedNodeName: getData
  24:  CALL:        this.data = new A().getData();
 /sast-js/case/completeness/single_app_tracing/interface_class/complex_object/cross_class_001_T.js
  AffectedNodeName: new A()
  24:  ARG PASS:        this.data = new A().getData();
 /sast-js/case/completeness/single_app_tracing/interface_class/complex_object/cross_class_001_T.js
  AffectedNodeName: [return value]
  18:  Return Value:        return this.data;
 /sast-js/case/completeness/single_app_tracing/interface_class/complex_object/cross_class_001_T.js
  AffectedNodeName: getData
  24:  CALL RETURN:       this.data = new A().getData();
 /sast-js/case/completeness/single_app_tracing/interface_class/complex_object/cross_class_001_T.js
  AffectedNodeName: this.data
  24:  Var Pass:       this.data = new A().getData();
 /sast-js/case/completeness/single_app_tracing/interface_class/complex_object/cross_class_001_T.js
  AffectedNodeName: obj
  28:  Var Pass:    let obj = new B();
 /sast-js/case/completeness/single_app_tracing/interface_class/complex_object/cross_class_001_T.js
  AffectedNodeName: __taint_sink
  29:  SINK:    __taint_sink(obj);
2026-04-16 16:32:56.940 INFO 
-------------  265 :  taint_flow_test ------------- 
2026-04-16 16:32:56.940 INFO Description: taint_flow_test，回归测试使用，不推荐外部使用
2026-04-16 16:32:56.940 INFO File: /sast-js/case/completeness/single_app_tracing/interface_class/complex_object/cross_class_003_T.js
2026-04-16 16:32:56.940 INFO Line 36: __taint_sink(a)
2026-04-16 16:32:56.940 INFO SINK RULE: __taint_sink
2026-04-16 16:32:56.940 INFO entrypoint: 
2026-04-16 16:32:56.940 INFO {
  filePath: '/sast-js/case/completeness/single_app_tracing/interface_class/complex_object/cross_class_003_T.js',
  functionName: 'cross_class_003_T',
  attribute: 'fullCallGraphMade',
  type: 'functionCall',
  packageName: undefined,
  funcReceiverType: ''
}
2026-04-16 16:32:56.940 INFO Trace: 
2026-04-16 16:32:56.940 INFO  /sast-js/case/completeness/single_app_tracing/interface_class/complex_object/cross_class_003_T.js
  AffectedNodeName: __taint_src
  11:  SOURCE:  function cross_class_003_T(__taint_src) {
 /sast-js/case/completeness/single_app_tracing/interface_class/complex_object/cross_class_003_T.js
  AffectedNodeName: setData
  35:  CALL:    b.setData(__taint_src);
 /sast-js/case/completeness/single_app_tracing/interface_class/complex_object/cross_class_003_T.js
  AffectedNodeName: data
  28:  ARG PASS:      setData(data) {
 /sast-js/case/completeness/single_app_tracing/interface_class/complex_object/cross_class_003_T.js
  AffectedNodeName: this.data
  29:  Var Pass:       this.data = data;
 /sast-js/case/completeness/single_app_tracing/interface_class/complex_object/cross_class_003_T.js
  AffectedNodeName: __taint_sink
  36:  SINK:    __taint_sink(a);
2026-04-16 16:32:56.940 INFO 
-------------  266 :  taint_flow_test ------------- 
2026-04-16 16:32:56.940 INFO Description: taint_flow_test，回归测试使用，不推荐外部使用
2026-04-16 16:32:56.940 INFO File: /sast-js/case/completeness/single_app_tracing/interface_class/complex_object/cross_class_005_T.js
2026-04-16 16:32:56.940 INFO Line 17: __taint_sink(a.b.c)
2026-04-16 16:32:56.940 INFO SINK RULE: __taint_sink
2026-04-16 16:32:56.940 INFO entrypoint: 
2026-04-16 16:32:56.940 INFO {
  filePath: '/sast-js/case/completeness/single_app_tracing/interface_class/complex_object/cross_class_005_T.js',
  functionName: 'cross_class_005_T',
  attribute: 'fullCallGraphMade',
  type: 'functionCall',
  packageName: undefined,
  funcReceiverType: ''
}
2026-04-16 16:32:56.940 INFO Trace: 
2026-04-16 16:32:56.940 INFO  /sast-js/case/completeness/single_app_tracing/interface_class/complex_object/cross_class_005_T.js
  AffectedNodeName: __taint_src
  11:  SOURCE:  function cross_class_005_T(__taint_src) {
 /sast-js/case/completeness/single_app_tracing/interface_class/complex_object/cross_class_005_T.js
  AffectedNodeName: a
  12:  Var Pass:    const a = {
  13:  Var Pass:      b: {
  14:  Var Pass:        c: __taint_src,
  15:  Var Pass:      },
  16:  Var Pass:    };
 /sast-js/case/completeness/single_app_tracing/interface_class/complex_object/cross_class_005_T.js
  AffectedNodeName: __taint_sink
  17:  SINK:    __taint_sink(a.b.c);
2026-04-16 16:32:56.941 INFO 
-------------  267 :  taint_flow_test ------------- 
2026-04-16 16:32:56.941 INFO Description: taint_flow_test，回归测试使用，不推荐外部使用
2026-04-16 16:32:56.941 INFO File: /sast-js/case/completeness/single_app_tracing/interface_class/complex_object/cross_class_007_T.js
2026-04-16 16:32:56.941 INFO Line 20: __taint_sink(a.b.c)
2026-04-16 16:32:56.941 INFO SINK RULE: __taint_sink
2026-04-16 16:32:56.941 INFO entrypoint: 
2026-04-16 16:32:56.941 INFO {
  filePath: '/sast-js/case/completeness/single_app_tracing/interface_class/complex_object/cross_class_007_T.js',
  functionName: 'cross_class_007_T',
  attribute: 'fullCallGraphMade',
  type: 'functionCall',
  packageName: undefined,
  funcReceiverType: ''
}
2026-04-16 16:32:56.941 INFO Trace: 
2026-04-16 16:32:56.941 INFO  /sast-js/case/completeness/single_app_tracing/interface_class/complex_object/cross_class_007_T.js
  AffectedNodeName: __taint_src
  11:  SOURCE:  function cross_class_007_T(__taint_src) {
 /sast-js/case/completeness/single_app_tracing/interface_class/complex_object/cross_class_007_T.js
  AffectedNodeName: this.c
  17:  Var Pass:     this.c = __taint_src;
 /sast-js/case/completeness/single_app_tracing/interface_class/complex_object/cross_class_007_T.js
  AffectedNodeName: this.b
  13:  Var Pass:     this.b = new B();
 /sast-js/case/completeness/single_app_tracing/interface_class/complex_object/cross_class_007_T.js
  AffectedNodeName: a
  19:  Var Pass:    const a = new A();
 /sast-js/case/completeness/single_app_tracing/interface_class/complex_object/cross_class_007_T.js
  AffectedNodeName: __taint_sink
  20:  SINK:    __taint_sink(a.b.c);
2026-04-16 16:32:56.941 INFO 
-------------  268 :  taint_flow_test ------------- 
2026-04-16 16:32:56.941 INFO Description: taint_flow_test，回归测试使用，不推荐外部使用
2026-04-16 16:32:56.941 INFO File: /sast-js/case/completeness/single_app_tracing/interface_class/simple_object/simple_object_001_T.js
2026-04-16 16:32:56.941 INFO Line 18: __taint_sink(obj)
2026-04-16 16:32:56.941 INFO SINK RULE: __taint_sink
2026-04-16 16:32:56.941 INFO entrypoint: 
2026-04-16 16:32:56.941 INFO {
  filePath: '/sast-js/case/completeness/single_app_tracing/interface_class/simple_object/simple_object_001_T.js',
  functionName: 'simple_object_001_T',
  attribute: 'fullCallGraphMade',
  type: 'functionCall',
  packageName: undefined,
  funcReceiverType: ''
}
2026-04-16 16:32:56.941 INFO Trace: 
2026-04-16 16:32:56.941 INFO  /sast-js/case/completeness/single_app_tracing/interface_class/simple_object/simple_object_001_T.js
  AffectedNodeName: __taint_src
  10:  SOURCE:  function simple_object_001_T(__taint_src) {
 /sast-js/case/completeness/single_app_tracing/interface_class/simple_object/simple_object_001_T.js
  AffectedNodeName: constructor
  17:  CALL:    let obj = new A(__taint_src);
 /sast-js/case/completeness/single_app_tracing/interface_class/simple_object/simple_object_001_T.js
  AffectedNodeName: data
  12:  ARG PASS:      constructor(data) {
 /sast-js/case/completeness/single_app_tracing/interface_class/simple_object/simple_object_001_T.js
  AffectedNodeName: this.data
  13:  Var Pass:       this.data = data;
 /sast-js/case/completeness/single_app_tracing/interface_class/simple_object/simple_object_001_T.js
  AffectedNodeName: obj
  17:  Var Pass:    let obj = new A(__taint_src);
 /sast-js/case/completeness/single_app_tracing/interface_class/simple_object/simple_object_001_T.js
  AffectedNodeName: __taint_sink
  18:  SINK:    __taint_sink(obj);
2026-04-16 16:32:56.941 INFO 
-------------  269 :  taint_flow_test ------------- 
2026-04-16 16:32:56.941 INFO Description: taint_flow_test，回归测试使用，不推荐外部使用
2026-04-16 16:32:56.941 INFO File: /sast-js/case/completeness/single_app_tracing/interface_class/simple_object/simple_object_003_T.js
2026-04-16 16:32:56.941 INFO Line 17: __taint_sink(person.name)
2026-04-16 16:32:56.941 INFO SINK RULE: __taint_sink
2026-04-16 16:32:56.941 INFO entrypoint: 
2026-04-16 16:32:56.941 INFO {
  filePath: '/sast-js/case/completeness/single_app_tracing/interface_class/simple_object/simple_object_003_T.js',
  functionName: 'simple_object_003_T',
  attribute: 'fullCallGraphMade',
  type: 'functionCall',
  packageName: undefined,
  funcReceiverType: ''
}
2026-04-16 16:32:56.941 INFO Trace: 
2026-04-16 16:32:56.941 INFO  /sast-js/case/completeness/single_app_tracing/interface_class/simple_object/simple_object_003_T.js
  AffectedNodeName: __taint_src
  10:  SOURCE:  function simple_object_003_T(__taint_src) {
 /sast-js/case/completeness/single_app_tracing/interface_class/simple_object/simple_object_003_T.js
  AffectedNodeName: Person.prototype.name
  13:  Var Pass:   Person.prototype.name = __taint_src;
 /sast-js/case/completeness/single_app_tracing/interface_class/simple_object/simple_object_003_T.js
  AffectedNodeName: person
  15:  Var Pass:    let person = new Person();
 /sast-js/case/completeness/single_app_tracing/interface_class/simple_object/simple_object_003_T.js
  AffectedNodeName: __taint_sink
  17:  SINK:    __taint_sink(person.name);
2026-04-16 16:32:56.942 INFO 
-------------  270 :  taint_flow_test ------------- 
2026-04-16 16:32:56.942 INFO Description: taint_flow_test，回归测试使用，不推荐外部使用
2026-04-16 16:32:56.942 INFO File: /sast-js/case/completeness/single_app_tracing/interface_class/simple_object/simple_object_005_T.js
2026-04-16 16:32:56.942 INFO Line 15: __taint_sink(person.name)
2026-04-16 16:32:56.942 INFO SINK RULE: __taint_sink
2026-04-16 16:32:56.942 INFO entrypoint: 
2026-04-16 16:32:56.942 INFO {
  filePath: '/sast-js/case/completeness/single_app_tracing/interface_class/simple_object/simple_object_005_T.js',
  functionName: 'simple_object_005_T',
  attribute: 'fullCallGraphMade',
  type: 'functionCall',
  packageName: undefined,
  funcReceiverType: ''
}
2026-04-16 16:32:56.942 INFO Trace: 
2026-04-16 16:32:56.942 INFO  /sast-js/case/completeness/single_app_tracing/interface_class/simple_object/simple_object_005_T.js
  AffectedNodeName: __taint_src
  10:  SOURCE:  function simple_object_005_T(__taint_src) {
 /sast-js/case/completeness/single_app_tracing/interface_class/simple_object/simple_object_005_T.js
  AffectedNodeName: person
  11:  Var Pass:    let person = {
  12:  Var Pass:      name: __taint_src,
  13:  Var Pass:    };
 /sast-js/case/completeness/single_app_tracing/interface_class/simple_object/simple_object_005_T.js
  AffectedNodeName: __taint_sink
  15:  SINK:    __taint_sink(person.name);
2026-04-16 16:32:56.942 INFO 
-------------  271 :  taint_flow_test ------------- 
2026-04-16 16:32:56.942 INFO Description: taint_flow_test，回归测试使用，不推荐外部使用
2026-04-16 16:32:56.942 INFO File: /sast-js/case/completeness/single_app_tracing/interface_class/subclass/inheritance_parent_property_001_T.js
2026-04-16 16:32:56.942 INFO Line 32: __taint_sink(result)
2026-04-16 16:32:56.942 INFO SINK RULE: __taint_sink
2026-04-16 16:32:56.942 INFO entrypoint: 
2026-04-16 16:32:56.942 INFO {
  filePath: '/sast-js/case/completeness/single_app_tracing/interface_class/subclass/inheritance_parent_property_001_T.js',
  functionName: 'inheritance_parent_property_001_T',
  attribute: 'fullCallGraphMade',
  type: 'functionCall',
  packageName: undefined,
  funcReceiverType: ''
}
2026-04-16 16:32:56.942 INFO Trace: 
2026-04-16 16:32:56.942 INFO  /sast-js/case/completeness/single_app_tracing/interface_class/subclass/inheritance_parent_property_001_T.js
  AffectedNodeName: __taint_src
  11:  SOURCE:  function inheritance_parent_property_001_T(__taint_src) {
 /sast-js/case/completeness/single_app_tracing/interface_class/subclass/inheritance_parent_property_001_T.js
  AffectedNodeName: constructor
  30:  CALL:    const child = new Child(__taint_src);
 /sast-js/case/completeness/single_app_tracing/interface_class/subclass/inheritance_parent_property_001_T.js
  AffectedNodeName: data
  20:  ARG PASS:      constructor(data) {
 /sast-js/case/completeness/single_app_tracing/interface_class/subclass/inheritance_parent_property_001_T.js
  AffectedNodeName: constructor
  21:  CALL:        super(data);
 /sast-js/case/completeness/single_app_tracing/interface_class/subclass/inheritance_parent_property_001_T.js
  AffectedNodeName: data
  13:  ARG PASS:      constructor(data) {
 /sast-js/case/completeness/single_app_tracing/interface_class/subclass/inheritance_parent_property_001_T.js
  AffectedNodeName: this.parentData
  15:  Var Pass:       this.parentData = data;
 /sast-js/case/completeness/single_app_tracing/interface_class/subclass/inheritance_parent_property_001_T.js
  AffectedNodeName: child
  30:  Var Pass:    const child = new Child(__taint_src);
 /sast-js/case/completeness/single_app_tracing/interface_class/subclass/inheritance_parent_property_001_T.js
  AffectedNodeName: getParentData
  31:  CALL:    const result = child.getParentData();
 /sast-js/case/completeness/single_app_tracing/interface_class/subclass/inheritance_parent_property_001_T.js
  AffectedNodeName: child
  31:  ARG PASS:    const result = child.getParentData();
 /sast-js/case/completeness/single_app_tracing/interface_class/subclass/inheritance_parent_property_001_T.js
  AffectedNodeName: [return value]
  26:  Return Value:        return this.parentData;
 /sast-js/case/completeness/single_app_tracing/interface_class/subclass/inheritance_parent_property_001_T.js
  AffectedNodeName: getParentData
  31:  CALL RETURN:   const result = child.getParentData();
 /sast-js/case/completeness/single_app_tracing/interface_class/subclass/inheritance_parent_property_001_T.js
  AffectedNodeName: result
  31:  Var Pass:    const result = child.getParentData();
 /sast-js/case/completeness/single_app_tracing/interface_class/subclass/inheritance_parent_property_001_T.js
  AffectedNodeName: __taint_sink
  32:  SINK:    __taint_sink(result);
2026-04-16 16:32:56.942 INFO 
-------------  272 :  taint_flow_test ------------- 
2026-04-16 16:32:56.942 INFO Description: taint_flow_test，回归测试使用，不推荐外部使用
2026-04-16 16:32:56.942 INFO File: /sast-js/case/completeness/single_app_tracing/interface_class/subclass/inheritance_super_call_001_T.js
2026-04-16 16:32:56.942 INFO Line 35: __taint_sink(result)
2026-04-16 16:32:56.942 INFO SINK RULE: __taint_sink
2026-04-16 16:32:56.942 INFO entrypoint: 
2026-04-16 16:32:56.942 INFO {
  filePath: '/sast-js/case/completeness/single_app_tracing/interface_class/subclass/inheritance_super_call_001_T.js',
  functionName: 'inheritance_super_call_001_T',
  attribute: 'fullCallGraphMade',
  type: 'functionCall',
  packageName: undefined,
  funcReceiverType: ''
}
2026-04-16 16:32:56.942 INFO Trace: 
2026-04-16 16:32:56.942 INFO  /sast-js/case/completeness/single_app_tracing/interface_class/subclass/inheritance_super_call_001_T.js
  AffectedNodeName: __taint_src
  11:  SOURCE:  function inheritance_super_call_001_T(__taint_src) {
 /sast-js/case/completeness/single_app_tracing/interface_class/subclass/inheritance_super_call_001_T.js
  AffectedNodeName: constructor
  33:  CALL:    const child = new Child(__taint_src);
 /sast-js/case/completeness/single_app_tracing/interface_class/subclass/inheritance_super_call_001_T.js
  AffectedNodeName: data
  23:  ARG PASS:      constructor(data) {
 /sast-js/case/completeness/single_app_tracing/interface_class/subclass/inheritance_super_call_001_T.js
  AffectedNodeName: constructor
  24:  CALL:        super(data);
 /sast-js/case/completeness/single_app_tracing/interface_class/subclass/inheritance_super_call_001_T.js
  AffectedNodeName: data
  13:  ARG PASS:      constructor(data) {
 /sast-js/case/completeness/single_app_tracing/interface_class/subclass/inheritance_super_call_001_T.js
  AffectedNodeName: this.data
  14:  Var Pass:       this.data = data;
 /sast-js/case/completeness/single_app_tracing/interface_class/subclass/inheritance_super_call_001_T.js
  AffectedNodeName: child
  33:  Var Pass:    const child = new Child(__taint_src);
 /sast-js/case/completeness/single_app_tracing/interface_class/subclass/inheritance_super_call_001_T.js
  AffectedNodeName: getParentData
  34:  CALL:    const result = child.getParentData();
 /sast-js/case/completeness/single_app_tracing/interface_class/subclass/inheritance_super_call_001_T.js
  AffectedNodeName: child
  34:  ARG PASS:    const result = child.getParentData();
 /sast-js/case/completeness/single_app_tracing/interface_class/subclass/inheritance_super_call_001_T.js
  AffectedNodeName: getData
  29:  CALL:        return super.getData();
 /sast-js/case/completeness/single_app_tracing/interface_class/subclass/inheritance_super_call_001_T.js
  AffectedNodeName: super
  29:  ARG PASS:        return super.getData();
 /sast-js/case/completeness/single_app_tracing/interface_class/subclass/inheritance_super_call_001_T.js
  AffectedNodeName: [return value]
  18:  Return Value:        return this.data;
 /sast-js/case/completeness/single_app_tracing/interface_class/subclass/inheritance_super_call_001_T.js
  AffectedNodeName: getData
  29:  CALL RETURN:       return super.getData();
 /sast-js/case/completeness/single_app_tracing/interface_class/subclass/inheritance_super_call_001_T.js
  AffectedNodeName: [return value]
  29:  Return Value:        return super.getData();
 /sast-js/case/completeness/single_app_tracing/interface_class/subclass/inheritance_super_call_001_T.js
  AffectedNodeName: getParentData
  34:  CALL RETURN:   const result = child.getParentData();
 /sast-js/case/completeness/single_app_tracing/interface_class/subclass/inheritance_super_call_001_T.js
  AffectedNodeName: result
  34:  Var Pass:    const result = child.getParentData();
 /sast-js/case/completeness/single_app_tracing/interface_class/subclass/inheritance_super_call_001_T.js
  AffectedNodeName: __taint_sink
  35:  SINK:    __taint_sink(result);
2026-04-16 16:32:56.942 INFO 
-------------  273 :  taint_flow_test ------------- 
2026-04-16 16:32:56.942 INFO Description: taint_flow_test，回归测试使用，不推荐外部使用
2026-04-16 16:32:56.942 INFO File: /sast-js/case/completeness/single_app_tracing/interface_class/subclass/method_override_001_T.js
2026-04-16 16:32:56.942 INFO Line 27: __taint_sink(result)
2026-04-16 16:32:56.942 INFO SINK RULE: __taint_sink
2026-04-16 16:32:56.942 INFO entrypoint: 
2026-04-16 16:32:56.942 INFO {
  filePath: '/sast-js/case/completeness/single_app_tracing/interface_class/subclass/method_override_001_T.js',
  functionName: 'method_override_001_T',
  attribute: 'fullCallGraphMade',
  type: 'functionCall',
  packageName: undefined,
  funcReceiverType: ''
}
2026-04-16 16:32:56.942 INFO Trace: 
2026-04-16 16:32:56.942 INFO  /sast-js/case/completeness/single_app_tracing/interface_class/subclass/method_override_001_T.js
  AffectedNodeName: __taint_src
  11:  SOURCE:  function method_override_001_T(__taint_src) {
 /sast-js/case/completeness/single_app_tracing/interface_class/subclass/method_override_001_T.js
  AffectedNodeName: [return value]
  21:  Return Value:        return __taint_src;
 /sast-js/case/completeness/single_app_tracing/interface_class/subclass/method_override_001_T.js
  AffectedNodeName: getData
  26:  CALL RETURN:   const result = child.getData();
 /sast-js/case/completeness/single_app_tracing/interface_class/subclass/method_override_001_T.js
  AffectedNodeName: result
  26:  Var Pass:    const result = child.getData();
 /sast-js/case/completeness/single_app_tracing/interface_class/subclass/method_override_001_T.js
  AffectedNodeName: __taint_sink
  27:  SINK:    __taint_sink(result);
2026-04-16 16:32:56.942 INFO 
-------------  274 :  taint_flow_test ------------- 
2026-04-16 16:32:56.942 INFO Description: taint_flow_test，回归测试使用，不推荐外部使用
2026-04-16 16:32:56.943 INFO File: /sast-js/case/completeness/single_app_tracing/variable_scope/private_variable/private_variable_001_T.js
2026-04-16 16:32:56.943 INFO Line 22: __taint_sink(o.GetData())
2026-04-16 16:32:56.943 INFO SINK RULE: __taint_sink
2026-04-16 16:32:56.943 INFO entrypoint: 
2026-04-16 16:32:56.943 INFO {
  filePath: '/sast-js/case/completeness/single_app_tracing/variable_scope/private_variable/private_variable_001_T.js',
  functionName: 'private_variable_001_T',
  attribute: 'fullCallGraphMade',
  type: 'functionCall',
  packageName: undefined,
  funcReceiverType: ''
}
2026-04-16 16:32:56.943 INFO Trace: 
2026-04-16 16:32:56.943 INFO  /sast-js/case/completeness/single_app_tracing/variable_scope/private_variable/private_variable_001_T.js
  AffectedNodeName: __taint_src
  11:  SOURCE:  function private_variable_001_T(__taint_src) {
 /sast-js/case/completeness/single_app_tracing/variable_scope/private_variable/private_variable_001_T.js
  AffectedNodeName: data
  13:  Var Pass:      #data = __taint_src;
 /sast-js/case/completeness/single_app_tracing/variable_scope/private_variable/private_variable_001_T.js
  AffectedNodeName: o
  21:  Var Pass:    let o = new A();
 /sast-js/case/completeness/single_app_tracing/variable_scope/private_variable/private_variable_001_T.js
  AffectedNodeName: GetData
  22:  CALL:    __taint_sink(o.GetData());
 /sast-js/case/completeness/single_app_tracing/variable_scope/private_variable/private_variable_001_T.js
  AffectedNodeName: o
  22:  ARG PASS:    __taint_sink(o.GetData());
 /sast-js/case/completeness/single_app_tracing/variable_scope/private_variable/private_variable_001_T.js
  AffectedNodeName: [return value]
  15:  Return Value:        return this.#data;
 /sast-js/case/completeness/single_app_tracing/variable_scope/private_variable/private_variable_001_T.js
  AffectedNodeName: GetData
  22:  CALL RETURN:   __taint_sink(o.GetData());
 /sast-js/case/completeness/single_app_tracing/variable_scope/private_variable/private_variable_001_T.js
  AffectedNodeName: __taint_sink
  22:  SINK:    __taint_sink(o.GetData());
2026-04-16 16:32:56.943 INFO 
-------------  275 :  taint_flow_test ------------- 
2026-04-16 16:32:56.943 INFO Description: taint_flow_test，回归测试使用，不推荐外部使用
2026-04-16 16:32:56.943 INFO File: /sast-js/case/completeness/single_app_tracing/variable_scope/static_variable/static_variable_001_T.js
2026-04-16 16:32:56.943 INFO Line 16: __taint_sink(A.data)
2026-04-16 16:32:56.943 INFO SINK RULE: __taint_sink
2026-04-16 16:32:56.943 INFO entrypoint: 
2026-04-16 16:32:56.943 INFO {
  filePath: '/sast-js/case/completeness/single_app_tracing/variable_scope/static_variable/static_variable_001_T.js',
  functionName: 'static_variable_001_T',
  attribute: 'fullCallGraphMade',
  type: 'functionCall',
  packageName: undefined,
  funcReceiverType: ''
}
2026-04-16 16:32:56.943 INFO Trace: 
2026-04-16 16:32:56.943 INFO  /sast-js/case/completeness/single_app_tracing/variable_scope/static_variable/static_variable_001_T.js
  AffectedNodeName: __taint_src
  11:  SOURCE:  function static_variable_001_T(__taint_src) {
 /sast-js/case/completeness/single_app_tracing/variable_scope/static_variable/static_variable_001_T.js
  AffectedNodeName: data
  13:  Var Pass:      static data = __taint_src;
 /sast-js/case/completeness/single_app_tracing/variable_scope/static_variable/static_variable_001_T.js
  AffectedNodeName: __taint_sink
  16:  SINK:    __taint_sink(A.data);
2026-04-16 16:32:56.943 INFO 
-------------  276 :  taint_flow_test ------------- 
2026-04-16 16:32:56.943 INFO Description: taint_flow_test，回归测试使用，不推荐外部使用
2026-04-16 16:32:56.943 INFO File: /sast-js/case/completeness/single_app_tracing/variable_scope/static_variable/static_variable_003_T.js
2026-04-16 16:32:56.943 INFO Line 27: __taint_sink(data)
2026-04-16 16:32:56.943 INFO SINK RULE: __taint_sink
2026-04-16 16:32:56.943 INFO entrypoint: 
2026-04-16 16:32:56.943 INFO {
  filePath: '/sast-js/case/completeness/single_app_tracing/variable_scope/static_variable/static_variable_003_T.js',
  functionName: 'static_variable_003_T',
  attribute: 'fullCallGraphMade',
  type: 'functionCall',
  packageName: undefined,
  funcReceiverType: ''
}
2026-04-16 16:32:56.943 INFO Trace: 
2026-04-16 16:32:56.943 INFO  /sast-js/case/completeness/single_app_tracing/variable_scope/static_variable/static_variable_003_T.js
  AffectedNodeName: __taint_src
  11:  SOURCE:  function static_variable_003_T(__taint_src) {
 /sast-js/case/completeness/single_app_tracing/variable_scope/static_variable/static_variable_003_T.js
  AffectedNodeName: data
  13:  Var Pass:      static data = __taint_src;
 /sast-js/case/completeness/single_app_tracing/variable_scope/static_variable/static_variable_003_T.js
  AffectedNodeName: data
  26:  Var Pass:        const data = A.data;
 /sast-js/case/completeness/single_app_tracing/variable_scope/static_variable/static_variable_003_T.js
  AffectedNodeName: __taint_sink
  27:  SINK:        __taint_sink(data);
2026-04-16 16:32:56.943 INFO ==========================================================
2026-04-16 16:32:56.943 INFO   # Total-findings : 276
2026-04-16 16:32:56.943 INFO ========================================================== 

2026-04-16 16:32:56.970 INFO report is write to report/report.sarif
2026-04-16 16:32:56.970 INFO analyze done
2026-04-16 16:32:56.970 INFO [YASA] Execution completed, cost: 37475ms, heap: 787.08/820.48 MB, rss: 530.47 MB, arrayBuffers: 1.57 MB
2026-04-16 16:45:46.158 INFO version: 0.2.19-inner-dev
2026-04-16 16:45:46.160 INFO v8 heap_size_limit: 13360 MB
2026-04-16 16:45:46.160 INFO main file:/snapshot/YASA-Engine/dist/main.js
2026-04-16 16:45:46.160 INFO [YASA] Begin execution
2026-04-16 16:45:46.162 INFO [YASA][init] Source path: /Users/infinite/Downloads/yasa-macos-arm64/lodash-poc/
2026-04-16 16:45:46.162 INFO [YASA][init] Report directory: /Users/infinite/Downloads/yasa-macos-arm64/report
2026-04-16 16:45:46.226 INFO [YASA][init] Analysis language: javascript
2026-04-16 16:45:46.226 INFO [YASA][init] Analysis analyzer: JavaScriptAnalyzer
2026-04-16 16:45:46.231 INFO [YASA][init] Successfully loaded 0 checker(s): []
2026-04-16 16:45:46.235 INFO [YASA] Executing preProcess
2026-04-16 16:45:46.238 INFO [YASA][preProcess] Executing parseCode
2026-04-16 16:45:46.756 INFO [YASA][preProcess] Completed parseCode, cost: 517ms, heap: 64.43/89.22 MB, rss: 149.94 MB, arrayBuffers: 0.76 MB
2026-04-16 16:45:46.756 INFO [YASA][preProcess] Executing processModule
2026-04-16 16:45:46.763 INFO [YASA][preProcess] Completed processModule, cost: 7ms, heap: 65.1/89.22 MB, rss: 150.06 MB, arrayBuffers: 0.76 MB
2026-04-16 16:45:46.763 INFO [YASA] Completed preProcess, cost: 528ms, heap: 65.11/89.22 MB, rss: 150.06 MB, arrayBuffers: 0.76 MB
2026-04-16 16:45:46.763 INFO [YASA] Executing startAnalyze
2026-04-16 16:45:46.763 INFO [YASA] Completed startAnalyze, cost: 0ms, heap: 65.13/89.22 MB, rss: 150.06 MB, arrayBuffers: 0.76 MB
2026-04-16 16:45:46.763 INFO [YASA] Executing symbolInterpret
2026-04-16 16:45:46.763 INFO [symbolInterpret]：EntryPoints are not found
2026-04-16 16:45:46.763 INFO [YASA] Completed symbolInterpret, cost: 0ms, heap: 65.15/89.22 MB, rss: 150.06 MB, arrayBuffers: 0.76 MB
2026-04-16 16:45:46.770 INFO Found 4 potential output strategy files
2026-04-16 16:45:46.771 INFO Registered strategy: callchain from callchain-output-strategy.js
2026-04-16 16:45:46.771 INFO Registered strategy: callgraph from callgraph-output-strategy.js
2026-04-16 16:45:46.772 INFO Registered strategy: interactive from interactive-output-strategy.js
2026-04-16 16:45:46.772 INFO Registered strategy: taintflow from taint-output-strategy.js
2026-04-16 16:45:46.772 INFO Successfully registered 4 output strategies
2026-04-16 16:45:46.773 INFO analyze done
2026-04-16 16:45:46.773 INFO [YASA] Execution completed, cost: 613ms, heap: 66.13/89.72 MB, rss: 150.31 MB, arrayBuffers: 0.83 MB
2026-04-16 16:59:38.385 INFO version: 0.2.19-inner-dev
2026-04-16 16:59:38.386 INFO v8 heap_size_limit: 13360 MB
2026-04-16 16:59:38.386 INFO main file:/snapshot/YASA-Engine/dist/main.js
2026-04-16 16:59:38.387 INFO [YASA] Begin execution
2026-04-16 16:59:38.388 INFO [YASA][init] Source path: /Users/infinite/Downloads/yasa-macos-arm64/tesseract-cve/node_modules/node-tesseract-ocr/src/
2026-04-16 16:59:38.388 INFO [YASA][init] Report directory: /Users/infinite/Downloads/yasa-macos-arm64/report
2026-04-16 16:59:38.443 INFO detect Javascript's Analyzer failed, use default JavaScriptAnalyzer
2026-04-16 16:59:38.443 INFO [YASA][init] Analysis language: javascript
2026-04-16 16:59:38.443 INFO [YASA][init] Analysis analyzer: JavaScriptAnalyzer
2026-04-16 16:59:38.449 INFO [YASA][init] Successfully loaded 0 checker(s): []
2026-04-16 16:59:38.452 INFO [YASA] Executing preProcess
2026-04-16 16:59:38.455 INFO [YASA][preProcess] Executing parseCode
2026-04-16 16:59:38.903 INFO [YASA][preProcess] Completed parseCode, cost: 448ms, heap: 69.41/88.97 MB, rss: 147.39 MB, arrayBuffers: 0.76 MB
2026-04-16 16:59:38.904 INFO [YASA][preProcess] Executing processModule
2026-04-16 16:59:38.910 INFO [YASA][preProcess] Completed processModule, cost: 7ms, heap: 69.88/88.97 MB, rss: 147.61 MB, arrayBuffers: 0.76 MB
2026-04-16 16:59:38.910 INFO [YASA] Completed preProcess, cost: 458ms, heap: 69.89/88.97 MB, rss: 147.61 MB, arrayBuffers: 0.76 MB
2026-04-16 16:59:38.910 INFO [YASA] Executing startAnalyze
2026-04-16 16:59:38.910 INFO [YASA] Completed startAnalyze, cost: 0ms, heap: 69.91/88.97 MB, rss: 147.61 MB, arrayBuffers: 0.76 MB
2026-04-16 16:59:38.911 INFO [YASA] Executing symbolInterpret
2026-04-16 16:59:38.911 INFO [symbolInterpret]：EntryPoints are not found
2026-04-16 16:59:38.911 INFO [YASA] Completed symbolInterpret, cost: 0ms, heap: 69.93/88.97 MB, rss: 147.61 MB, arrayBuffers: 0.76 MB
2026-04-16 16:59:38.915 INFO Found 4 potential output strategy files
2026-04-16 16:59:38.916 INFO Registered strategy: callchain from callchain-output-strategy.js
2026-04-16 16:59:38.916 INFO Registered strategy: callgraph from callgraph-output-strategy.js
2026-04-16 16:59:38.916 INFO Registered strategy: interactive from interactive-output-strategy.js
2026-04-16 16:59:38.917 INFO Registered strategy: taintflow from taint-output-strategy.js
2026-04-16 16:59:38.917 INFO Successfully registered 4 output strategies
2026-04-16 16:59:38.918 INFO analyze done
2026-04-16 16:59:38.918 INFO [YASA] Execution completed, cost: 531ms, heap: 70.83/89.22 MB, rss: 147.81 MB, arrayBuffers: 0.83 MB
2026-04-16 17:01:27.044 INFO version: 0.2.19-inner-dev
2026-04-16 17:01:27.045 INFO v8 heap_size_limit: 13360 MB
2026-04-16 17:01:27.046 INFO main file:/snapshot/YASA-Engine/dist/main.js
2026-04-16 17:01:27.046 INFO [YASA] Begin execution
2026-04-16 17:01:27.049 INFO [YASA][init] Specified checker IDs: [taint_flow_test]
2026-04-16 17:01:27.049 INFO [YASA][init] Using rule config file: /Users/infinite/Downloads/yasa-macos-arm64/example-rule-config/rule_config_test.json
2026-04-16 17:01:27.049 INFO [YASA][init] Source path: /Users/infinite/Downloads/yasa-macos-arm64/tesseract-cve/node_modules/node-tesseract-ocr/src/
2026-04-16 17:01:27.104 INFO detect Javascript's Analyzer failed, use default JavaScriptAnalyzer
2026-04-16 17:01:27.104 INFO [YASA][init] Analysis language: javascript
2026-04-16 17:01:27.105 INFO [YASA][init] Analysis analyzer: JavaScriptAnalyzer
2026-04-16 17:01:27.111 INFO [YASA][init] Loading checker: taint_flow_test from /snapshot/YASA-Engine/dist/checker/taint/test-taint-checker.js
2026-04-16 17:01:27.112 INFO [YASA][init] Successfully loaded 1 checker(s): [taint_flow_test]
2026-04-16 17:01:27.116 INFO [YASA] Executing preProcess
2026-04-16 17:01:27.118 INFO [YASA][preProcess] Executing parseCode
2026-04-16 17:01:27.551 INFO [YASA][preProcess] Completed parseCode, cost: 433ms, heap: 69.43/88.97 MB, rss: 146.63 MB, arrayBuffers: 0.77 MB
2026-04-16 17:01:27.552 INFO [YASA][preProcess] Executing processModule
2026-04-16 17:01:27.563 INFO [YASA][preProcess] Completed processModule, cost: 11ms, heap: 70/88.97 MB, rss: 146.75 MB, arrayBuffers: 0.77 MB
2026-04-16 17:01:27.563 INFO [YASA] Completed preProcess, cost: 447ms, heap: 70.01/88.97 MB, rss: 146.75 MB, arrayBuffers: 0.77 MB
2026-04-16 17:01:27.563 INFO [YASA] Executing startAnalyze
2026-04-16 17:01:27.564 INFO [YASA][startAnalyze] Executing makeFullCallGraph(BySymbolInterpret)
2026-04-16 17:01:27.564 INFO makeAllCG-start
2026-04-16 17:01:27.564 INFO 	makeAllCG-10%
2026-04-16 17:01:27.564 INFO 	makeAllCG-30%
2026-04-16 17:01:27.564 INFO 	makeAllCG-70%
2026-04-16 17:01:27.606 INFO 	makeAllCG-100%
2026-04-16 17:01:27.606 INFO [YASA][startAnalyze] Completed makeFullCallGraph(BySymbolInterpret), cost: 42ms, heap: 65.91/96.22 MB, rss: 154.23 MB, arrayBuffers: 0.77 MB
2026-04-16 17:01:27.607 INFO [YASA] Completed startAnalyze, cost: 44ms, heap: 65.94/96.22 MB, rss: 154.23 MB, arrayBuffers: 0.77 MB
2026-04-16 17:01:27.607 INFO [YASA] Executing symbolInterpret
2026-04-16 17:01:27.607 INFO EntryPoint [/Users/infinite/Downloads/yasa-macos-arm64/tesseract-cve/node_modules/node-tesseract-ocr/src/index.js] is executing 
2026-04-16 17:01:27.612 INFO EntryPoint [/index.recognize] is executing
2026-04-16 17:01:27.653 INFO [YASA] Completed symbolInterpret, cost: 46ms, heap: 72.22/96.47 MB, rss: 154.98 MB, arrayBuffers: 0.77 MB
2026-04-16 17:01:27.659 INFO Found 4 potential output strategy files
2026-04-16 17:01:27.660 INFO Registered strategy: callchain from callchain-output-strategy.js
2026-04-16 17:01:27.660 INFO Registered strategy: callgraph from callgraph-output-strategy.js
2026-04-16 17:01:27.660 INFO Registered strategy: interactive from interactive-output-strategy.js
2026-04-16 17:01:27.661 INFO Registered strategy: taintflow from taint-output-strategy.js
2026-04-16 17:01:27.661 INFO Successfully registered 4 output strategies
2026-04-16 17:01:27.662 INFO analyze done
2026-04-16 17:01:27.662 INFO [YASA] Execution completed, cost: 616ms, heap: 73.17/96.72 MB, rss: 155.23 MB, arrayBuffers: 0.83 MB
2026-04-16 17:04:45.226 INFO version: 0.2.19-inner-dev
2026-04-16 17:04:45.228 INFO v8 heap_size_limit: 13360 MB
2026-04-16 17:04:45.228 INFO main file:/snapshot/YASA-Engine/dist/main.js
2026-04-16 17:04:45.228 INFO [YASA] Begin execution
2026-04-16 17:04:45.230 INFO [YASA][init] Specified checker IDs: [taint_flow_test]
2026-04-16 17:04:45.230 INFO [YASA][init] Using rule config file: /Users/infinite/Downloads/yasa-macos-arm64/example-rule-config/rule_config_js.json
2026-04-16 17:04:45.231 INFO [YASA][init] Source path: /Users/infinite/Downloads/yasa-macos-arm64/tesseract-cve/node_modules/node-tesseract-ocr/src/
2026-04-16 17:04:45.286 INFO detect Javascript's Analyzer failed, use default JavaScriptAnalyzer
2026-04-16 17:04:45.286 INFO [YASA][init] Analysis language: javascript
2026-04-16 17:04:45.287 INFO [YASA][init] Analysis analyzer: JavaScriptAnalyzer
2026-04-16 17:04:45.294 INFO [YASA][init] Loading checker: taint_flow_test from /snapshot/YASA-Engine/dist/checker/taint/test-taint-checker.js
2026-04-16 17:04:45.296 INFO [YASA][init] Successfully loaded 1 checker(s): [taint_flow_test]
2026-04-16 17:04:45.300 INFO [YASA] Executing preProcess
2026-04-16 17:04:45.303 INFO [YASA][preProcess] Executing parseCode
2026-04-16 17:04:45.759 INFO [YASA][preProcess] Completed parseCode, cost: 456ms, heap: 69.64/89.72 MB, rss: 147.66 MB, arrayBuffers: 0.77 MB
2026-04-16 17:04:45.760 INFO [YASA][preProcess] Executing processModule
2026-04-16 17:04:45.766 INFO [YASA][preProcess] Completed processModule, cost: 6ms, heap: 70.11/89.72 MB, rss: 147.83 MB, arrayBuffers: 0.77 MB
2026-04-16 17:04:45.766 INFO [YASA] Completed preProcess, cost: 466ms, heap: 70.12/89.72 MB, rss: 147.83 MB, arrayBuffers: 0.77 MB
2026-04-16 17:04:45.766 INFO [YASA] Executing startAnalyze
2026-04-16 17:04:45.766 INFO [YASA][startAnalyze] Executing makeFullCallGraph(BySymbolInterpret)
2026-04-16 17:04:45.766 INFO makeAllCG-start
2026-04-16 17:04:45.767 INFO 	makeAllCG-10%
2026-04-16 17:04:45.767 INFO 	makeAllCG-30%
2026-04-16 17:04:45.767 INFO 	makeAllCG-70%
2026-04-16 17:04:45.804 INFO 	makeAllCG-100%
2026-04-16 17:04:45.804 INFO [YASA][startAnalyze] Completed makeFullCallGraph(BySymbolInterpret), cost: 38ms, heap: 66.03/96.47 MB, rss: 154.86 MB, arrayBuffers: 0.77 MB
2026-04-16 17:04:45.804 INFO [YASA] Completed startAnalyze, cost: 38ms, heap: 66.25/96.72 MB, rss: 154.91 MB, arrayBuffers: 0.77 MB
2026-04-16 17:04:45.804 INFO [YASA] Executing symbolInterpret
2026-04-16 17:04:45.804 INFO EntryPoint [/Users/infinite/Downloads/yasa-macos-arm64/tesseract-cve/node_modules/node-tesseract-ocr/src/index.js] is executing 
2026-04-16 17:04:45.808 INFO EntryPoint [/index.recognize] is executing
2026-04-16 17:04:45.845 INFO [YASA] Completed symbolInterpret, cost: 41ms, heap: 72.21/96.72 MB, rss: 155.64 MB, arrayBuffers: 0.77 MB
2026-04-16 17:04:45.850 INFO Found 4 potential output strategy files
2026-04-16 17:04:45.851 INFO Registered strategy: callchain from callchain-output-strategy.js
2026-04-16 17:04:45.851 INFO Registered strategy: callgraph from callgraph-output-strategy.js
2026-04-16 17:04:45.851 INFO Registered strategy: interactive from interactive-output-strategy.js
2026-04-16 17:04:45.852 INFO Registered strategy: taintflow from taint-output-strategy.js
2026-04-16 17:04:45.852 INFO Successfully registered 4 output strategies
2026-04-16 17:04:45.853 INFO analyze done
2026-04-16 17:04:45.853 INFO [YASA] Execution completed, cost: 625ms, heap: 73.23/96.97 MB, rss: 155.84 MB, arrayBuffers: 0.83 MB
2026-04-16 17:07:43.307 INFO version: 0.2.19-inner-dev
2026-04-16 17:07:43.309 INFO v8 heap_size_limit: 13360 MB
2026-04-16 17:07:43.309 INFO main file:/snapshot/YASA-Engine/dist/main.js
2026-04-16 17:07:43.309 INFO [YASA] Begin execution
2026-04-16 17:07:43.311 INFO [YASA][init] Specified checker IDs: [taint_flow_js_input]
2026-04-16 17:07:43.311 INFO [YASA][init] Using rule config file: /Users/infinite/Downloads/yasa-macos-arm64/example-rule-config/rule_config_js.json
2026-04-16 17:07:43.311 INFO [YASA][init] Source path: /Users/infinite/Downloads/yasa-macos-arm64/tesseract-cve/node_modules/node-tesseract-ocr/src/
2026-04-16 17:07:43.371 INFO detect Javascript's Analyzer failed, use default JavaScriptAnalyzer
2026-04-16 17:07:43.371 INFO [YASA][init] Analysis language: javascript
2026-04-16 17:07:43.372 INFO [YASA][init] Analysis analyzer: JavaScriptAnalyzer
2026-04-16 17:07:43.379 INFO [YASA][init] Loading checker: taint_flow_js_input from /snapshot/YASA-Engine/dist/checker/taint/js/js-taint-checker.js
2026-04-16 17:07:43.383 INFO [YASA][init] Successfully loaded 1 checker(s): [taint_flow_js_input]
2026-04-16 17:07:43.387 INFO [YASA] Executing preProcess
2026-04-16 17:07:43.389 INFO [YASA][preProcess] Executing parseCode
2026-04-16 17:07:43.822 INFO [YASA][preProcess] Completed parseCode, cost: 432ms, heap: 69.57/89.47 MB, rss: 147.91 MB, arrayBuffers: 0.85 MB
2026-04-16 17:07:43.822 INFO [YASA][preProcess] Executing processModule
2026-04-16 17:07:43.828 INFO [YASA][preProcess] Completed processModule, cost: 6ms, heap: 70.25/89.47 MB, rss: 148.09 MB, arrayBuffers: 0.85 MB
2026-04-16 17:07:43.828 INFO [YASA] Completed preProcess, cost: 441ms, heap: 70.26/89.47 MB, rss: 148.09 MB, arrayBuffers: 0.85 MB
2026-04-16 17:07:43.828 INFO [YASA] Executing startAnalyze
2026-04-16 17:07:43.828 INFO [YASA][startAnalyze] Executing makeFullCallGraph(BySymbolInterpret)
2026-04-16 17:07:43.829 INFO makeAllCG-start
2026-04-16 17:07:43.829 INFO 	makeAllCG-10%
2026-04-16 17:07:43.829 INFO 	makeAllCG-30%
2026-04-16 17:07:43.829 INFO 	makeAllCG-70%
2026-04-16 17:07:43.869 INFO 	makeAllCG-100%
2026-04-16 17:07:43.869 INFO [YASA][startAnalyze] Completed makeFullCallGraph(BySymbolInterpret), cost: 41ms, heap: 66.12/96.47 MB, rss: 155.08 MB, arrayBuffers: 0.85 MB
2026-04-16 17:07:43.870 INFO [YASA] Completed startAnalyze, cost: 42ms, heap: 66.4/96.72 MB, rss: 155.13 MB, arrayBuffers: 0.85 MB
2026-04-16 17:07:43.870 INFO [YASA] Executing symbolInterpret
2026-04-16 17:07:43.870 INFO EntryPoint [/index.recognize] is executing
2026-04-16 17:07:43.956 INFO EntryPoint [/Users/infinite/Downloads/yasa-macos-arm64/tesseract-cve/node_modules/node-tesseract-ocr/src/index.js] is executing 
2026-04-16 17:07:43.960 INFO [YASA] Completed symbolInterpret, cost: 90ms, heap: 70.56/98.97 MB, rss: 157.61 MB, arrayBuffers: 0.85 MB
2026-04-16 17:07:43.965 INFO Found 4 potential output strategy files
2026-04-16 17:07:43.966 INFO Registered strategy: callchain from callchain-output-strategy.js
2026-04-16 17:07:43.966 INFO Registered strategy: callgraph from callgraph-output-strategy.js
2026-04-16 17:07:43.966 INFO Registered strategy: interactive from interactive-output-strategy.js
2026-04-16 17:07:43.967 INFO Registered strategy: taintflow from taint-output-strategy.js
2026-04-16 17:07:43.967 INFO Successfully registered 4 output strategies
2026-04-16 17:07:43.968 INFO analyze done
2026-04-16 17:07:43.968 INFO [YASA] Execution completed, cost: 659ms, heap: 71.09/98.97 MB, rss: 157.83 MB, arrayBuffers: 0.91 MB
2026-04-16 17:09:40.151 INFO version: 0.2.19-inner-dev
2026-04-16 17:09:40.153 INFO v8 heap_size_limit: 13360 MB
2026-04-16 17:09:40.153 INFO main file:/snapshot/YASA-Engine/dist/main.js
2026-04-16 17:09:40.153 INFO [YASA] Begin execution
2026-04-16 17:09:40.156 INFO [YASA][init] Specified checker IDs: [taint_flow_egg_input, taint_flow_js_input, taint_flow_express_input]
2026-04-16 17:09:40.156 INFO [YASA][init] Using rule config file: /Users/infinite/Downloads/yasa-macos-arm64/example-rule-config/rule_config_js.json
2026-04-16 17:09:40.156 INFO [YASA][init] Source path: /Users/infinite/Downloads/yasa-macos-arm64/tesseract-cve/node_modules/node-tesseract-ocr/src/
2026-04-16 17:09:40.216 INFO detect Javascript's Analyzer failed, use default JavaScriptAnalyzer
2026-04-16 17:09:40.216 INFO [YASA][init] Analysis language: javascript
2026-04-16 17:09:40.217 INFO [YASA][init] Analysis analyzer: JavaScriptAnalyzer
2026-04-16 17:09:40.224 INFO [YASA][init] Loading checker: taint_flow_egg_input from /snapshot/YASA-Engine/dist/checker/taint/js/egg-taint-checker.js
2026-04-16 17:09:40.230 INFO [YASA][init] Loading checker: taint_flow_js_input from /snapshot/YASA-Engine/dist/checker/taint/js/js-taint-checker.js
2026-04-16 17:09:40.231 INFO [YASA][init] Loading checker: taint_flow_express_input from /snapshot/YASA-Engine/dist/checker/taint/js/express/express-taint-checker.js
2026-04-16 17:09:40.233 INFO [YASA][init] Successfully loaded 3 checker(s): [taint_flow_egg_input, taint_flow_js_input, taint_flow_express_input]
2026-04-16 17:09:40.236 INFO [YASA] Executing preProcess
2026-04-16 17:09:40.239 INFO [YASA][preProcess] Executing parseCode
2026-04-16 17:09:40.749 INFO [YASA][preProcess] Completed parseCode, cost: 510ms, heap: 69.92/89.72 MB, rss: 148.31 MB, arrayBuffers: 0.86 MB
2026-04-16 17:09:40.750 INFO [YASA][preProcess] Executing processModule
2026-04-16 17:09:40.759 INFO [YASA][preProcess] Completed processModule, cost: 9ms, heap: 70.52/89.72 MB, rss: 148.61 MB, arrayBuffers: 0.86 MB
2026-04-16 17:09:40.759 INFO [YASA] Completed preProcess, cost: 523ms, heap: 70.53/89.72 MB, rss: 148.61 MB, arrayBuffers: 0.86 MB
2026-04-16 17:09:40.760 INFO [YASA] Executing startAnalyze
2026-04-16 17:09:40.760 INFO [YASA][startAnalyze] Executing makeFullCallGraph(BySymbolInterpret)
2026-04-16 17:09:40.760 INFO makeAllCG-start
2026-04-16 17:09:40.761 INFO 	makeAllCG-10%
2026-04-16 17:09:40.761 INFO 	makeAllCG-30%
2026-04-16 17:09:40.761 INFO 	makeAllCG-70%
2026-04-16 17:09:40.806 INFO 	makeAllCG-100%
2026-04-16 17:09:40.806 INFO [YASA][startAnalyze] Completed makeFullCallGraph(BySymbolInterpret), cost: 46ms, heap: 66.7/96.47 MB, rss: 155.38 MB, arrayBuffers: 0.86 MB
2026-04-16 17:09:40.807 INFO YASA collecting express source...
2026-04-16 17:09:40.807 INFO YASA calculating program entrypoint...
2026-04-16 17:09:40.808 INFO [YASA] Completed startAnalyze, cost: 47ms, heap: 66.83/96.47 MB, rss: 155.41 MB, arrayBuffers: 0.86 MB
2026-04-16 17:09:40.808 INFO [YASA] Executing symbolInterpret
2026-04-16 17:09:40.808 INFO EntryPoint [/index.recognize] is executing
2026-04-16 17:09:40.929 INFO EntryPoint [/Users/infinite/Downloads/yasa-macos-arm64/tesseract-cve/node_modules/node-tesseract-ocr/src/index.js] is executing 
2026-04-16 17:09:40.937 INFO [YASA] Completed symbolInterpret, cost: 129ms, heap: 66.47/99.47 MB, rss: 158.53 MB, arrayBuffers: 0.86 MB
2026-04-16 17:09:40.942 INFO Found 4 potential output strategy files
2026-04-16 17:09:40.944 INFO Registered strategy: callchain from callchain-output-strategy.js
2026-04-16 17:09:40.944 INFO Registered strategy: callgraph from callgraph-output-strategy.js
2026-04-16 17:09:40.944 INFO Registered strategy: interactive from interactive-output-strategy.js
2026-04-16 17:09:40.945 INFO Registered strategy: taintflow from taint-output-strategy.js
2026-04-16 17:09:40.945 INFO Successfully registered 4 output strategies
2026-04-16 17:09:40.946 INFO analyze done
2026-04-16 17:09:40.946 INFO [YASA] Execution completed, cost: 793ms, heap: 67/99.47 MB, rss: 158.73 MB, arrayBuffers: 0.93 MB
2026-04-16 17:16:33.377 INFO version: 0.2.19-inner-dev
2026-04-16 17:16:33.379 INFO v8 heap_size_limit: 13360 MB
2026-04-16 17:16:33.379 INFO main file:/snapshot/YASA-Engine/dist/main.js
2026-04-16 17:16:33.380 INFO [YASA] Begin execution
2026-04-16 17:16:33.382 INFO [YASA][init] Specified checker IDs: [taint_flow_js_input, taint_flow_express_input]
2026-04-16 17:16:33.382 INFO [YASA][init] Using rule config file: /Users/infinite/Downloads/yasa-macos-arm64/example-rule-config/rule_config_js.json
2026-04-16 17:16:33.383 INFO [YASA][init] Source path: /Users/infinite/Downloads/yasa-macos-arm64/express-gateway/lib/rest/routes/
2026-04-16 17:16:33.443 INFO detect Javascript's Analyzer failed, use default JavaScriptAnalyzer
2026-04-16 17:16:33.443 INFO [YASA][init] Analysis language: javascript
2026-04-16 17:16:33.444 INFO [YASA][init] Analysis analyzer: JavaScriptAnalyzer
2026-04-16 17:16:33.449 INFO [YASA][init] Loading checker: taint_flow_js_input from /snapshot/YASA-Engine/dist/checker/taint/js/js-taint-checker.js
2026-04-16 17:16:33.454 INFO [YASA][init] Loading checker: taint_flow_express_input from /snapshot/YASA-Engine/dist/checker/taint/js/express/express-taint-checker.js
2026-04-16 17:16:33.456 INFO [YASA][init] Successfully loaded 2 checker(s): [taint_flow_js_input, taint_flow_express_input]
2026-04-16 17:16:33.460 INFO [YASA] Executing preProcess
2026-04-16 17:16:33.463 INFO [YASA][preProcess] Executing parseCode
2026-04-16 17:16:33.499 INFO [YASA][preProcess][parseCode] Auto-calculated 4 workers from 10 CPU cores (min(10*0.4,16) = 4)
2026-04-16 17:16:34.603 INFO [YASA][preProcess][parseCode] Work time: W0:690ms, W1:734ms, W2:722ms, W3:722ms
2026-04-16 17:16:34.604 INFO [YASA][preProcess] Completed parseCode, cost: 1142ms, heap: 29.14/62.38 MB, rss: 86.63 MB, arrayBuffers: 0.95 MB
2026-04-16 17:16:34.604 INFO [YASA][preProcess] Executing processModule
2026-04-16 17:16:35.669 INFO [YASA][preProcess] Completed processModule, cost: 1065ms, heap: 98.48/121.16 MB, rss: 174.25 MB, arrayBuffers: 0.15 MB
2026-04-16 17:16:35.669 INFO [YASA] Completed preProcess, cost: 2209ms, heap: 98.49/121.16 MB, rss: 174.25 MB, arrayBuffers: 0.15 MB
2026-04-16 17:16:35.669 INFO [YASA] Executing startAnalyze
2026-04-16 17:16:35.669 INFO [YASA][startAnalyze] Executing makeFullCallGraph(BySymbolInterpret)
2026-04-16 17:16:35.670 INFO makeAllCG-start
2026-04-16 17:16:35.803 INFO 	makeAllCG-10%
2026-04-16 17:16:36.108 INFO 	makeAllCG-30%
2026-04-16 17:16:36.799 INFO 	makeAllCG-70%
2026-04-16 17:16:38.028 INFO 	makeAllCG-100%
2026-04-16 17:16:38.029 INFO [YASA][startAnalyze] Completed makeFullCallGraph(BySymbolInterpret), cost: 2360ms, heap: 107.28/154.22 MB, rss: 208.08 MB, arrayBuffers: 0.09 MB
2026-04-16 17:16:38.180 INFO YASA collecting express source...
2026-04-16 17:16:38.180 INFO YASA calculating program entrypoint...
2026-04-16 17:16:38.181 INFO [YASA] Completed startAnalyze, cost: 2511ms, heap: 108.31/154.22 MB, rss: 208.13 MB, arrayBuffers: 0.09 MB
2026-04-16 17:16:38.181 INFO [YASA] Executing symbolInterpret
2026-04-16 17:16:38.181 INFO EntryPoint [/api-endpoints.<anonymousFunc_1_$45>] is executing
2026-04-16 17:16:38.280 INFO EntryPoint [/Users/infinite/Downloads/yasa-macos-arm64/express-gateway/lib/logger.<anonymousFunc_13_$17>] is executing
2026-04-16 17:16:38.299 INFO EntryPoint [/Users/infinite/Downloads/yasa-macos-arm64/express-gateway/lib/schemas/index.registerAsync] is executing
2026-04-16 17:16:38.317 INFO EntryPoint [/Users/infinite/Downloads/yasa-macos-arm64/express-gateway/lib/config/config.constructor] is executing
2026-04-16 17:16:38.444 INFO EntryPoint [/Users/infinite/Downloads/yasa-macos-arm64/express-gateway/lib/config/config.loadGatewayConfig] is executing
2026-04-16 17:16:38.552 INFO EntryPoint [/Users/infinite/Downloads/yasa-macos-arm64/express-gateway/lib/config/config.loadModels] is executing
2026-04-16 17:16:38.611 INFO EntryPoint [/Users/infinite/Downloads/yasa-macos-arm64/express-gateway/lib/config/config.watch] is executing
2026-04-16 17:16:38.868 INFO EntryPoint [/Users/infinite/Downloads/yasa-macos-arm64/express-gateway/lib/config/config.unwatch] is executing
2026-04-16 17:16:38.871 INFO EntryPoint [/Users/infinite/Downloads/yasa-macos-arm64/express-gateway/lib/config/config.updateGatewayConfig] is executing
2026-04-16 17:16:38.999 INFO EntryPoint [/Users/infinite/Downloads/yasa-macos-arm64/express-gateway/lib/policies/index.<anonymousFunc_54_$54>] is executing
2026-04-16 17:16:39.001 INFO EntryPoint [/Users/infinite/Downloads/yasa-macos-arm64/express-gateway/lib/schemas/index.<anonymousFunc_31_$31>] is executing
2026-04-16 17:16:39.002 INFO EntryPoint [/Users/infinite/Downloads/yasa-macos-arm64/express-gateway/lib/schemas/index.<anonymousFunc_45_$45>] is executing
2026-04-16 17:16:39.008 INFO EntryPoint [/Users/infinite/Downloads/yasa-macos-arm64/express-gateway/lib/config/index.<anonymousFunc_12_$12>] is executing
2026-04-16 17:16:39.098 INFO EntryPoint [/Users/infinite/Downloads/yasa-macos-arm64/express-gateway/lib/db.<anonymousFunc_27_$27>] is executing
2026-04-16 17:16:39.099 INFO EntryPoint [/Users/infinite/Downloads/yasa-macos-arm64/express-gateway/lib/db.<anonymousFunc_28_$28>] is executing
2026-04-16 17:16:39.102 INFO EntryPoint [/Users/infinite/Downloads/yasa-macos-arm64/express-gateway/lib/services/authorization-codes/authorization-code.dao.<anonymousFunc_31_$33>] is executing
2026-04-16 17:16:39.109 INFO EntryPoint [/Users/infinite/Downloads/yasa-macos-arm64/express-gateway/lib/services/authorization-codes/authorization-code.service.<anonymousFunc_8_$42>] is executing
2026-04-16 17:16:39.201 INFO EntryPoint [/Users/infinite/Downloads/yasa-macos-arm64/express-gateway/lib/services/authorization-codes/authorization-code.service.<anonymousFunc_44_$64>] is executing
2026-04-16 17:16:39.294 INFO EntryPoint [/Users/infinite/Downloads/yasa-macos-arm64/express-gateway/lib/services/consumers/application.dao.<anonymousFunc_104_$106>] is executing
2026-04-16 17:16:39.299 INFO EntryPoint [/Users/infinite/Downloads/yasa-macos-arm64/express-gateway/lib/services/consumers/application.service.<anonymousFunc_74_$82>] is executing
2026-04-16 17:16:39.344 INFO EntryPoint [/Users/infinite/Downloads/yasa-macos-arm64/express-gateway/lib/services/credentials/credential.service.<anonymousFunc_12_$12>] is executing
2026-04-16 17:16:39.346 INFO EntryPoint [/Users/infinite/Downloads/yasa-macos-arm64/express-gateway/lib/services/credentials/credential.service.<anonymousFunc_182_$197>] is executing
2026-04-16 17:16:39.497 INFO EntryPoint [/Users/infinite/Downloads/yasa-macos-arm64/express-gateway/lib/services/credentials/credential.service.<anonymousFunc_199_$205>] is executing
2026-04-16 17:16:39.522 INFO EntryPoint [/Users/infinite/Downloads/yasa-macos-arm64/express-gateway/lib/services/tokens/token.service.<anonymousFunc_20_$51>] is executing
2026-04-16 17:16:39.865 INFO EntryPoint [/Users/infinite/Downloads/yasa-macos-arm64/express-gateway/lib/services/tokens/token.service.<anonymousFunc_53_$76>] is executing
2026-04-16 17:16:39.914 INFO EntryPoint [/Users/infinite/Downloads/yasa-macos-arm64/express-gateway/lib/services/tokens/token.service.<anonymousFunc_78_$98>] is executing
2026-04-16 17:16:40.342 INFO EntryPoint [/Users/infinite/Downloads/yasa-macos-arm64/express-gateway/lib/services/tokens/token.service.<anonymousFunc_120_$136>] is executing
2026-04-16 17:16:40.363 INFO EntryPoint [/Users/infinite/Downloads/yasa-macos-arm64/express-gateway/lib/services/tokens/token.service.<anonymousFunc_138_$140>] is executing
2026-04-16 17:16:40.557 INFO EntryPoint [/Users/infinite/Downloads/yasa-macos-arm64/express-gateway/lib/services/tokens/token.service.<anonymousFunc_152_$165>] is executing
2026-04-16 17:16:40.635 INFO EntryPoint [/Users/infinite/Downloads/yasa-macos-arm64/express-gateway/lib/services/auth.<anonymousFunc_10_$58>] is executing
2026-04-16 17:16:40.897 INFO EntryPoint [/Users/infinite/Downloads/yasa-macos-arm64/express-gateway/lib/services/auth.<anonymousFunc_60_$79>] is executing
2026-04-16 17:16:41.065 INFO EntryPoint [/Users/infinite/Downloads/yasa-macos-arm64/express-gateway/lib/services/auth.<anonymousFunc_81_$100>] is executing
2026-04-16 17:16:41.245 INFO EntryPoint [/Users/infinite/Downloads/yasa-macos-arm64/express-gateway/lib/services/auth.<anonymousFunc_102_$116>] is executing
2026-04-16 17:16:41.364 INFO EntryPoint [/Users/infinite/Downloads/yasa-macos-arm64/express-gateway/lib/services/auth.<anonymousFunc_118_$144>] is executing
2026-04-16 17:16:41.593 INFO EntryPoint [/apps.<anonymousFunc_1_$97>] is executing
2026-04-16 17:16:43.185 INFO EntryPoint [/credentials.<anonymousFunc_1_$108>] is executing
2026-04-16 17:16:46.183 INFO EntryPoint [/pipelines.<anonymousFunc_1_$45>] is executing
2026-04-16 17:16:46.251 INFO EntryPoint [/policies.<anonymousFunc_1_$39>] is executing
2026-04-16 17:16:46.313 INFO EntryPoint [/schemas.<anonymousFunc_1_$14>] is executing
2026-04-16 17:16:46.372 INFO EntryPoint [/scopes.<anonymousFunc_1_$59>] is executing
2026-04-16 17:16:46.799 INFO EntryPoint [/service-endpoints.<anonymousFunc_1_$45>] is executing
2026-04-16 17:16:46.868 INFO EntryPoint [/tokens.<anonymousFunc_1_$21>] is executing
2026-04-16 17:16:47.090 INFO EntryPoint [/users.<anonymousFunc_1_$89>] is executing
2026-04-16 17:16:48.847 INFO EntryPoint [/Users/infinite/Downloads/yasa-macos-arm64/express-gateway/lib/rest/routes/api-endpoints.js] is executing 
2026-04-16 17:16:48.848 INFO EntryPoint [/Users/infinite/Downloads/yasa-macos-arm64/express-gateway/lib/logger.js] is executing 
2026-04-16 17:16:48.925 INFO EntryPoint [/Users/infinite/Downloads/yasa-macos-arm64/express-gateway/lib/eventBus.js] is executing 
2026-04-16 17:16:48.929 INFO EntryPoint [/Users/infinite/Downloads/yasa-macos-arm64/express-gateway/lib/schemas/index.js] is executing 
2026-04-16 17:16:48.939 INFO EntryPoint [/Users/infinite/Downloads/yasa-macos-arm64/express-gateway/lib/config/index.js] is executing 
2026-04-16 17:16:49.082 INFO EntryPoint [/Users/infinite/Downloads/yasa-macos-arm64/express-gateway/lib/config/schemas/system.config.json] is executing 
2026-04-16 17:16:49.091 INFO EntryPoint [/Users/infinite/Downloads/yasa-macos-arm64/express-gateway/lib/config/schemas/gateway.config.json] is executing 
2026-04-16 17:16:49.105 INFO EntryPoint [/Users/infinite/Downloads/yasa-macos-arm64/express-gateway/lib/db.js] is executing 
2026-04-16 17:16:49.236 INFO EntryPoint [/Users/infinite/Downloads/yasa-macos-arm64/express-gateway/lib/services/authorization-codes/authorization-code.dao.js] is executing 
2026-04-16 17:16:49.245 INFO EntryPoint [/Users/infinite/Downloads/yasa-macos-arm64/express-gateway/lib/services/utils.js] is executing 
2026-04-16 17:16:49.251 INFO EntryPoint [/Users/infinite/Downloads/yasa-macos-arm64/express-gateway/lib/services/authorization-codes/authorization-code.service.js] is executing 
2026-04-16 17:16:49.257 INFO EntryPoint [/Users/infinite/Downloads/yasa-macos-arm64/express-gateway/lib/services/consumers/user.dao.js] is executing 
2026-04-16 17:16:49.267 INFO EntryPoint [/Users/infinite/Downloads/yasa-macos-arm64/express-gateway/lib/services/consumers/application.dao.js] is executing 
2026-04-16 17:16:49.283 INFO EntryPoint [/Users/infinite/Downloads/yasa-macos-arm64/express-gateway/lib/services/consumers/application.service.js] is executing 
2026-04-16 17:16:49.305 INFO EntryPoint [/Users/infinite/Downloads/yasa-macos-arm64/express-gateway/lib/services/credentials/credential.dao.js] is executing 
2026-04-16 17:16:49.328 INFO EntryPoint [/Users/infinite/Downloads/yasa-macos-arm64/express-gateway/lib/services/credentials/credential.service.js] is executing 
2026-04-16 17:16:49.362 INFO EntryPoint [/Users/infinite/Downloads/yasa-macos-arm64/express-gateway/lib/services/consumers/user.service.js] is executing 
2026-04-16 17:16:49.386 INFO EntryPoint [/Users/infinite/Downloads/yasa-macos-arm64/express-gateway/lib/services/tokens/token.dao.js] is executing 
2026-04-16 17:16:49.397 INFO EntryPoint [/Users/infinite/Downloads/yasa-macos-arm64/express-gateway/lib/services/tokens/token.service.js] is executing 
2026-04-16 17:16:49.412 INFO EntryPoint [/Users/infinite/Downloads/yasa-macos-arm64/express-gateway/lib/services/auth.js] is executing 
2026-04-16 17:16:49.427 INFO EntryPoint [/Users/infinite/Downloads/yasa-macos-arm64/express-gateway/lib/services/index.js] is executing 
2026-04-16 17:16:49.450 INFO EntryPoint [/Users/infinite/Downloads/yasa-macos-arm64/express-gateway/lib/rest/routes/apps.js] is executing 
2026-04-16 17:16:49.457 INFO EntryPoint [/Users/infinite/Downloads/yasa-macos-arm64/express-gateway/lib/rest/utils/findConsumer.js] is executing 
2026-04-16 17:16:49.462 INFO EntryPoint [/Users/infinite/Downloads/yasa-macos-arm64/express-gateway/lib/rest/routes/credentials.js] is executing 
2026-04-16 17:16:49.467 INFO EntryPoint [/Users/infinite/Downloads/yasa-macos-arm64/express-gateway/lib/rest/routes/pipelines.js] is executing 
2026-04-16 17:16:49.468 INFO EntryPoint [/Users/infinite/Downloads/yasa-macos-arm64/express-gateway/lib/rest/routes/policies.js] is executing 
2026-04-16 17:16:49.469 INFO EntryPoint [/Users/infinite/Downloads/yasa-macos-arm64/express-gateway/lib/rest/routes/schemas.js] is executing 
2026-04-16 17:16:49.471 INFO EntryPoint [/Users/infinite/Downloads/yasa-macos-arm64/express-gateway/lib/rest/routes/scopes.js] is executing 
2026-04-16 17:16:49.475 INFO EntryPoint [/Users/infinite/Downloads/yasa-macos-arm64/express-gateway/lib/rest/routes/service-endpoints.js] is executing 
2026-04-16 17:16:49.477 INFO EntryPoint [/Users/infinite/Downloads/yasa-macos-arm64/express-gateway/lib/rest/routes/tokens.js] is executing 
2026-04-16 17:16:49.480 INFO EntryPoint [/Users/infinite/Downloads/yasa-macos-arm64/express-gateway/lib/rest/routes/users.js] is executing 
2026-04-16 17:16:49.488 INFO EntryPoint [/Users/infinite/Downloads/yasa-macos-arm64/express-gateway/lib/policies/index.js] is executing 
2026-04-16 17:16:49.504 INFO [YASA] Completed symbolInterpret, cost: 11323ms, heap: 276.37/308.13 MB, rss: 364.98 MB, arrayBuffers: 0.11 MB
2026-04-16 17:16:49.514 INFO Found 4 potential output strategy files
2026-04-16 17:16:49.515 INFO Registered strategy: callchain from callchain-output-strategy.js
2026-04-16 17:16:49.516 INFO Registered strategy: callgraph from callgraph-output-strategy.js
2026-04-16 17:16:49.516 INFO Registered strategy: interactive from interactive-output-strategy.js
2026-04-16 17:16:49.516 INFO Registered strategy: taintflow from taint-output-strategy.js
2026-04-16 17:16:49.516 INFO Successfully registered 4 output strategies
2026-04-16 17:16:49.517 INFO 
======================== Findings ======================== 
2026-04-16 17:16:49.518 INFO 
-------------  1 :  taint_flow_js_input ------------- 
2026-04-16 17:16:49.518 INFO Description: JavaScript原生污点分析checker，会使用CallGraph边界制作entrypoint
2026-04-16 17:16:49.518 INFO File: /Users/infinite/Downloads/yasa-macos-arm64/express-gateway/lib/services/credentials/credential.service.js
2026-04-16 17:16:49.518 INFO Line 312: JSON.stringify(credentialDetail)
2026-04-16 17:16:49.518 INFO SINK RULE: JSON.stringify
2026-04-16 17:16:49.518 INFO SINK Attribute: NodejsDeserializationGadget
2026-04-16 17:16:49.518 INFO entrypoint: 
2026-04-16 17:16:49.518 INFO {
  filePath: '/credentials.js',
  functionName: undefined,
  attribute: 'fullCallGraphMade',
  type: 'functionCall',
  packageName: undefined,
  funcReceiverType: ''
}
2026-04-16 17:16:49.519 INFO Trace: 
2026-04-16 17:16:49.519 INFO  /credentials.js
  AffectedNodeName: req.body
  31:  SOURCE:            .insertCredential(consumer.id, req.body.type, req.body.credential)
 /credentials.js
  AffectedNodeName: <anonymousFunc_37_22_135_2>
  30:  CALL:          return services.credential
  31:  CALL:            .insertCredential(consumer.id, req.body.type, req.body.credential)
 /Users/infinite/Downloads/yasa-macos-arm64/express-gateway/lib/services/credentials/credential.service.js
  AffectedNodeName: credentialDetails
  37:  ARG PASS:  s.insertCredential = function (id, type, credentialDetails) {
 /Users/infinite/Downloads/yasa-macos-arm64/express-gateway/lib/services/credentials/credential.service.js
  AffectedNodeName: credentialDetails
  38:  Var Pass:   credentialDetails = credentialDetails || {};
 /Users/infinite/Downloads/yasa-macos-arm64/express-gateway/lib/services/credentials/credential.service.js
  AffectedNodeName: validateNewCredentialProperties
  73:  CALL:          validateNewCredentialProperties(credentialConfig, credentialDetails)
 /Users/infinite/Downloads/yasa-macos-arm64/express-gateway/lib/services/credentials/credential.service.js
  AffectedNodeName: credentialDetail
  310: ARG PASS:  function validateNewCredentialProperties (credentialConfig, credentialDetail) {
 /Users/infinite/Downloads/yasa-macos-arm64/express-gateway/lib/services/credentials/credential.service.js
  AffectedNodeName: JSON.stringify
  312: SINK:    const credentialDetails = JSON.parse(JSON.stringify(credentialDetail));
2026-04-16 17:16:49.519 INFO 
-------------  2 :  taint_flow_js_input ------------- 
2026-04-16 17:16:49.519 INFO Description: JavaScript原生污点分析checker，会使用CallGraph边界制作entrypoint
2026-04-16 17:16:49.519 INFO File: /Users/infinite/Downloads/yasa-macos-arm64/express-gateway/lib/services/credentials/credential.service.js
2026-04-16 17:16:49.519 INFO Line 312: JSON.stringify(credentialDetail)
2026-04-16 17:16:49.519 INFO SINK RULE: JSON.stringify
2026-04-16 17:16:49.519 INFO SINK Attribute: NodejsDeserializationGadget
2026-04-16 17:16:49.519 INFO entrypoint: 
2026-04-16 17:16:49.519 INFO {
  filePath: '/credentials.js',
  functionName: undefined,
  attribute: 'fullCallGraphMade',
  type: 'functionCall',
  packageName: undefined,
  funcReceiverType: ''
}
2026-04-16 17:16:49.519 INFO Trace: 
2026-04-16 17:16:49.519 INFO  /credentials.js
  AffectedNodeName: req.body
  31:  SOURCE:            .insertCredential(consumer.id, req.body.type, req.body.credential)
 /credentials.js
  AffectedNodeName: <anonymousFunc_37_22_135_2>
  30:  CALL:          return services.credential
  31:  CALL:            .insertCredential(consumer.id, req.body.type, req.body.credential)
 /Users/infinite/Downloads/yasa-macos-arm64/express-gateway/lib/services/credentials/credential.service.js
  AffectedNodeName: credentialDetails
  37:  ARG PASS:  s.insertCredential = function (id, type, credentialDetails) {
 /Users/infinite/Downloads/yasa-macos-arm64/express-gateway/lib/services/credentials/credential.service.js
  AffectedNodeName: credentialDetails
  38:  Var Pass:   credentialDetails = credentialDetails || {};
 /Users/infinite/Downloads/yasa-macos-arm64/express-gateway/lib/services/credentials/credential.service.js
  AffectedNodeName: validateNewCredentialScopes
  72:  CALL:          validateNewCredentialScopes(credentialConfig, credentialDetails),
 /Users/infinite/Downloads/yasa-macos-arm64/express-gateway/lib/services/credentials/credential.service.js
  AffectedNodeName: JSON.stringify
  312: SINK:    const credentialDetails = JSON.parse(JSON.stringify(credentialDetail));
2026-04-16 17:16:49.520 INFO 
-------------  3 :  taint_flow_js_input ------------- 
2026-04-16 17:16:49.520 INFO Description: JavaScript原生污点分析checker，会使用CallGraph边界制作entrypoint
2026-04-16 17:16:49.520 INFO File: /Users/infinite/Downloads/yasa-macos-arm64/express-gateway/lib/services/credentials/credential.service.js
2026-04-16 17:16:49.520 INFO Line 312: JSON.stringify(credentialDetail)
2026-04-16 17:16:49.520 INFO SINK RULE: JSON.stringify
2026-04-16 17:16:49.520 INFO SINK Attribute: NodejsDeserializationGadget
2026-04-16 17:16:49.520 INFO entrypoint: 
2026-04-16 17:16:49.520 INFO {
  filePath: '/credentials.js',
  functionName: undefined,
  attribute: 'fullCallGraphMade',
  type: 'functionCall',
  packageName: undefined,
  funcReceiverType: ''
}
2026-04-16 17:16:49.520 INFO Trace: 
2026-04-16 17:16:49.520 INFO  /credentials.js
  AffectedNodeName: req.body
  31:  SOURCE:            .insertCredential(consumer.id, req.body.type, req.body.credential)
 /credentials.js
  AffectedNodeName: <anonymousFunc_37_22_135_2>
  30:  CALL:          return services.credential
  31:  CALL:            .insertCredential(consumer.id, req.body.type, req.body.credential)
 /Users/infinite/Downloads/yasa-macos-arm64/express-gateway/lib/services/credentials/credential.service.js
  AffectedNodeName: credentialDetails
  37:  ARG PASS:  s.insertCredential = function (id, type, credentialDetails) {
 /Users/infinite/Downloads/yasa-macos-arm64/express-gateway/lib/services/credentials/credential.service.js
  AffectedNodeName: credentialDetails
  38:  Var Pass:   credentialDetails = credentialDetails || {};
 /Users/infinite/Downloads/yasa-macos-arm64/express-gateway/lib/services/credentials/credential.service.js
  AffectedNodeName: validateNewCredentialProperties
  100: CALL:        validateNewCredentialProperties(credentialConfig, credentialDetails)
 /Users/infinite/Downloads/yasa-macos-arm64/express-gateway/lib/services/credentials/credential.service.js
  AffectedNodeName: credentialDetail
  310: ARG PASS:  function validateNewCredentialProperties (credentialConfig, credentialDetail) {
 /Users/infinite/Downloads/yasa-macos-arm64/express-gateway/lib/services/credentials/credential.service.js
  AffectedNodeName: JSON.stringify
  312: SINK:    const credentialDetails = JSON.parse(JSON.stringify(credentialDetail));
2026-04-16 17:16:49.520 INFO 
-------------  4 :  taint_flow_js_input ------------- 
2026-04-16 17:16:49.520 INFO Description: JavaScript原生污点分析checker，会使用CallGraph边界制作entrypoint
2026-04-16 17:16:49.521 INFO File: /Users/infinite/Downloads/yasa-macos-arm64/express-gateway/lib/services/credentials/credential.service.js
2026-04-16 17:16:49.521 INFO Line 312: JSON.stringify(credentialDetail)
2026-04-16 17:16:49.521 INFO SINK RULE: JSON.stringify
2026-04-16 17:16:49.521 INFO SINK Attribute: NodejsDeserializationGadget
2026-04-16 17:16:49.521 INFO entrypoint: 
2026-04-16 17:16:49.521 INFO {
  filePath: '/credentials.js',
  functionName: undefined,
  attribute: 'fullCallGraphMade',
  type: 'functionCall',
  packageName: undefined,
  funcReceiverType: ''
}
2026-04-16 17:16:49.521 INFO Trace: 
2026-04-16 17:16:49.521 INFO  /credentials.js
  AffectedNodeName: req.body
  31:  SOURCE:            .insertCredential(consumer.id, req.body.type, req.body.credential)
 /credentials.js
  AffectedNodeName: <anonymousFunc_37_22_135_2>
  30:  CALL:          return services.credential
  31:  CALL:            .insertCredential(consumer.id, req.body.type, req.body.credential)
 /Users/infinite/Downloads/yasa-macos-arm64/express-gateway/lib/services/credentials/credential.service.js
  AffectedNodeName: credentialDetails
  37:  ARG PASS:  s.insertCredential = function (id, type, credentialDetails) {
 /Users/infinite/Downloads/yasa-macos-arm64/express-gateway/lib/services/credentials/credential.service.js
  AffectedNodeName: credentialDetails
  38:  Var Pass:   credentialDetails = credentialDetails || {};
 /Users/infinite/Downloads/yasa-macos-arm64/express-gateway/lib/services/credentials/credential.service.js
  AffectedNodeName: JSON.stringify
  312: SINK:    const credentialDetails = JSON.parse(JSON.stringify(credentialDetail));
2026-04-16 17:16:49.521 INFO 
-------------  5 :  taint_flow_js_input ------------- 
2026-04-16 17:16:49.521 INFO Description: JavaScript原生污点分析checker，会使用CallGraph边界制作entrypoint
2026-04-16 17:16:49.521 INFO File: /Users/infinite/Downloads/yasa-macos-arm64/express-gateway/lib/services/credentials/credential.service.js
2026-04-16 17:16:49.521 INFO Line 312: JSON.stringify(credentialDetail)
2026-04-16 17:16:49.521 INFO SINK RULE: JSON.stringify
2026-04-16 17:16:49.521 INFO SINK Attribute: NodejsDeserializationGadget
2026-04-16 17:16:49.521 INFO entrypoint: 
2026-04-16 17:16:49.521 INFO {
  filePath: '/credentials.js',
  functionName: undefined,
  attribute: 'fullCallGraphMade',
  type: 'functionCall',
  packageName: undefined,
  funcReceiverType: ''
}
2026-04-16 17:16:49.521 INFO Trace: 
2026-04-16 17:16:49.521 INFO  /credentials.js
  AffectedNodeName: req.body
  31:  SOURCE:            .insertCredential(consumer.id, req.body.type, req.body.credential)
 /credentials.js
  AffectedNodeName: <anonymousFunc_37_22_135_2>
  30:  CALL:          return services.credential
  31:  CALL:            .insertCredential(consumer.id, req.body.type, req.body.credential)
 /Users/infinite/Downloads/yasa-macos-arm64/express-gateway/lib/services/credentials/credential.service.js
  AffectedNodeName: credentialDetails
  37:  ARG PASS:  s.insertCredential = function (id, type, credentialDetails) {
 /Users/infinite/Downloads/yasa-macos-arm64/express-gateway/lib/services/credentials/credential.service.js
  AffectedNodeName: credentialDetails
  38:  Var Pass:   credentialDetails = credentialDetails || {};
 /Users/infinite/Downloads/yasa-macos-arm64/express-gateway/lib/services/credentials/credential.service.js
  AffectedNodeName: validateAndHashPassword
  99:  CALL:        validateAndHashPassword(credentialConfig, credentialDetails),
 /Users/infinite/Downloads/yasa-macos-arm64/express-gateway/lib/services/credentials/credential.service.js
  AffectedNodeName: JSON.stringify
  312: SINK:    const credentialDetails = JSON.parse(JSON.stringify(credentialDetail));
2026-04-16 17:16:49.522 INFO 
-------------  6 :  taint_flow_js_input ------------- 
2026-04-16 17:16:49.522 INFO Description: JavaScript原生污点分析checker，会使用CallGraph边界制作entrypoint
2026-04-16 17:16:49.522 INFO File: /Users/infinite/Downloads/yasa-macos-arm64/express-gateway/lib/services/credentials/credential.service.js
2026-04-16 17:16:49.522 INFO Line 312: JSON.stringify(credentialDetail)
2026-04-16 17:16:49.522 INFO SINK RULE: JSON.stringify
2026-04-16 17:16:49.522 INFO SINK Attribute: NodejsDeserializationGadget
2026-04-16 17:16:49.522 INFO entrypoint: 
2026-04-16 17:16:49.522 INFO {
  filePath: '/credentials.js',
  functionName: undefined,
  attribute: 'fullCallGraphMade',
  type: 'functionCall',
  packageName: undefined,
  funcReceiverType: ''
}
2026-04-16 17:16:49.522 INFO Trace: 
2026-04-16 17:16:49.522 INFO  /credentials.js
  AffectedNodeName: req.body
  31:  SOURCE:            .insertCredential(consumer.id, req.body.type, req.body.credential)
 /credentials.js
  AffectedNodeName: <anonymousFunc_37_22_135_2>
  30:  CALL:          return services.credential
  31:  CALL:            .insertCredential(consumer.id, req.body.type, req.body.credential)
 /Users/infinite/Downloads/yasa-macos-arm64/express-gateway/lib/services/credentials/credential.service.js
  AffectedNodeName: type
  37:  ARG PASS:  s.insertCredential = function (id, type, credentialDetails) {
 /Users/infinite/Downloads/yasa-macos-arm64/express-gateway/lib/services/credentials/credential.service.js
  AffectedNodeName: JSON.stringify
  312: SINK:    const credentialDetails = JSON.parse(JSON.stringify(credentialDetail));
2026-04-16 17:16:49.522 INFO 
-------------  7 :  taint_flow_js_input ------------- 
2026-04-16 17:16:49.522 INFO Description: JavaScript原生污点分析checker，会使用CallGraph边界制作entrypoint
2026-04-16 17:16:49.522 INFO File: /Users/infinite/Downloads/yasa-macos-arm64/express-gateway/lib/services/credentials/credential.service.js
2026-04-16 17:16:49.522 INFO Line 242: JSON.stringify(newScopes)
2026-04-16 17:16:49.522 INFO SINK RULE: JSON.stringify
2026-04-16 17:16:49.522 INFO SINK Attribute: NodejsDeserializationGadget
2026-04-16 17:16:49.522 INFO entrypoint: 
2026-04-16 17:16:49.522 INFO {
  filePath: '/credentials.js',
  functionName: undefined,
  attribute: 'fullCallGraphMade',
  type: 'functionCall',
  packageName: undefined,
  funcReceiverType: ''
}
2026-04-16 17:16:49.522 INFO Trace: 
2026-04-16 17:16:49.522 INFO  /credentials.js
  AffectedNodeName: scope
  79:  Var Pass:      const { id, type, scope } = req.params;
 /credentials.js
  AffectedNodeName: <anonymousFunc_233_32_246_2>
  80:  CALL:      services.credential.removeScopesFromCredential(id, type, [scope])
 /Users/infinite/Downloads/yasa-macos-arm64/express-gateway/lib/services/credentials/credential.service.js
  AffectedNodeName: scopes
  233: ARG PASS:  s.removeScopesFromCredential = function (id, type, scopes) {
 /Users/infinite/Downloads/yasa-macos-arm64/express-gateway/lib/services/credentials/credential.service.js
  AffectedNodeName: [return value]
  240: Return Value:        const newScopes = credential.scopes.filter(val => scopes.indexOf(val) === -1);
 /Users/infinite/Downloads/yasa-macos-arm64/express-gateway/lib/services/credentials/credential.service.js
  AffectedNodeName: <anonymousFunc_240_50_240_83>
  240: CALL RETURN:       const newScopes = credential.scopes.filter(val => scopes.indexOf(val) === -1);
 /Users/infinite/Downloads/yasa-macos-arm64/express-gateway/lib/services/credentials/credential.service.js
  AffectedNodeName: newScopes
  240: Var Pass:        const newScopes = credential.scopes.filter(val => scopes.indexOf(val) === -1);
 /Users/infinite/Downloads/yasa-macos-arm64/express-gateway/lib/services/credentials/credential.service.js
  AffectedNodeName: JSON.stringify
  242: SINK:          credentialDao.updateCredential(id, type, { scopes: JSON.stringify(newScopes) }),
2026-04-16 17:16:49.523 INFO 
-------------  8 :  taint_flow_js_input ------------- 
2026-04-16 17:16:49.523 INFO Description: JavaScript原生污点分析checker，会使用CallGraph边界制作entrypoint
2026-04-16 17:16:49.523 INFO File: /Users/infinite/Downloads/yasa-macos-arm64/express-gateway/lib/services/credentials/credential.service.js
2026-04-16 17:16:49.523 INFO Line 255: JSON.stringify(scopes)
2026-04-16 17:16:49.523 INFO SINK RULE: JSON.stringify
2026-04-16 17:16:49.523 INFO SINK Attribute: NodejsDeserializationGadget
2026-04-16 17:16:49.523 INFO entrypoint: 
2026-04-16 17:16:49.523 INFO {
  filePath: '/credentials.js',
  functionName: undefined,
  attribute: 'fullCallGraphMade',
  type: 'functionCall',
  packageName: undefined,
  funcReceiverType: ''
}
2026-04-16 17:16:49.523 INFO Trace: 
2026-04-16 17:16:49.523 INFO  /credentials.js
  AffectedNodeName: req.body
  88:  SOURCE:      services.credential.setScopesForCredential(id, type, req.body.scopes)
 /credentials.js
  AffectedNodeName: <anonymousFunc_248_28_257_2>
  88:  CALL:      services.credential.setScopesForCredential(id, type, req.body.scopes)
 /Users/infinite/Downloads/yasa-macos-arm64/express-gateway/lib/services/credentials/credential.service.js
  AffectedNodeName: scopes
  248: ARG PASS:  s.setScopesForCredential = function (id, type, scopes) {
 /Users/infinite/Downloads/yasa-macos-arm64/express-gateway/lib/services/credentials/credential.service.js
  AffectedNodeName: JSON.stringify
  255: SINK:        return credentialDao.updateCredential(id, type, { scopes: JSON.stringify(scopes) });
2026-04-16 17:16:49.523 INFO 
-------------  9 :  taint_flow_js_input ------------- 
2026-04-16 17:16:49.523 INFO Description: JavaScript原生污点分析checker，会使用CallGraph边界制作entrypoint
2026-04-16 17:16:49.523 INFO File: /schemas.js
2026-04-16 17:16:49.523 INFO Line 9: res.json(schemas.find(param))
2026-04-16 17:16:49.523 INFO SINK RULE: res.json
2026-04-16 17:16:49.523 INFO SINK Attribute: NodejsResponseWrite
2026-04-16 17:16:49.523 INFO entrypoint: 
2026-04-16 17:16:49.523 INFO {
  filePath: '/schemas.js',
  functionName: undefined,
  attribute: 'fullCallGraphMade',
  type: 'functionCall',
  packageName: undefined,
  funcReceiverType: ''
}
2026-04-16 17:16:49.523 INFO Trace: 
2026-04-16 17:16:49.523 INFO  /schemas.js
  AffectedNodeName: param
  8:   Var Pass:      const { param } = req.params;
 /schemas.js
  AffectedNodeName: find
  9:   CALL:      res.json(schemas.find(param));
 /schemas.js
  AffectedNodeName: find
  9:   CALL RETURN:     res.json(schemas.find(param));
 /schemas.js
  AffectedNodeName: res.json
  9:   SINK:      res.json(schemas.find(param));
2026-04-16 17:16:49.524 INFO 
-------------  10 :  taint_flow_js_input ------------- 
2026-04-16 17:16:49.524 INFO Description: JavaScript原生污点分析checker，会使用CallGraph边界制作entrypoint
2026-04-16 17:16:49.524 INFO File: /schemas.js
2026-04-16 17:16:49.524 INFO Line 9: res.json(schemas.find(param))
2026-04-16 17:16:49.524 INFO SINK RULE: res.json
2026-04-16 17:16:49.524 INFO SINK Attribute: NodejsResponseWrite
2026-04-16 17:16:49.524 INFO entrypoint: 
2026-04-16 17:16:49.524 INFO {
  filePath: '/schemas.js',
  functionName: undefined,
  attribute: 'fullCallGraphMade',
  type: 'functionCall',
  packageName: undefined,
  funcReceiverType: ''
}
2026-04-16 17:16:49.524 INFO Trace: 
2026-04-16 17:16:49.524 INFO  /Users/infinite/Downloads/yasa-macos-arm64/express-gateway/lib/logger.js
  AffectedNodeName: process.env
  14:  SOURCE:    level: process.env.LOG_LEVEL || 'info',
 /schemas.js
  AffectedNodeName: res.json
  9:   SINK:      res.json(schemas.find(param));
2026-04-16 17:16:49.524 INFO 
-------------  11 :  taint_flow_js_input ------------- 
2026-04-16 17:16:49.524 INFO Description: JavaScript原生污点分析checker，会使用CallGraph边界制作entrypoint
2026-04-16 17:16:49.524 INFO File: /scopes.js
2026-04-16 17:16:49.524 INFO Line 32: res.json({scope:req.params.scope})
2026-04-16 17:16:49.524 INFO SINK RULE: res.json
2026-04-16 17:16:49.524 INFO SINK Attribute: NodejsResponseWrite
2026-04-16 17:16:49.524 INFO entrypoint: 
2026-04-16 17:16:49.524 INFO {
  filePath: '/scopes.js',
  functionName: undefined,
  attribute: 'fullCallGraphMade',
  type: 'functionCall',
  packageName: undefined,
  funcReceiverType: ''
}
2026-04-16 17:16:49.524 INFO Trace: 
2026-04-16 17:16:49.524 INFO  /scopes.js
  AffectedNodeName: req.params
  32:  SOURCE:          res.json({ scope: req.params.scope });
 /scopes.js
  AffectedNodeName: res.json
  32:  SINK:          res.json({ scope: req.params.scope });
2026-04-16 17:16:49.524 INFO 
-------------  12 :  taint_flow_js_input ------------- 
2026-04-16 17:16:49.524 INFO Description: JavaScript原生污点分析checker，会使用CallGraph边界制作entrypoint
2026-04-16 17:16:49.524 INFO File: /Users/infinite/Downloads/yasa-macos-arm64/express-gateway/lib/services/credentials/credential.dao.js
2026-04-16 17:16:49.524 INFO Line 86: JSON.stringify(newScopes)
2026-04-16 17:16:49.524 INFO SINK RULE: JSON.stringify
2026-04-16 17:16:49.524 INFO SINK Attribute: NodejsDeserializationGadget
2026-04-16 17:16:49.524 INFO entrypoint: 
2026-04-16 17:16:49.524 INFO {
  filePath: '/scopes.js',
  functionName: undefined,
  attribute: 'fullCallGraphMade',
  type: 'functionCall',
  packageName: undefined,
  funcReceiverType: ''
}
2026-04-16 17:16:49.525 INFO Trace: 
2026-04-16 17:16:49.525 INFO  /scopes.js
  AffectedNodeName: req.params
  47:  SOURCE:      credentialSrv.removeScopes(req.params.scope)
 /scopes.js
  AffectedNodeName: <anonymousFunc_25_18_27_2>
  47:  CALL:      credentialSrv.removeScopes(req.params.scope)
 /Users/infinite/Downloads/yasa-macos-arm64/express-gateway/lib/services/credentials/credential.service.js
  AffectedNodeName: scopes
  25:  ARG PASS:  s.removeScopes = function (scopes) {
 /Users/infinite/Downloads/yasa-macos-arm64/express-gateway/lib/services/credentials/credential.service.js
  AffectedNodeName: <anonymousFunc_39_20_94_2>
  26:  CALL:    return credentialDao.removeScopes(scopes).then(v => !!v);
 /Users/infinite/Downloads/yasa-macos-arm64/express-gateway/lib/services/credentials/credential.dao.js
  AffectedNodeName: scopes
  39:  ARG PASS:  dao.removeScopes = function (scopes) {
 /Users/infinite/Downloads/yasa-macos-arm64/express-gateway/lib/services/credentials/credential.dao.js
  AffectedNodeName: scopes
  43:  Var Pass:   scopes = Array.isArray(scopes) ? scopes : [scopes];
 /Users/infinite/Downloads/yasa-macos-arm64/express-gateway/lib/services/credentials/credential.dao.js
  AffectedNodeName: removeScopesTransaction
  45:  Var Pass:   removeScopesTransaction = db
  46:  Var Pass:     .multi()
  47:  Var Pass:     .hdel(scopeDbKey, scopes);
 /Users/infinite/Downloads/yasa-macos-arm64/express-gateway/lib/services/credentials/credential.dao.js
  AffectedNodeName: removeScopesTransaction
  52:  Var Pass:     removeScopesTransaction = removeScopesTransaction.del(buildScopeKey(scope));
 /Users/infinite/Downloads/yasa-macos-arm64/express-gateway/lib/services/credentials/credential.dao.js
  AffectedNodeName: [return value]
  85:  Return Value:                newScopes = credentialScopes.filter(scope => scopes.indexOf(scope) === -1);
 /Users/infinite/Downloads/yasa-macos-arm64/express-gateway/lib/services/credentials/credential.dao.js
  AffectedNodeName: <anonymousFunc_85_51_85_88>
  85:  CALL RETURN:               newScopes = credentialScopes.filter(scope => scopes.indexOf(scope) === -1);
 /Users/infinite/Downloads/yasa-macos-arm64/express-gateway/lib/services/credentials/credential.dao.js
  AffectedNodeName: newScopes
  85:  Var Pass:               newScopes = credentialScopes.filter(scope => scopes.indexOf(scope) === -1);
 /Users/infinite/Downloads/yasa-macos-arm64/express-gateway/lib/services/credentials/credential.dao.js
  AffectedNodeName: JSON.stringify
  86:  SINK:                removeScopesTransaction = removeScopesTransaction.hmset(credentialId, { scopes: JSON.stringify(newScopes) });
2026-04-16 17:16:49.525 INFO 
-------------  13 :  taint_flow_js_input ------------- 
2026-04-16 17:16:49.525 INFO Description: JavaScript原生污点分析checker，会使用CallGraph边界制作entrypoint
2026-04-16 17:16:49.525 INFO File: /Users/infinite/Downloads/yasa-macos-arm64/express-gateway/lib/db.js
2026-04-16 17:16:49.525 INFO Line 12: fs.readFileSync(redisOptions.tls.keyFile)
2026-04-16 17:16:49.525 INFO SINK RULE: fs.readFileSync
2026-04-16 17:16:49.525 INFO SINK Attribute: NodejsFileOperator
2026-04-16 17:16:49.525 INFO entrypoint: 
2026-04-16 17:16:49.525 INFO {
  filePath: '/Users/infinite/Downloads/yasa-macos-arm64/express-gateway/lib/db.js',
  functionName: undefined,
  attribute: 'fullfileManagerMade',
  type: 'fileBegin',
  packageName: undefined,
  funcReceiverType: ''
}
2026-04-16 17:16:49.526 INFO Trace: 
2026-04-16 17:16:49.526 INFO  /Users/infinite/Downloads/yasa-macos-arm64/express-gateway/lib/db.js
  AffectedNodeName: process.argv
  8:   SOURCE:  const emulate = process.argv[2] === 'emulate' || redisOptions.emulate;
 /Users/infinite/Downloads/yasa-macos-arm64/express-gateway/lib/db.js
  AffectedNodeName: fs.readFileSync
  12:  SINK:      redisOptions.tls.key = fs.readFileSync(redisOptions.tls.keyFile);
2026-04-16 17:16:49.526 INFO 
-------------  14 :  taint_flow_js_input ------------- 
2026-04-16 17:16:49.526 INFO Description: JavaScript原生污点分析checker，会使用CallGraph边界制作entrypoint
2026-04-16 17:16:49.526 INFO File: /Users/infinite/Downloads/yasa-macos-arm64/express-gateway/lib/db.js
2026-04-16 17:16:49.526 INFO Line 12: fs.readFileSync(redisOptions.tls.keyFile)
2026-04-16 17:16:49.526 INFO SINK RULE: fs.readFileSync
2026-04-16 17:16:49.526 INFO SINK Attribute: NodejsFileOperator
2026-04-16 17:16:49.526 INFO entrypoint: 
2026-04-16 17:16:49.526 INFO {
  filePath: '/Users/infinite/Downloads/yasa-macos-arm64/express-gateway/lib/db.js',
  functionName: undefined,
  attribute: 'fullfileManagerMade',
  type: 'fileBegin',
  packageName: undefined,
  funcReceiverType: ''
}
2026-04-16 17:16:49.526 INFO Trace: 
2026-04-16 17:16:49.526 INFO  /Users/infinite/Downloads/yasa-macos-arm64/express-gateway/lib/db.js
  AffectedNodeName: process.argv
  8:   SOURCE:  const emulate = process.argv[2] === 'emulate' || redisOptions.emulate;
 /Users/infinite/Downloads/yasa-macos-arm64/express-gateway/lib/db.js
  AffectedNodeName: emulate
  8:   Var Pass:  const emulate = process.argv[2] === 'emulate' || redisOptions.emulate;
 /Users/infinite/Downloads/yasa-macos-arm64/express-gateway/lib/db.js
  AffectedNodeName: fs.readFileSync
  12:  SINK:      redisOptions.tls.key = fs.readFileSync(redisOptions.tls.keyFile);
2026-04-16 17:16:49.526 INFO 
-------------  15 :  taint_flow_js_input ------------- 
2026-04-16 17:16:49.526 INFO Description: JavaScript原生污点分析checker，会使用CallGraph边界制作entrypoint
2026-04-16 17:16:49.526 INFO File: /Users/infinite/Downloads/yasa-macos-arm64/express-gateway/lib/db.js
2026-04-16 17:16:49.526 INFO Line 16: fs.readFileSync(redisOptions.tls.certFile)
2026-04-16 17:16:49.526 INFO SINK RULE: fs.readFileSync
2026-04-16 17:16:49.526 INFO SINK Attribute: NodejsFileOperator
2026-04-16 17:16:49.526 INFO entrypoint: 
2026-04-16 17:16:49.526 INFO {
  filePath: '/Users/infinite/Downloads/yasa-macos-arm64/express-gateway/lib/db.js',
  functionName: undefined,
  attribute: 'fullfileManagerMade',
  type: 'fileBegin',
  packageName: undefined,
  funcReceiverType: ''
}
2026-04-16 17:16:49.526 INFO Trace: 
2026-04-16 17:16:49.526 INFO  /Users/infinite/Downloads/yasa-macos-arm64/express-gateway/lib/db.js
  AffectedNodeName: process.argv
  8:   SOURCE:  const emulate = process.argv[2] === 'emulate' || redisOptions.emulate;
 /Users/infinite/Downloads/yasa-macos-arm64/express-gateway/lib/db.js
  AffectedNodeName: fs.readFileSync
  16:  SINK:      redisOptions.tls.cert = fs.readFileSync(redisOptions.tls.certFile);
2026-04-16 17:16:49.527 INFO 
-------------  16 :  taint_flow_js_input ------------- 
2026-04-16 17:16:49.527 INFO Description: JavaScript原生污点分析checker，会使用CallGraph边界制作entrypoint
2026-04-16 17:16:49.527 INFO File: /Users/infinite/Downloads/yasa-macos-arm64/express-gateway/lib/db.js
2026-04-16 17:16:49.527 INFO Line 16: fs.readFileSync(redisOptions.tls.certFile)
2026-04-16 17:16:49.527 INFO SINK RULE: fs.readFileSync
2026-04-16 17:16:49.527 INFO SINK Attribute: NodejsFileOperator
2026-04-16 17:16:49.527 INFO entrypoint: 
2026-04-16 17:16:49.527 INFO {
  filePath: '/Users/infinite/Downloads/yasa-macos-arm64/express-gateway/lib/db.js',
  functionName: undefined,
  attribute: 'fullfileManagerMade',
  type: 'fileBegin',
  packageName: undefined,
  funcReceiverType: ''
}
2026-04-16 17:16:49.527 INFO Trace: 
2026-04-16 17:16:49.527 INFO  /Users/infinite/Downloads/yasa-macos-arm64/express-gateway/lib/db.js
  AffectedNodeName: process.argv
  8:   SOURCE:  const emulate = process.argv[2] === 'emulate' || redisOptions.emulate;
 /Users/infinite/Downloads/yasa-macos-arm64/express-gateway/lib/db.js
  AffectedNodeName: emulate
  8:   Var Pass:  const emulate = process.argv[2] === 'emulate' || redisOptions.emulate;
 /Users/infinite/Downloads/yasa-macos-arm64/express-gateway/lib/db.js
  AffectedNodeName: redisOptions.tls.key
  12:  Var Pass:     redisOptions.tls.key = fs.readFileSync(redisOptions.tls.keyFile);
 /Users/infinite/Downloads/yasa-macos-arm64/express-gateway/lib/db.js
  AffectedNodeName: fs.readFileSync
  16:  SINK:      redisOptions.tls.cert = fs.readFileSync(redisOptions.tls.certFile);
2026-04-16 17:16:49.527 INFO 
-------------  17 :  taint_flow_js_input ------------- 
2026-04-16 17:16:49.527 INFO Description: JavaScript原生污点分析checker，会使用CallGraph边界制作entrypoint
2026-04-16 17:16:49.527 INFO File: /Users/infinite/Downloads/yasa-macos-arm64/express-gateway/lib/db.js
2026-04-16 17:16:49.527 INFO Line 20: fs.readFileSync(redisOptions.tls.caFile)
2026-04-16 17:16:49.527 INFO SINK RULE: fs.readFileSync
2026-04-16 17:16:49.527 INFO SINK Attribute: NodejsFileOperator
2026-04-16 17:16:49.527 INFO entrypoint: 
2026-04-16 17:16:49.527 INFO {
  filePath: '/Users/infinite/Downloads/yasa-macos-arm64/express-gateway/lib/db.js',
  functionName: undefined,
  attribute: 'fullfileManagerMade',
  type: 'fileBegin',
  packageName: undefined,
  funcReceiverType: ''
}
2026-04-16 17:16:49.527 INFO Trace: 
2026-04-16 17:16:49.527 INFO  /Users/infinite/Downloads/yasa-macos-arm64/express-gateway/lib/db.js
  AffectedNodeName: process.argv
  8:   SOURCE:  const emulate = process.argv[2] === 'emulate' || redisOptions.emulate;
 /Users/infinite/Downloads/yasa-macos-arm64/express-gateway/lib/db.js
  AffectedNodeName: fs.readFileSync
  20:  SINK:      redisOptions.tls.ca = fs.readFileSync(redisOptions.tls.caFile);
2026-04-16 17:16:49.527 INFO 
-------------  18 :  taint_flow_js_input ------------- 
2026-04-16 17:16:49.527 INFO Description: JavaScript原生污点分析checker，会使用CallGraph边界制作entrypoint
2026-04-16 17:16:49.527 INFO File: /Users/infinite/Downloads/yasa-macos-arm64/express-gateway/lib/db.js
2026-04-16 17:16:49.527 INFO Line 20: fs.readFileSync(redisOptions.tls.caFile)
2026-04-16 17:16:49.527 INFO SINK RULE: fs.readFileSync
2026-04-16 17:16:49.527 INFO SINK Attribute: NodejsFileOperator
2026-04-16 17:16:49.527 INFO entrypoint: 
2026-04-16 17:16:49.527 INFO {
  filePath: '/Users/infinite/Downloads/yasa-macos-arm64/express-gateway/lib/db.js',
  functionName: undefined,
  attribute: 'fullfileManagerMade',
  type: 'fileBegin',
  packageName: undefined,
  funcReceiverType: ''
}
2026-04-16 17:16:49.527 INFO Trace: 
2026-04-16 17:16:49.527 INFO  /Users/infinite/Downloads/yasa-macos-arm64/express-gateway/lib/db.js
  AffectedNodeName: process.argv
  8:   SOURCE:  const emulate = process.argv[2] === 'emulate' || redisOptions.emulate;
 /Users/infinite/Downloads/yasa-macos-arm64/express-gateway/lib/db.js
  AffectedNodeName: emulate
  8:   Var Pass:  const emulate = process.argv[2] === 'emulate' || redisOptions.emulate;
 /Users/infinite/Downloads/yasa-macos-arm64/express-gateway/lib/db.js
  AffectedNodeName: redisOptions.tls.key
  12:  Var Pass:     redisOptions.tls.key = fs.readFileSync(redisOptions.tls.keyFile);
 /Users/infinite/Downloads/yasa-macos-arm64/express-gateway/lib/db.js
  AffectedNodeName: redisOptions.tls.cert
  16:  Var Pass:     redisOptions.tls.cert = fs.readFileSync(redisOptions.tls.certFile);
 /Users/infinite/Downloads/yasa-macos-arm64/express-gateway/lib/db.js
  AffectedNodeName: fs.readFileSync
  20:  SINK:      redisOptions.tls.ca = fs.readFileSync(redisOptions.tls.caFile);
2026-04-16 17:16:49.527 INFO ==========================================================
2026-04-16 17:16:49.527 INFO   # Total-findings : 18
2026-04-16 17:16:49.527 INFO ========================================================== 

2026-04-16 17:16:49.531 INFO report is write to report/report.sarif
2026-04-16 17:16:49.531 INFO analyze done
2026-04-16 17:16:49.531 INFO [YASA] Execution completed, cost: 16151ms, heap: 282.27/308.38 MB, rss: 365.33 MB, arrayBuffers: 0.27 MB
